,rb?,te?,age,max_ppg,last_pts,3_yr_trail_avg_fppg,hit_rate,Draft Pick,Breakout Age,cdr,id,year
0,1,0,24.1,10.9176,10.9176,7.2906,0.0,2.3,19.3,34.8,A.J. Dillon,2022.0
1,1,0,27.5,19.7,15.2667,17.819866666666666,1.0,5.39,18.8,47.0,Aaron Jones,2022.0
2,1,0,29.4,,,,,6.3,,3.9,Aaron Ripkowski,2022.0
3,1,0,37.2,9.8,6.65,8.077066666666667,0.0,1.07,19.5,42.7,Adrian Peterson,2022.0
4,1,0,36.2,,,,,7.4,18.5,46.3,Ahmad Bradshaw,2022.0
5,1,0,29.3,,,,,,20.5,27.1,Akeem Hunt,2022.0
6,1,0,25.9,2.7,,2.1500000000000004,0.0,,,10.1,Alec Ingold,2022.0
7,1,0,28.0,1.2,,0.8999999999999999,0.0,6.08,,3.2,Alex Armah,2022.0
8,1,0,27.8,7.0333,6.2545,6.6439,0.0,5.34,19.0,29.9,Alex Collins,2022.0
9,1,0,23.9,7.8688,7.8688,6.6178,0.0,3.38,19.2,28.7,Alexander Mattison,2022.0
10,1,0,35.4,,,,,,,8.6,Alfonso Smith,2022.0
11,1,0,31.1,,,,,6.05,21.4,14.4,Alfred Blue,2022.0
12,1,0,33.5,4.5222,,2.4611,0.0,6.03,20.7,50.0,Alfred Morris,2022.0
13,1,0,29.6,,,,,,18.8,22.5,Alonzo Harris,2022.0
14,1,0,26.9,25.1867,18.0538,20.346833333333333,1.0,3.03,20.1,23.3,Alvin Kamara,2022.0
15,1,0,29.0,5.2647,5.2647,3.3132333333333333,0.0,2.22,19.2,34.6,Ameer Abdullah,2022.0
16,1,0,33.3,,,,,6.19,21.6,26.0,Andre Ellington,2022.0
17,1,0,29.8,,,,,4.13,19.0,44.8,Andre Williams,2022.0
18,1,0,29.0,3.8,,2.15,0.0,6.01,,5.7,Andy Janovich,2022.0
19,1,0,34.7,,,,,6.04,19.0,41.5,Anthony Dixon,2022.0
20,1,0,23.8,2.0636,1.2,1.6318000000000001,0.0,4.18,20.1,22.4,Anthony McFarland,2022.0
21,1,0,33.5,2.1,,1.7000000000000002,0.0,5.05,,3.4,Anthony Sherman,2022.0
22,1,0,36.7,,,,,,21.0,27.0,Antone Smith,2022.0
23,1,0,30.6,,,,,,20.9,35.8,Antonio Andrews,2022.0
24,1,0,23.9,14.4429,14.3188,14.380849999999999,0.0,3.02,21.2,17.4,Antonio Gibson,2022.0
25,1,0,35.8,,,,,,19.0,21.0,Arian Foster,2022.0
26,1,0,26.0,1.88,0.0,0.94,0.0,,20.3,17.4,Artavis Pierce,2022.0
27,1,0,27.0,21.4875,21.4875,19.105833333333333,1.0,,18.3,45.7,Austin Ekeler,2022.0
28,1,0,33.0,,,,,,,1.6,Austin Johnson,2022.0
29,1,0,25.8,4.75,4.75,2.875,0.0,,21.1,23.6,Austin Walter,2022.0
30,1,0,33.8,,,,,2.26,19.0,23.4,Ben Tate,2022.0
31,1,0,31.9,,,,,,21.2,38.6,Benny Cunningham,2022.0
32,1,0,24.3,5.3,0.7706,3.583966666666667,0.0,4.2,18.5,38.6,Benny Snell,2022.0
33,1,0,32.1,,,,,3.21,19.3,46.5,Bernard Pierce,2022.0
34,1,0,33.6,2.8,,2.8,0.0,4.29,20.9,37.2,Bilal Powell,2022.0
35,1,0,29.7,,,,,2.22,20.0,36.8,Bishop Sankey,2022.0
36,1,0,25.7,7.2,,5.15,0.0,7.18,19.9,14.9,Bo Scarbrough,2022.0
37,1,0,34.6,,,,,,21.9,48.2,Bobby Rainey,2022.0
38,1,0,27.1,10.8,6.1625,7.645833333333333,0.0,6.27,22.4,23.3,Boston Scott,2022.0
39,1,0,28.6,,,,,,21.9,15.3,Bralon Addison,2022.0
40,1,0,31.1,,,,,,20.3,38.3,Branden Oliver,2022.0
41,1,0,32.3,7.3,7.3,5.35,0.0,,20.6,29.0,Brandon Bolden,2022.0
42,1,0,28.6,,,,,,18.8,28.0,Brandon Burks,2022.0
43,1,0,28.9,,,,,,22.1,15.8,Brandon Wilds,2022.0
44,1,0,26.6,6.7,0.0,4.220833333333334,0.0,5.12,18.8,34.2,Brian Hill,2022.0
45,1,0,29.4,,,,,,19.7,20.5,Bronson Hill,2022.0
46,1,0,31.1,,,,,7.22,,11.1,Bryce Brown,2022.0
47,1,0,26.2,0.55,0.11,0.32,0.0,,20.4,17.8,Buddy Howell,2022.0
48,1,0,28.3,,,,,,19.6,13.4,Byron Marshall,2022.0
49,1,0,31.3,2.1,,2.1,0.0,,20.6,18.2,C.J. Anderson,2022.0
50,1,0,28.9,2.9,,2.5,0.0,,20.1,29.9,C.J. Ham,2022.0
51,1,0,28.0,3.6,,2.435,0.0,3.27,21.3,26.2,C.J. Prosise,2022.0
52,1,0,34.8,,,,,1.09,19.1,33.8,C.J. Spiller,2022.0
53,1,0,22.9,7.8308,4.3,6.0654,0.0,2.2,18.2,39.8,Cam Akers,2022.0
54,1,0,31.9,,,,,5.38,24.2,25.7,Cameron Artis-Payne,2022.0
55,1,0,31.7,9.6,3.8167,7.302233333333334,0.0,2.25,21.0,29.8,Carlos Hyde,2022.0
56,1,0,35.6,,,,,6.12,20.9,31.8,Cedric Peerman,2022.0
57,1,0,31.0,,,,,,21.3,24.9,Charcandrick West,2022.0
58,1,0,31.7,,,,,3.05,19.0,35.8,Charles Sims,2022.0
59,1,0,26.1,11.9417,11.9417,10.247233333333334,0.0,4.34,18.4,34.1,Chase Edmonds,2022.0
60,1,0,27.7,15.65,12.025,14.391666666666666,0.6666666666666666,7.31,22.0,14.6,Chris Carson,2022.0
61,1,0,24.7,3.5571,3.5571,3.5571,0.0,6.18,19.9,12.6,Chris Evans,2022.0
62,1,0,34.2,,,,,,21.5,14.2,Chris Ivory,2022.0
63,1,0,36.7,,,,,1.24,19.0,42.5,Chris Johnson,2022.0
64,1,0,36.1,,,,,7.02,,12.5,Chris Ogbonnaya,2022.0
65,1,0,32.5,,,,,,19.7,31.6,Chris Polk,2022.0
66,1,0,31.6,8.5,,6.9125,0.0,5.21,19.9,17.7,Chris Thompson,2022.0
67,1,0,26.0,30.1333,18.2143,25.88253333333334,1.0,1.08,19.2,50.7,Christian McCaffrey,2022.0
68,1,0,31.6,,,,,2.3,18.8,17.6,Christine Michael,2022.0
69,1,0,23.0,8.0941,8.0941,8.0941,0.0,4.21,20.2,32.6,Chuba Hubbard,2022.0
70,1,0,31.3,,,,,,20.5,18.3,Cierre Wood,2022.0
71,1,0,23.1,13.5385,11.76,12.64925,0.0,1.32,19.4,17.9,Clyde Edwards-Helaire,2022.0
72,1,0,31.2,14.6625,14.6625,7.0,0.0,1.29,21.5,17.1,Cordarrelle Patterson,2022.0
73,1,0,27.6,1.7,1.7,0.36666666666666664,0.0,,18.8,33.1,Corey Clement,2022.0
74,1,0,30.5,,,,,,,8.2,Corey Grant,2022.0
75,1,0,26.0,7.04,7.04,3.945,0.0,,20.2,29.7,Craig Reynolds,2022.0
76,1,0,32.5,,,,,6.12,20.8,27.2,Cyrus Gray,2022.0
77,1,0,23.4,16.0692,16.0692,15.334599999999998,0.5,2.03,19.6,21.1,D'Andre Swift,2022.0
78,1,0,26.3,6.1235,6.1235,3.112,0.0,,20.5,16.2,D'Ernest Johnson,2022.0
79,1,0,26.1,10.4333,10.4333,6.633299999999999,0.0,3.25,19.4,36.5,D'Onta Foreman,2022.0
80,1,0,28.5,0.19,,0.095,0.0,,19.8,18.8,D.J. Foster,2022.0
81,1,0,26.8,24.1286,15.8692,20.299266666666664,1.0,2.09,19.1,38.8,Dalvin Cook,2022.0
82,1,0,27.5,1.3,,1.3,0.0,,22.7,21.5,Dalyn Dawkins,2022.0
83,1,0,24.4,0.0583,0.0583,0.0583,0.0,,18.7,18.0,Damarea Crockett,2022.0
84,1,0,25.3,14.0067,14.0067,8.112233333333334,0.0,3.23,20.6,14.7,Damien Harris,2022.0
85,1,0,30.2,12.8,5.0583,8.92915,0.0,,20.4,20.0,Damien Williams,2022.0
86,1,0,33.2,,,,,6.21,19.5,24.4,Dan Herron,2022.0
87,1,0,28.6,1.9,,1.9,0.0,6.22,,12.5,Dan Vitale,2022.0
88,1,0,29.6,,,,,7.16,21.9,15.8,Daniel Lasco,2022.0
89,1,0,34.6,,,,,2.3,21.9,36.0,Daniel Thomas,2022.0
90,1,0,37.4,,,,,,19.6,52.0,Danny Woodhead,2022.0
91,1,0,28.1,4.7,2.9471,3.2609333333333335,0.0,,21.3,17.2,Dare Ogunbowale,2022.0
92,1,0,25.0,0.0,0.0,0.0,0.0,,21.3,15.7,Darius Bradwell,2022.0
93,1,0,28.5,,,,,6.41,21.8,35.1,Darius Jackson,2022.0
94,1,0,27.1,11.5294,11.5294,7.740566666666666,0.0,,22.4,21.5,Darrel Williams,2022.0
95,1,0,24.8,13.6167,13.6167,8.2678,0.0,3.06,20.0,33.9,Darrell Henderson,2022.0
96,1,0,34.8,,,,,1.04,18.0,32.1,Darren McFadden,2022.0
97,1,0,39.0,2.5,,2.5,0.0,4.29,19.2,34.1,Darren Sproles,2022.0
98,1,0,29.1,,,,,,19.4,32.4,Darrin Reaves,2022.0
99,1,0,23.9,3.8,3.8,3.51,0.0,3.29,20.2,31.5,Darrynton Evans,2022.0
100,1,0,25.3,3.2,,2.7857000000000003,0.0,6.41,21.6,24.7,Darwin Thompson,2022.0
101,1,0,32.1,,,,,7.45,19.4,28.4,Daryl Richardson,2022.0
102,1,0,29.0,,,,,5.02,20.3,34.0,David Cobb,2022.0
103,1,0,30.3,,,,,,20.6,32.7,David Fluellen,2022.0
104,1,0,30.5,14.9583,6.2538,11.004033333333332,0.0,3.22,19.7,43.2,David Johnson,2022.0
105,1,0,25.0,17.6533,15.0769,14.476733333333334,0.6666666666666666,3.09,20.2,30.5,David Montgomery,2022.0
106,1,0,28.0,,,,,7.08,23.2,21.1,David Williams,2022.0
107,1,0,29.5,,,,,6.19,21.8,40.2,De'Angelo Henderson,2022.0
108,1,0,26.8,0.6,,0.6,0.0,,21.0,28.6,De'Lance Turner,2022.0
109,1,0,27.6,,,,,,19.8,17.2,De'Veon Smith,2022.0
110,1,0,29.3,7.6,,5.9375,0.0,5.04,21.5,23.4,DeAndre Washington,2022.0
111,1,0,39.1,,,,,1.27,19.4,51.3,DeAngelo Williams,2022.0
112,1,0,34.3,,,,,3.07,19.6,29.8,DeMarco Murray,2022.0
113,1,0,23.7,4.7417,3.5353,4.1385,0.0,4.38,21.0,26.5,DeeJay Dallas,2022.0
114,1,0,23.3,1.1375,1.1375,1.1375,0.0,,19.5,19.9,Deon Jackson,2022.0
115,1,0,29.6,1.7,,1.7,0.0,6.23,,2.1,Derek Watt,2022.0
116,1,0,31.6,,,,,,19.9,20.9,Derrick Coleman,2022.0
117,1,0,26.0,5.1,5.1,5.1,0.0,,22.3,15.1,Derrick Gore,2022.0
118,1,0,28.4,24.1625,24.1625,21.5271,1.0,2.14,20.7,43.5,Derrick Henry,2022.0
119,1,0,24.9,11.5,,11.5,0.0,2.27,19.2,32.2,Derrius Guice,2022.0
120,1,0,28.2,,,,,,20.5,34.0,Detrez Newsome,2022.0
121,1,0,28.0,,,,,7.2,21.3,17.5,Devante Mays,2022.0
122,1,0,24.7,12.3,11.6353,10.9701,0.0,3.1,19.0,36.1,Devin Singletary,2022.0
123,1,0,25.7,8.0,0.4667,3.3764,0.0,,21.9,25.5,Devine Ozigbo,2022.0
124,1,0,30.2,14.1,9.1625,10.154166666666667,0.0,4.03,19.5,17.8,Devonta Freeman,2022.0
125,1,0,30.0,9.0062,9.0062,5.254166666666666,0.0,4.38,22.3,40.1,Devontae Booker,2022.0
126,1,0,33.8,,,,,2.04,18.0,28.6,Dexter McCluster,2022.0
127,1,0,25.4,0.6,,0.43335,0.0,6.21,21.7,21.5,Dexter Williams,2022.0
128,1,0,31.7,4.4,,3.9875000000000003,0.0,5.18,18.9,35.2,Dion Lewis,2022.0
129,1,0,28.7,,,,,,21.0,23.4,Don Jackson,2022.0
130,1,0,35.1,,,,,1.27,19.4,52.0,Donald Brown,2022.0
131,1,0,27.3,9.0875,9.0875,4.281533333333333,0.0,,19.5,29.1,Dontrell Hilliard,2022.0
132,1,0,33.4,,,,,1.31,20.6,24.3,Doug Martin,2022.0
133,1,0,30.8,,,,,3.33,18.1,32.3,Dri Archer,2022.0
134,1,0,33.7,,,,,,20.0,19.2,DuJuan Harris,2022.0
135,1,0,28.7,11.82,11.82,9.697566666666667,0.0,3.13,19.0,33.0,Duke Johnson,2022.0
136,1,0,28.1,1.5,0.3429,0.6597666666666667,0.0,7.15,20.4,20.1,Dwayne Washington,2022.0
137,1,0,32.0,,,,,2.29,21.3,26.1,Eddie Lacy,2022.0
138,1,0,31.0,,,,,7.43,19.3,19.3,Edwin Baker,2022.0
139,1,0,23.7,0.0,,0.0,0.0,,,13.6,Elijah Holyfield,2022.0
140,1,0,28.0,,,,,6.04,19.3,32.1,Elijah McGuire,2022.0
141,1,0,24.1,15.0,15.0,15.0,0.0,6.1,19.3,24.5,Elijah Mitchell,2022.0
142,1,0,28.8,2.1118,2.1118,1.1015666666666668,0.0,,21.1,31.1,Elijhaa Penny,2022.0
143,1,0,23.1,3.1111,3.1111,3.1111,0.0,7.08,19.4,36.2,Eno Benjamin,2022.0
144,1,0,26.9,19.5,14.8271,16.413466666666668,0.3333333333333333,1.04,19.1,37.8,Ezekiel Elliott,2022.0
145,1,0,32.1,,,,,,21.3,24.2,Fitzgerald Toussaint,2022.0
146,1,0,33.3,,,,,,22.6,15.3,Fozzy Whittaker,2022.0
147,1,0,39.1,6.68,,6.49,0.0,3.01,20.3,26.4,Frank Gore,2022.0
148,1,0,41.3,,,,,,20.5,45.9,Fred Jackson,2022.0
149,1,0,24.6,2.5,,2.5,0.0,,,6.6,Gabe Nabers,2022.0
150,1,0,24.3,0.1538,0.1538,0.1538,0.0,6.12,22.5,17.0,Gary Brightwell,2022.0
151,1,0,29.5,,,,,,17.8,10.7,George Atkinson III,2022.0
152,1,0,28.9,,,,,,,7.3,George Farmer,2022.0
153,1,0,31.6,,,,,,21.8,25.8,George Winn,2022.0
154,1,0,30.5,9.8812,4.925,6.368733333333334,0.0,2.05,19.8,35.6,Giovani Bernard,2022.0
155,1,0,33.1,,,,,,24.4,21.9,Glenn Winston,2022.0
156,1,0,27.1,8.0125,,6.90625,0.0,,22.4,26.4,Gus Edwards,2022.0
157,1,0,29.4,,,,,,18.7,27.2,Isaiah Crowell,2022.0
158,1,0,32.5,,,,,2.18,19.7,31.3,Isaiah Pead,2022.0
159,1,0,26.7,6.4,6.4,5.230966666666666,0.0,4.26,20.0,33.9,Ito Smith,2022.0
160,1,0,28.8,11.9625,11.6273,9.729933333333333,0.0,,,10.2,J.D. McKissic,2022.0
161,1,0,24.4,3.7,3.7,2.88335,0.0,,18.7,19.1,J.J. Taylor,2022.0
162,1,0,23.5,11.2333,,11.2333,0.0,2.23,18.7,28.4,J.K. Dobbins,2022.0
163,1,0,25.7,4.5,4.5,4.19375,0.0,,,12.8,JaMycal Hasty,2022.0
164,1,0,24.4,2.9667,2.9667,2.9667,0.0,,19.7,32.8,JaQuan Hardy,2022.0
165,1,0,38.7,,,,,,19.9,21.9,Jackie Battle,2022.0
166,1,0,25.4,1.2,1.2,1.2,0.0,,20.7,15.6,Jacques Patrick,2022.0
167,1,0,32.3,,,,,5.14,18.6,41.7,Jacquizz Rodgers,2022.0
168,1,0,24.4,0.05,0.05,0.05,0.0,7.05,22.7,28.6,Jake Funk,2022.0
169,1,0,27.5,2.2,,1.85,0.0,,,0.2,Jakob Johnson,2022.0
170,1,0,36.4,,,,,6.1,20.7,30.5,Jalen Parmele,2022.0
171,1,0,28.6,5.2,2.32,3.8169333333333335,0.0,,18.9,22.6,Jalen Richard,2022.0
172,1,0,31.9,,,,,4.09,,5.2,Jalston Fowler,2022.0
173,1,0,35.4,,,,,3.1,18.7,30.9,Jamaal Charles,2022.0
174,1,0,27.2,10.5,9.2154,9.598,0.0,4.28,17.4,36.4,Jamaal Williams,2022.0
175,1,0,27.1,17.18,17.18,14.813833333333333,0.3333333333333333,3.41,18.3,34.4,James Conner,2022.0
176,1,0,23.8,17.8857,12.4214,15.15355,0.5,,19.1,48.7,James Robinson,2022.0
177,1,0,36.3,,,,,6.24,20.5,38.1,James Starks,2022.0
178,1,0,30.3,12.8,10.4,10.509533333333332,0.0,4.3,18.6,27.1,James White,2022.0
179,1,0,33.1,0.0,,0.0,0.0,,,0.6,Jamize Olawale,2022.0
180,1,0,22.4,3.2882,3.2882,3.2882,0.0,,18.7,43.4,Jaret Patterson,2022.0
181,1,0,24.1,5.1,5.1,2.84,0.0,5.27,20.4,32.5,Jason Huntley,2022.0
182,1,0,23.8,0.0,,0.0,0.0,,21.1,19.9,Javon Leake,2022.0
183,1,0,22.1,12.0529,12.0529,12.0529,0.0,2.03,20.4,30.4,Javonte Williams,2022.0
184,1,0,30.8,3.8,,3.8,0.0,4.26,22.0,26.9,Javorius Allen,2022.0
185,1,0,29.0,1.0,,1.0,0.0,5.13,20.2,41.3,Jay Ajayi,2022.0
186,1,0,29.8,,,,,6.35,,3.2,Jay Prosch,2022.0
187,1,0,25.9,8.1,1.7667,3.6793666666666667,0.0,5.28,19.1,23.9,Jaylen Samuels,2022.0
188,1,0,26.5,12.9364,5.7222,8.186200000000001,0.0,,19.8,34.6,Jeff Wilson,2022.0
189,1,0,24.9,0.0,,0.0,0.0,,19.2,19.3,Jeremy Cox,2022.0
190,1,0,29.6,,,,,2.23,19.9,29.0,Jeremy Hill,2022.0
191,1,0,30.5,,,,,4.07,21.8,31.6,Jeremy Langford,2022.0
192,1,0,26.4,5.2571,5.2571,4.0004,0.0,5.18,19.7,41.4,Jeremy McNichols,2022.0
193,1,0,33.3,,,,,,,9.8,Jeremy Stewart,2022.0
194,1,0,22.1,3.6714,3.6714,3.6714,0.0,7.29,18.4,32.7,Jermar Jefferson,2022.0
195,1,0,33.6,,,,,,21.8,17.7,Joe Banyard,2022.0
196,1,0,29.7,,,,,,,2.1,Joe Kerridge,2022.0
197,1,0,25.9,17.9937,17.9937,16.231233333333336,0.6666666666666666,2.16,19.1,24.7,Joe Mixon,2022.0
198,1,0,31.0,,,,,7.14,21.2,38.9,Joey Iosefa,2022.0
199,1,0,30.3,,,,,,20.6,35.3,John Crockett,2022.0
200,1,0,25.7,0.9,0.325,0.6125,0.0,6.02,20.9,36.5,John Kelly,2022.0
201,1,0,39.7,,,,,,20.0,38.8,John Kuhn,2022.0
202,1,0,35.8,,,,,,20.1,65.9,Joique Bell,2022.0
203,1,0,26.5,2.7,,2.7,0.0,,19.8,26.5,Jon Hilliman,2022.0
204,1,0,31.9,,,,,,21.2,24.5,Jonas Gray,2022.0
205,1,0,32.9,,,,,6.19,18.1,29.2,Jonathan Dwyer,2022.0
206,1,0,32.4,,,,,,18.7,51.0,Jonathan Grimes,2022.0
207,1,0,35.2,,,,,1.13,19.5,26.6,Jonathan Stewart,2022.0
208,1,0,23.4,21.9471,21.9471,19.400199999999998,1.0,2.09,18.6,41.8,Jonathan Taylor,2022.0
209,1,0,24.7,0.7462,0.7462,0.6624,0.0,,19.9,30.8,Jonathan Ward,2022.0
210,1,0,28.3,8.1,4.14,4.386666666666667,0.0,5.18,19.6,25.4,Jonathan Williams,2022.0
211,1,0,27.6,12.4,8.9286,8.571433333333333,0.0,5.11,18.8,29.3,Jordan Howard,2022.0
212,1,0,26.3,0.9,0.0,0.45,0.0,5.16,20.6,17.1,Jordan Scarlett,2022.0
213,1,0,32.3,,,,,6.18,19.5,48.2,Jordan Todman,2022.0
214,1,0,27.9,4.2,0.0,2.762233333333333,0.0,5.32,23.1,24.8,Jordan Wilkins,2022.0
215,1,0,30.4,,,,,5.18,19.7,24.5,Joseph Randle,2022.0
216,1,0,25.6,4.575,0.0,1.7249999999999999,0.0,,19.9,21.3,Josh Adams,2022.0
217,1,0,29.0,0.9,,0.9,0.0,,20.3,25.9,Josh Ferguson,2022.0
218,1,0,31.4,,,,,,19.6,20.1,Josh Harris,2022.0
219,1,0,24.3,15.42,15.0667,15.062233333333333,0.6666666666666666,1.24,,13.9,Josh Jacobs,2022.0
220,1,0,24.4,0.0,0.0,0.0,0.0,,21.7,22.6,Josh Johnson,2022.0
221,1,0,24.4,0.0,0.0,0.0,0.0,,21.1,33.7,Josh Johnson,2022.0
222,1,0,29.8,,,,,6.29,22.0,21.8,Josh Robinson,2022.0
223,1,0,24.5,5.8,1.7,3.75,0.0,4.06,20.8,33.2,Joshua Kelley,2022.0
224,1,0,24.5,3.1,,2.09165,0.0,4.11,19.8,21.7,Justice Hill,2022.0
225,1,0,26.6,,,,,,17.8,14.5,Justin Davis,2022.0
226,1,0,36.6,,,,,7.26,19.9,33.5,Justin Forsett,2022.0
227,1,0,26.1,7.2556,6.1571,5.9709,0.0,7.33,18.4,30.7,Justin Jackson,2022.0
228,1,0,30.1,,,,,,19.3,11.6,Juwan Thompson,2022.0
229,1,0,29.6,,,,,4.17,18.8,39.5,Ka'Deem Carey,2022.0
230,1,0,26.4,8.5364,0.3765,4.4043,0.0,4.31,20.7,20.6,Kalen Ballage,2022.0
231,1,0,29.4,,,,,,20.7,38.6,Kapri Bibbs,2022.0
232,1,0,26.8,13.75,13.75,13.368733333333333,0.0,3.22,18.1,28.7,Kareem Hunt,2022.0
233,1,0,29.1,,,,,5.19,21.3,22.2,Karlos Williams,2022.0
234,1,0,25.1,3.05,3.05,2.69,0.0,3.12,18.3,40.4,Ke'Shawn Vaughn,2022.0
235,1,0,28.1,,,,,,20.4,18.5,Keith Ford,2022.0
236,1,0,31.6,,,,,,19.8,27.8,Kendall Gaskins,2022.0
237,1,0,33.7,,,,,4.18,20.0,26.1,Kendall Hunter,2022.0
238,1,0,24.3,2.0909,2.0909,2.0909,0.0,4.14,,7.4,Kene Nwangwu,2022.0
239,1,0,33.1,0.7,0.0,0.2333333333333333,0.0,6.14,22.4,28.3,Kenjon Barner,2022.0
240,1,0,28.4,,,,,4.36,18.6,42.4,Kenneth Dixon,2022.0
241,1,0,29.2,,,,,,20.5,23.4,Kenneth Farrow,2022.0
242,1,0,23.2,7.7125,7.7125,7.7125,0.0,5.06,20.5,27.5,Kenneth Gainwell,2022.0
243,1,0,28.3,15.2,8.5417,12.185,0.3333333333333333,3.1,19.6,13.2,Kenyan Drake,2022.0
244,1,0,25.6,2.4,,2.4,0.0,7.08,21.8,19.0,Kerrith Whyte,2022.0
245,1,0,24.9,10.6,0.0,5.029166666666666,0.0,2.11,19.2,35.8,Kerryon Johnson,2022.0
246,1,0,31.0,,,,,7.24,21.2,35.6,Kerwynn Williams,2022.0
247,1,0,24.1,4.6412,4.6412,4.6412,0.0,6.32,19.4,25.3,Khalil Herbert,2022.0
248,1,0,25.9,2.4,0.0909,1.0058666666666667,0.0,,20.2,16.2,Khari Blasingame,2022.0
249,1,0,32.4,,,,,,21.7,28.6,Khiry Robinson,2022.0
250,1,0,30.7,,,,,3.34,18.9,17.6,Knile Davis,2022.0
251,1,0,34.9,,,,,1.12,20.1,34.9,Knowshon Moreno,2022.0
252,1,0,31.1,5.1,,4.65,0.0,4.33,,15.0,Kyle Juszczyk,2022.0
253,1,0,23.8,0.4875,0.4875,0.4875,0.0,7.28,20.1,24.2,Kylin Hill,2022.0
254,1,0,32.6,,,,,2.29,19.9,31.4,LaMichael James,2022.0
255,1,0,31.1,2.6,,2.6,0.0,4.02,19.4,27.8,Lamar Miller,2022.0
256,1,0,24.3,5.25,0.775,3.0125,0.0,4.14,19.6,22.2,Lamical Perine,2022.0
257,1,0,32.4,,,,,,19.6,40.6,Lance Dunbar,2022.0
258,1,0,24.3,1.3,1.3,1.3,0.0,6.14,20.6,36.7,Larry Rountree,2022.0
259,1,0,32.4,9.8,7.4,8.76,0.0,6.13,20.6,34.7,Latavius Murray,2022.0
260,1,0,30.3,14.2,4.7625,8.581433333333333,0.0,2.16,18.5,45.1,Le'Veon Bell,2022.0
261,1,0,35.5,,,,,,21.8,16.3,LeGarrette Blount,2022.0
262,1,0,33.9,9.1,,5.96,0.0,2.21,19.2,47.1,LeSean McCoy,2022.0
263,1,0,27.0,,,,,,20.3,25.8,LeShun Daniels,2022.0
264,1,0,27.4,18.25,18.25,15.2346,0.6666666666666666,1.04,19.6,38.8,Leonard Fournette,2022.0
265,1,0,25.5,0.52,,0.52,0.0,,20.8,33.7,Levante Bellamy,2022.0
266,1,0,30.4,,,,,4.38,21.7,31.3,Lorenzo Taliaferro,2022.0
267,1,0,30.7,,,,,,22.0,8.6,Mack Brown,2022.0
268,1,0,29.4,6.8188,3.2143,4.844366666666667,0.0,,18.7,20.6,Malcolm Brown,2022.0
269,1,0,29.8,,,,,6.19,,6.3,Malcolm Johnson,2022.0
270,1,0,36.9,,,,,,22.2,16.5,Marcel Reece,2022.0
271,1,0,30.7,,,,,7.13,22.9,17.0,Marcus Murphy,2022.0
272,1,0,30.1,,,,,6.25,20.4,34.1,Marion Grice,2022.0
273,1,0,32.4,15.9,7.7571,9.488733333333334,0.3333333333333333,1.28,18.7,32.8,Mark Ingram,2022.0
274,1,0,25.2,6.0,,6.0,0.0,4.12,18.4,27.5,Mark Walton,2022.0
275,1,0,26.2,12.8,2.15,7.849999999999999,0.0,4.37,18.5,29.8,Marlon Mack,2022.0
276,1,0,27.9,,,,,7.22,,1.2,Marquez Williams,2022.0
277,1,0,36.1,9.4,,9.4,0.0,1.12,18.4,31.9,Marshawn Lynch,2022.0
278,1,0,34.9,,,,,,21.1,32.2,Matt Asiata,2022.0
279,1,0,27.3,8.6,4.7444,5.6148,0.0,,19.5,21.8,Matt Breida,2022.0
280,1,0,36.5,,,,,2.13,18.7,57.3,Matt Forte,2022.0
281,1,0,29.2,,,,,3.31,20.5,20.8,Matt Jones,2022.0
282,1,0,27.7,,,,,7.34,20.0,29.0,Matthew Dayes,2022.0
283,1,0,37.2,,,,,2.28,18.5,28.9,Maurice Jones-Drew,2022.0
284,1,0,24.6,0.1571,0.1571,0.1571,0.0,,20.9,20.4,Mekhi Sargent,2022.0
285,1,0,29.1,15.1,12.2,13.508899999999999,0.3333333333333333,1.15,20.4,47.1,Melvin Gordon,2022.0
286,1,0,23.1,11.0286,11.0286,11.0286,0.0,4.02,18.3,21.9,Michael Carter,2022.0
287,1,0,33.5,,,,,7.47,23.8,26.4,Michael Cox,2022.0
288,1,0,23.5,0.0,,0.0,0.0,,19.8,31.0,Michael Warren,2022.0
289,1,0,26.8,10.0,0.9625,3.964566666666667,0.0,,19.1,19.8,Mike Boone,2022.0
290,1,0,30.3,1.4,,0.7,0.0,5.32,,3.3,Mike Burton,2022.0
291,1,0,29.3,13.7667,8.1294,8.0987,0.0,4.27,20.5,23.6,Mike Davis,2022.0
292,1,0,29.3,13.7667,8.1294,8.0987,0.0,,18.3,39.0,Mike Davis,2022.0
293,1,0,31.6,,,,,5.31,21.8,30.8,Mike Gillislee,2022.0
294,1,0,31.1,,,,,6.21,21.4,19.8,Mike James,2022.0
295,1,0,36.5,,,,,,21.8,21.9,Mike Tolbert,2022.0
296,1,0,25.1,14.2,9.7667,12.488900000000001,0.0,2.21,21.4,21.1,Miles Sanders,2022.0
297,1,0,31.5,,,,,2.26,19.8,39.4,Montee Ball,2022.0
298,1,0,25.3,16.42,10.2118,10.377266666666667,0.3333333333333333,7.2,18.6,33.5,Myles Gaskin,2022.0
299,1,0,24.2,17.6882,17.6882,17.6882,1.0,1.24,21.5,30.9,Najee Harris,2022.0
300,1,0,0.0,-0.1,-0.1,-0.1,0.0,,,25.6,Nate McCrary,2022.0
301,1,0,25.8,0.075,0.075,0.0375,0.0,,,5.7,Nathan Cottrell,2022.0
302,1,0,25.9,1.0,,1.0,0.0,7.19,,2.3,Nick Bawden,2022.0
303,1,0,26.4,17.3083,15.3786,16.195633333333333,1.0,2.03,18.7,31.7,Nick Chubb,2022.0
304,1,0,25.5,12.075,6.6235,8.432833333333333,0.0,4.04,20.8,22.6,Nyheim Hines,2022.0
305,1,0,30.3,,,,,,18.5,32.3,Orleans Darkwa,2022.0
306,1,0,33.1,1.4,,1.4,0.0,,,4.4,Patrick DiMarco,2022.0
307,1,0,26.8,8.3,0.85,3.5083333333333333,0.0,,22.1,30.1,Patrick Laird,2022.0
308,1,0,24.1,2.15,2.15,2.15,0.0,,19.4,18.4,Patrick Taylor,2022.0
309,1,0,27.5,1.6,,1.6,0.0,5.1,19.8,28.4,Paul Perkins,2022.0
310,1,0,27.9,7.2,4.99,5.2091666666666665,0.0,,21.2,30.9,Peyton Barber,2022.0
311,1,0,36.4,,,,,7.2,18.6,16.8,Peyton Hillis,2022.0
312,1,0,27.9,12.4,3.2429,7.214299999999999,0.0,,21.1,38.4,Phillip Lindsay,2022.0
313,1,0,37.5,,,,,,18.7,25.5,Pierre Thomas,2022.0
314,1,0,25.7,5.1,2.8143,2.671433333333333,0.0,5.14,19.0,26.3,Qadree Ollison,2022.0
315,1,0,30.1,12.4625,2.0,8.520833333333334,0.0,,,12.3,Raheem Mostert,2022.0
316,1,0,26.3,12.17,12.17,7.234433333333333,0.0,1.27,20.6,50.1,Rashaad Penny,2022.0
317,1,0,37.2,,,,,7.41,21.4,38.8,Rashad Jennings,2022.0
318,1,0,24.2,0.0,,0.0,0.0,7.31,,12.5,Raymond Calais,2022.0
319,1,0,26.4,8.35,0.9,4.183333333333333,0.0,,,11.0,Reggie Bonnafon,2022.0
320,1,0,37.3,,,,,1.02,19.5,25.6,Reggie Bush,2022.0
321,1,0,31.9,10.76,6.5188,8.359599999999999,0.0,6.22,19.2,28.0,Rex Burkhead,2022.0
322,1,0,24.3,9.5667,9.5667,9.5667,0.0,4.15,22.5,17.3,Rhamondre Stevenson,2022.0
323,1,0,24.0,0.16,,0.16,0.0,,18.2,23.1,Rico Dowdle,2022.0
324,1,0,29.7,,,,,,19.9,11.4,Rob Kelley,2022.0
325,1,0,32.9,,,,,,18.2,10.8,Robert Hughes,2022.0
326,1,0,32.5,,,,,4.11,18.8,35.0,Robert Turbin,2022.0
327,1,0,26.7,,,,,,21.0,30.6,Roc Thomas,2022.0
328,1,0,30.4,,,,,,,7.6,Rod Smith,2022.0
329,1,0,26.3,5.2143,4.9,5.05715,0.0,,20.5,25.6,Rodney Smith,2022.0
330,1,0,26.3,5.2143,4.9,5.05715,0.0,,,14.9,Rodney Smith,2022.0
331,0,0,32.2,,,,,,20.5,25.6,Rodney Smith,2022.0
332,0,0,32.2,,,,,,,14.9,Rodney Smith,2022.0
333,1,0,24.8,13.3071,4.95,9.552366666666666,0.0,2.06,18.1,33.4,Ronald Jones,2022.0
334,1,0,40.5,,,,,1.02,20.7,24.7,Ronnie Brown,2022.0
335,1,0,30.7,,,,,3.04,19.0,37.4,Ronnie Hillman,2022.0
336,1,0,33.5,,,,,4.08,19.7,25.6,Roy Helu,2022.0
337,1,0,26.3,8.9,2.3067,4.508500000000001,0.0,3.07,18.5,30.4,Royce Freeman,2022.0
338,1,0,31.4,,,,,,,3.4,Ryan Hewitt,2022.0
339,1,0,34.6,,,,,1.12,19.9,38.9,Ryan Mathews,2022.0
340,1,0,26.4,1.2937,0.2,0.6312333333333334,0.0,,20.7,37.4,Ryan Nall,2022.0
341,1,0,25.6,6.3,6.3,5.0,0.0,5.02,19.9,31.6,Ryquell Armstead,2022.0
342,1,0,23.4,11.5,3.2167,7.35835,0.0,,20.7,24.2,Salvon Ahmed,2022.0
343,1,0,26.7,5.2,5.2,3.6354333333333337,0.0,4.07,19.0,27.8,Samaje Perine,2022.0
344,1,0,25.3,18.8,11.4308,12.6436,0.3333333333333333,1.02,18.6,32.2,Saquon Barkley,2022.0
345,1,0,24.7,1.4,1.4,0.8624999999999999,0.0,,20.9,21.8,Scottie Phillips,2022.0
346,1,0,30.7,0.7,,0.4143,0.0,,21.0,18.3,Senorise Perry,2022.0
347,1,0,24.5,0.0,,0.0,0.0,,21.8,18.5,Sewo Olonilua,2022.0
348,1,0,33.1,,,,,2.24,20.3,40.0,Shane Vereen,2022.0
349,1,0,34.5,,,,,,20.8,16.4,Shaun Draughn,2022.0
350,1,0,26.5,,,,,,21.8,24.0,Shaun Wilson,2022.0
351,1,0,36.8,,,,,3.01,23.0,41.5,Shonn Greene,2022.0
352,1,0,30.3,,,,,,19.5,20.2,Silas Redd,2022.0
353,1,0,27.3,9.6,8.6059,8.857533333333334,0.0,1.31,20.6,27.5,Sony Michel,2022.0
354,1,0,23.5,0.0,0.0,0.0,0.0,,18.8,30.2,Spencer Brown,2022.0
355,1,0,30.5,4.1,,4.1,0.0,6.26,19.8,13.2,Spencer Ware,2022.0
356,1,0,31.0,,,,,5.07,19.2,35.2,Stepfan Taylor,2022.0
357,1,0,33.3,,,,,3.09,21.6,32.8,Stevan Ridley,2022.0
358,1,0,38.9,,,,,1.24,18.1,38.7,Steven Jackson,2022.0
359,1,0,30.9,,,,,7.07,22.2,27.9,Storm Johnson,2022.0
360,1,0,27.7,0.5,,0.5,0.0,5.36,22.0,17.6,T.J. Logan,2022.0
361,1,0,28.7,7.4,,6.4,0.0,2.04,18.9,22.5,T.J. Yeldon,2022.0
362,1,0,33.9,3.0,0.0,1.0,0.0,4.28,21.1,41.2,Taiwan Jones,2022.0
363,1,0,28.6,,,,,,21.9,26.2,Taquan Mizzell,2022.0
364,1,0,26.9,10.1,,7.96665,0.0,4.13,18.1,40.8,Tarik Cohen,2022.0
365,1,0,32.6,,,,,,20.9,23.5,Tauren Poole,2022.0
366,1,0,24.4,0.0,0.0,0.0,0.0,,21.7,20.2,Tavien Feaster,2022.0
367,1,0,31.2,3.9538,3.9538,2.8679333333333332,0.0,1.08,19.5,26.3,Tavon Austin,2022.0
368,1,0,31.3,,,,,3.3,20.6,46.9,Terrance West,2022.0
369,1,0,28.8,,,,,,18.0,53.8,Terrell Watson,2022.0
370,1,0,29.2,,,,,,,11.7,Terrence Magee,2022.0
371,1,0,30.3,,,,,,22.6,29.4,Terron Ward,2022.0
372,1,0,29.2,9.7,4.6818,5.3231,0.0,3.09,20.4,43.2,Tevin Coleman,2022.0
373,1,0,31.1,2.675,,2.675,0.0,6.31,21.3,21.5,Theo Riddick,2022.0
374,1,0,28.8,,,,,,19.1,25.9,Thomas Rawls,2022.0
375,1,0,36.0,,,,,5.14,19.3,39.1,Tim Hightower,2022.0
376,1,0,28.5,,,,,,,13.8,Tion Green,2022.0
377,1,0,35.2,,,,,2.19,21.4,44.7,Toby Gerhart,2022.0
378,1,0,27.8,14.5,,12.690000000000001,0.0,1.1,18.1,33.2,Todd Gurley,2022.0
379,1,0,31.7,,,,,7.09,,13.6,Tommy Bohanon,2022.0
380,1,0,27.5,0.4,,0.30000000000000004,0.0,,21.8,12.1,Tony Brooks-James,2022.0
381,1,0,23.5,2.0091,2.0091,1.65455,0.0,,20.8,15.9,Tony Jones,2022.0
382,1,0,25.1,10.84,10.84,8.196666666666667,0.0,4.26,,13.2,Tony Pollard,2022.0
383,1,0,29.6,5.3,,5.3,0.0,,22.9,22.7,Tra Carson,2022.0
384,1,0,33.3,,,,,,22.6,18.8,Travaris Cadet,2022.0
385,1,0,23.8,5.6,4.4143,4.5529,0.0,6.31,19.1,19.2,Travis Homer,2022.0
386,1,0,24.6,2.17,1.3,1.7349999999999999,0.0,6.09,18.9,34.5,Trayveon Williams,2022.0
387,1,0,28.8,,,,,,20.1,16.8,Tre Madden,2022.0
388,1,0,23.2,,,,,3.11,19.1,31.7,Tre Mason,2022.0
389,1,0,30.9,,,,,1.03,18.2,42.1,Trent Richardson,2022.0
390,1,0,27.9,0.5643,-0.1333,0.1436666666666667,0.0,6.3,21.1,36.2,Trenton Cannon,2022.0
391,1,0,27.4,3.3,0.0,1.0999999999999999,0.0,,18.7,18.7,Trey Edmunds,2022.0
392,1,0,25.6,3.5,3.5,3.5,0.0,,20.8,22.6,Trey Ragas,2022.0
393,1,0,23.3,3.1444,3.1444,3.1444,0.0,3.24,21.6,16.5,Trey Sermon,2022.0
394,1,0,31.3,,,,,,20.6,42.4,Trey Watts,2022.0
395,1,0,29.5,,,,,,,13.4,Trey Williams,2022.0
396,1,0,28.5,3.3,,2.1,0.0,,21.8,25.8,Troymaine Pope,2022.0
397,1,0,24.7,7.3125,7.3125,5.3938999999999995,0.0,6.13,19.0,17.0,Ty Johnson,2022.0
398,1,0,29.4,2.6333,2.1357,2.356333333333333,0.0,3.3,20.6,18.0,Ty Montgomery,2022.0
399,1,0,25.7,3.2231,3.2231,3.2231,0.0,,23.0,16.8,Ty'Son Williams,2022.0
400,1,0,28.7,3.2625,,1.9312500000000001,0.0,4.21,20.9,35.1,Tyler Ervin,2022.0
401,1,0,28.7,,,,,,19.0,43.4,Tyler Varga,2022.0
402,1,0,27.7,9.1067,1.6875,5.398066666666668,0.0,4.34,20.9,21.4,Wayne Gallman,2022.0
403,1,0,28.3,2.9,2.9,1.6666666666666667,0.0,5.14,21.6,22.3,Wendell Smallwood,2022.0
404,1,0,27.0,16.2,,16.2,1.0,,19.3,34.3,Wes Hills,2022.0
405,1,0,24.8,0.0,,0.0,0.0,,18.0,28.6,Xavier Jones,2022.0
406,1,0,31.1,,,,,5.27,18.4,28.7,Zac Stacy,2022.0
407,1,0,32.1,1.4,,1.4,0.0,,20.4,38.4,Zach Line,2022.0
408,1,0,30.7,1.2,,1.2,0.0,,21.0,45.4,Zach Zenner,2022.0
409,1,0,24.5,8.0923,8.0923,7.95385,0.0,3.22,19.7,35.7,Zack Moss,2022.0
410,1,0,32.1,,,,,,22.4,37.7,Zurlon Tipton,2022.0
411,0,0,24.9,17.6786,13.9154,15.064666666666666,0.3333333333333333,2.19,20.2,32.6,A.J. Brown,2022.0
412,0,0,33.8,9.8,9.8,8.3781,0.0,1.04,20.1,42.2,A.J. Green,2022.0
413,0,0,32.7,,,,,1.3,20.9,55.2,A.J. Jenkins,2022.0
414,0,0,28.4,,,,,6.38,21.7,32.6,Aaron Burbridge,2022.0
415,0,0,30.9,,,,,2.27,18.1,26.1,Aaron Dobson,2022.0
416,0,0,24.7,0.0,0.0,0.0,0.0,,20.9,25.6,Aaron Fuller,2022.0
417,0,0,24.0,0.0,0.0,0.0,0.0,,18.3,37.6,Aaron Parker,2022.0
418,0,0,30.6,,,,,4.04,20.8,24.1,Ace Sanders,2022.0
419,0,0,28.9,8.2571,4.6647,6.7072666666666665,0.0,,,9.4,Adam Humphries,2022.0
420,0,0,31.8,16.9333,15.3692,14.5675,0.6666666666666666,,20.0,45.9,Adam Thielen,2022.0
421,0,0,29.9,6.9,3.4286,5.1643,0.0,,20.2,59.9,Albert Wilson,2022.0
422,0,0,33.5,,,,,6.13,19.8,40.2,Aldrick Robinson,2022.0
423,0,0,26.0,0.0,-0.1,-0.05,0.0,,22.3,20.7,Alex Bachman,2022.0
424,0,0,29.6,6.0,0.5,2.6374999999999997,0.0,,21.8,27.9,Alex Erickson,2022.0
425,0,0,25.5,3.3,,3.3,0.0,,20.8,49.9,Alexander Hollins,2022.0
426,0,0,30.6,6.0,,6.0,0.0,,19.8,28.8,Allen Hurns,2022.0
427,0,0,26.5,9.78,9.5,9.526666666666666,0.0,,19.7,33.1,Allen Lazard,2022.0
428,0,0,28.8,16.4312,7.25,13.193733333333334,0.6666666666666666,2.29,19.0,37.9,Allen Robinson,2022.0
429,0,0,32.3,13.6,,8.47855,0.0,2.13,19.6,39.7,Alshon Jeffery,2022.0
430,0,0,28.3,,,,,3.42,20.6,33.1,Amara Darboh,2022.0
431,0,0,28.0,15.4,13.5,14.566666666666668,0.3333333333333333,1.04,18.2,47.2,Amari Cooper,2022.0
432,0,0,22.7,0.6,0.6,0.6,0.0,3.21,21.0,23.5,Amari Rodgers,2022.0
433,0,0,22.6,13.3706,13.3706,13.3706,0.0,4.07,18.9,33.1,Amon-Ra St. Brown,2022.0
434,0,0,37.1,,,,,3.34,22.4,28.2,Andre Caldwell,2022.0
435,0,0,34.0,,,,,,21.2,41.9,Andre Holmes,2022.0
436,0,0,40.9,,,,,1.03,20.2,28.8,Andre Johnson,2022.0
437,0,0,28.0,1.7,,1.7,0.0,,22.3,36.6,Andre Patton,2022.0
438,0,0,34.4,0.65,0.65,0.4189,0.0,3.24,18.7,46.1,Andre Roberts,2022.0
439,0,0,36.2,,,,,,,7.7,Andrew Hawkins,2022.0
440,0,0,25.5,4.2154,0.2875,2.567633333333333,0.0,2.3,19.8,52.2,Andy Isabella,2022.0
441,0,0,27.9,,,,,,21.2,29.7,Andy Jones,2022.0
442,0,0,41.7,,,,,2.22,19.9,41.2,Anquan Boldin,2022.0
443,0,0,27.6,8.0,4.8333,6.542366666666667,0.0,2.19,21.9,39.9,Anthony Miller,2022.0
444,0,0,21.7,2.3857,2.3857,2.3857,0.0,3.27,20.0,28.2,Anthony Schwartz,2022.0
445,0,0,24.6,3.8533,3.8533,3.8533,0.0,,20.9,32.7,Antoine Wesley,2022.0
446,0,0,33.9,17.3,17.3,16.0125,0.6666666666666666,6.26,19.2,32.8,Antonio Brown,2022.0
447,0,0,25.4,4.2,,2.5,0.0,4.05,18.7,,Antonio Callaway,2022.0
448,0,0,24.1,0.5833,0.0,0.29165,0.0,4.36,19.4,40.5,Antonio Gandy-Golden,2022.0
449,0,0,28.5,,,,,3.15,22.7,36.4,ArDarius Stewart,2022.0
450,0,0,33.7,,,,,2.07,19.0,20.2,Arrelious Benn,2022.0
451,0,0,25.0,2.6765,2.6765,1.4332,0.0,,18.3,60.9,Ashton Dulin,2022.0
452,0,0,25.3,8.5,1.8429,4.5217,0.0,7.35,19.6,37.4,Auden Tate,2022.0
453,0,0,28.4,1.95,,1.475,0.0,,21.7,46.8,Austin Carr,2022.0
454,0,0,24.7,1.4636,,1.4636,0.0,,,11.2,Austin Mack,2022.0
455,0,0,34.3,,,,,3.14,20.6,27.8,Austin Pettis,2022.0
456,0,0,30.1,,,,,,19.4,25.3,Ben Edwards,2022.0
457,0,0,24.9,1.7357,1.7357,1.7357,0.0,7.21,20.2,28.9,Ben Skowronek,2022.0
458,0,0,31.0,5.5,,3.06,0.0,,21.2,28.4,Bennie Fowler,2022.0
459,0,0,30.4,,,,,,19.7,38.0,Bernard Reedy,2022.0
460,0,0,27.3,0.8,,0.8,0.0,,,15.4,Bobo Wilson,2022.0
461,0,0,29.5,,,,,,21.7,22.2,Bradley Marquez,2022.0
462,0,0,28.7,15.4667,14.4875,12.784733333333335,0.3333333333333333,1.2,18.9,38.9,Brandin Cooks,2022.0
463,0,0,24.2,15.375,10.0176,12.6963,0.5,1.25,21.5,40.6,Brandon Aiyuk,2022.0
464,0,0,29.9,,,,,,19.2,26.7,Brandon Coleman,2022.0
465,0,0,34.8,,,,,6.21,19.1,35.1,Brandon Gibson,2022.0
466,0,0,35.6,,,,,3.14,21.8,45.7,Brandon LaFell,2022.0
467,0,0,40.9,,,,,4.25,20.2,32.2,Brandon Lloyd,2022.0
468,0,0,38.2,,,,,4.22,21.5,42.5,Brandon Marshall,2022.0
469,0,0,26.7,1.9733,1.0,1.48665,0.0,,22.0,25.3,Brandon Powell,2022.0
470,0,0,34.7,,,,,3.19,19.9,20.0,Brandon Tate,2022.0
471,0,0,29.2,3.7692,3.7692,2.6272333333333333,0.0,,20.5,38.6,Brandon Zylstra,2022.0
472,0,0,26.7,7.5687,7.5687,4.883299999999999,0.0,6.36,21.9,28.1,Braxton Berrios,2022.0
473,0,0,29.5,,,,,3.22,,14.8,Braxton Miller,2022.0
474,0,0,27.6,,,,,3.37,,4.0,Brendan Langley,2022.0
475,0,0,32.1,,,,,,19.3,54.3,Brenton Bersin,2022.0
476,0,0,28.7,9.9,5.5667,7.908333333333334,0.0,1.26,20.0,36.6,Breshad Perriman,2022.0
477,0,0,35.5,,,,,4.08,20.8,25.0,Brian Hartline,2022.0
478,0,0,33.0,,,,,2.01,20.3,48.4,Brian Quick,2022.0
479,0,0,33.3,,,,,,22.5,20.1,Brian Tyms,2022.0
480,0,0,32.3,,,,,7.03,,17.1,Brice Butler,2022.0
481,0,0,33.9,,,,,,23.1,32.4,Brittan Golden,2022.0
482,0,0,30.8,,,,,4.06,21.0,27.5,Bruce Ellington,2022.0
483,0,0,23.5,6.8188,6.8188,4.9219,0.0,3.17,17.8,48.4,Bryan Edwards,2022.0
484,0,0,34.6,,,,,,21.8,52.1,Bryan Walters,2022.0
485,0,0,28.1,,,,,,,17.7,Bryce Treggs,2022.0
486,0,0,28.5,7.4588,7.4588,4.837533333333333,0.0,,22.8,37.7,Byron Pringle,2022.0
487,0,0,28.5,2.5,1.6167,1.8817666666666666,0.0,,21.7,23.4,C.J. Board,2022.0
488,0,0,36.7,,,,,1.02,19.9,55.3,Calvin Johnson,2022.0
489,0,0,27.4,18.7667,14.22,15.995566666666667,0.3333333333333333,1.26,20.7,30.1,Calvin Ridley,2022.0
490,0,0,26.5,,,,,,18.7,34.8,Cam Phillips,2022.0
491,0,0,26.4,5.3875,3.4857,3.4910666666666668,0.0,,,5.6,Cam Sims,2022.0
492,0,0,26.4,2.75,2.75,2.625,0.0,,,13.5,Cameron Batson,2022.0
493,0,0,29.7,,,,,,22.0,30.0,Cameron Meredith,2022.0
494,0,0,34.4,,,,,4.17,20.7,40.8,Cecil Shorts,2022.0
495,0,0,23.1,14.55,14.55,14.0781,0.0,1.17,19.4,38.1,CeeDee Lamb,2022.0
496,0,0,28.0,3.5786,,3.2893,0.0,,,11.1,Chad Beebe,2022.0
497,0,0,27.4,9.32,,9.32,0.0,4.35,21.6,35.2,Chad Hansen,2022.0
498,0,0,27.6,0.0,,0.0,0.0,3.34,20.9,37.4,Chad Williams,2022.0
499,0,0,33.3,,,,,7.1,22.5,49.8,Charles Johnson,2022.0
500,0,0,29.6,,,,,7.2,,15.3,Charone Peake,2022.0
501,0,0,23.9,13.4313,11.1067,12.269,0.0,2.17,21.2,33.4,Chase Claypool,2022.0
502,0,0,28.4,4.6,4.0625,4.33125,0.0,,19.6,24.1,Chester Rogers,2022.0
503,0,0,29.6,9.7,4.0375,6.736933333333333,0.0,3.12,20.9,29.3,Chris Conley,2022.0
504,0,0,33.3,,,,,4.01,20.6,40.7,Chris Givens,2022.0
505,0,0,26.3,19.6,17.3143,17.610333333333333,1.0,3.2,19.5,34.9,Chris Godwin,2022.0
506,0,0,28.5,,,,,,,15.8,Chris Harper,2022.0
507,0,0,33.6,5.16,2.82,3.36,0.0,,,15.6,Chris Hogan,2022.0
508,0,0,26.3,2.2,,2.2,0.0,,,7.4,Chris Lacy,2022.0
509,0,0,32.7,,,,,,19.9,30.5,Chris Matthews,2022.0
510,0,0,29.0,4.6417,4.6417,1.8805666666666667,0.0,4.09,20.2,23.7,Chris Moore,2022.0
511,0,0,32.4,,,,,,19.7,21.1,Chris Owusu,2022.0
512,0,0,26.0,2.9,0.4062,1.6666666666666667,0.0,,,16.5,Christian Blake,2022.0
513,0,0,25.5,12.8,12.2129,11.823333333333332,0.0,2.15,18.8,36.8,Christian Kirk,2022.0
514,0,0,31.6,,,,,6.29,21.8,29.3,Cobi Hamilton,2022.0
515,0,0,28.1,2.9,,2.9,0.0,6.24,20.4,16.9,Cody Core,2022.0
516,0,0,28.5,3.3,2.4333,2.277766666666667,0.0,,,3.7,Cody Hollister,2022.0
517,0,0,29.6,4.7,,4.7,0.0,2.24,19.9,27.4,Cody Latimer,2022.0
518,0,0,26.4,0.0,0.0,0.0,0.0,,19.7,26.6,Cody Thompson,2022.0
519,0,0,33.1,13.8333,9.9562,11.963166666666666,0.0,,21.4,22.4,Cole Beasley,2022.0
520,0,0,24.7,4.2286,1.7917,3.0101500000000003,0.0,5.2,21.0,25.3,Collin Johnson,2022.0
521,0,0,29.0,25.8529,25.8529,18.888733333333334,0.6666666666666666,3.05,20.2,40.4,Cooper Kupp,2022.0
522,0,0,31.4,,,,,,21.6,26.7,Corey Brown,2022.0
523,0,0,27.9,,,,,1.15,20.2,44.2,Corey Coleman,2022.0
524,0,0,27.4,13.6714,11.6889,11.0201,0.0,1.05,18.7,51.6,Corey Davis,2022.0
525,0,0,30.4,,,,,,20.7,48.3,Corey Washington,2022.0
526,0,0,26.6,13.9,8.8376,10.779200000000001,0.0,2.08,19.9,36.9,Courtland Sutton,2022.0
527,0,0,39.4,,,,,3.04,19.7,46.7,Courtney Roby,2022.0
528,0,0,25.8,14.14,1.96,8.933333333333334,0.0,2.08,20.1,29.0,Curtis Samuel,2022.0
529,0,0,25.2,2.83,2.83,2.83,0.0,2.24,20.5,44.6,D'Wayne Eskridge,2022.0
530,0,0,25.7,14.9,8.6,11.7718,0.0,2.29,20.0,25.3,D.J. Chark,2022.0
531,0,0,27.1,2.2,2.2,2.2,0.0,,22.4,42.7,D.J. Montgomery,2022.0
532,0,0,25.1,15.4,13.9706,14.4902,0.3333333333333333,1.24,18.4,53.3,D.J. Moore,2022.0
533,0,0,24.5,16.9563,14.3706,14.308966666666668,0.3333333333333333,2.32,19.7,26.4,D.K. Metcalf,2022.0
534,0,0,26.8,0.9,,0.9,0.0,,,14.3,Da'Mari Scott,2022.0
535,0,0,27.2,5.3,,4.59685,0.0,4.13,19.5,25.4,DaeSean Hamilton,2022.0
536,0,0,32.5,,,,,,18.8,22.6,Damaris Johnson,2022.0
537,0,0,29.3,7.1812,3.8176,5.832933333333333,0.0,,20.6,12.5,Damiere Byrd,2022.0
538,0,0,27.1,4.2,,3.13,0.0,6.01,22.4,24.3,Damion Ratley,2022.0
539,0,0,24.9,2.5,,2.5,0.0,,21.2,42.1,Damion Willis,2022.0
540,0,0,33.6,,,,,,20.9,34.3,Dane Sanzenbacher,2022.0
541,0,0,28.7,,,,,7.09,19.9,40.0,Daniel Braverman,2022.0
542,0,0,36.6,9.4,8.6,8.533333333333333,0.0,,,16.1,Danny Amendola,2022.0
543,0,0,26.6,8.4467,8.4467,4.8251,0.0,2.12,20.9,31.6,Dante Pettis,2022.0
544,0,0,29.9,0.5,,0.5,0.0,,21.2,19.0,Darius Jennings,2022.0
545,0,0,28.2,,,,,,,14.8,Darius Powe,2022.0
546,0,0,25.4,12.1,5.2769,8.729800000000001,0.0,5.33,20.7,25.4,Darius Slayton,2022.0
547,0,0,24.6,12.9235,12.9235,11.21485,0.0,5.28,18.9,36.5,Darnell Mooney,2022.0
548,0,0,35.3,,,,,1.07,19.5,30.6,Darrius Heyward-Bey,2022.0
549,0,0,26.6,0.95,,0.375,0.0,,20.8,35.2,Darrius Shepherd,2022.0
550,0,0,27.2,,,,,,22.5,38.5,Darvin Kidsy,2022.0
551,0,0,26.4,0.86,0.0,0.43,0.0,5.22,19.7,36.8,Daurice Fountain,2022.0
552,0,0,29.4,25.6,21.5188,21.572933333333335,1.0,2.21,19.7,40.7,Davante Adams,2022.0
553,0,0,27.4,7.425,0.0,4.008333333333333,0.0,7.08,19.6,39.1,David Moore,2022.0
554,0,0,35.6,,,,,,,9.9,David Nelson,2022.0
555,0,0,26.0,0.925,0.925,0.925,0.0,,20.3,33.9,David Sills,2022.0
556,0,0,25.6,1.35,1.35,1.35,0.0,,20.9,36.8,Davion Davis,2022.0
557,0,0,22.9,1.1846,1.1846,1.1846,0.0,7.3,21.2,26.7,Dax Milne,2022.0
558,0,0,23.0,1.4333,1.4333,1.4333,0.0,6.36,20.3,23.9,Dazz Newsome,2022.0
559,0,0,29.1,5.0882,5.0882,2.2242666666666664,0.0,,20.4,43.2,DeAndre Carter,2022.0
560,0,0,30.0,17.9875,14.72,16.835833333333333,0.6666666666666666,1.27,18.2,39.3,DeAndre Hopkins,2022.0
561,0,0,30.5,,,,,4.33,22.8,43.7,DeAndre Smelter,2022.0
562,0,0,30.6,1.3,,1.3,0.0,,,14.8,DeAndrew White,2022.0
563,0,0,23.9,3.2143,0.0,1.60715,0.0,,,13.3,DeMichael Harris,2022.0
564,0,0,35.5,18.4,4.7375,10.699166666666665,0.3333333333333333,2.18,18.8,32.1,DeSean Jackson,2022.0
565,0,0,29.4,15.4,10.35,12.542866666666667,0.3333333333333333,1.14,19.6,46.3,DeVante Parker,2022.0
566,0,0,32.2,,,,,3.05,19.5,25.0,DeVier Posey,2022.0
567,0,0,28.5,10.2,1.12,3.6733333333333333,0.0,4.03,22.8,38.2,Dede Westbrook,2022.0
568,0,0,26.4,21.185,21.185,15.0712,0.3333333333333333,2.04,20.6,41.3,Deebo Samuel,2022.0
569,0,0,27.9,,,,,7.08,21.2,31.2,Demarcus Ayers,2022.0
570,0,0,27.7,6.725,4.0824,5.8358,0.0,4.28,20.0,26.6,Demarcus Robinson,2022.0
571,0,0,34.4,7.8,,7.8,0.0,1.22,19.7,70.9,Demaryius Thomas,2022.0
572,0,0,23.9,3.1562,3.1562,3.1562,0.0,6.26,,17.2,Demetric Felton,2022.0
573,0,0,33.5,,,,,5.17,19.7,32.1,Denarius Moore,2022.0
574,0,0,24.6,6.7444,1.9364,4.3404,0.0,2.27,19.9,42.3,Denzel Mims,2022.0
575,0,0,25.8,1.9,,0.95,0.0,6.11,21.1,27.1,Deon Cain,2022.0
576,0,0,24.7,6.8,,4.625,0.0,,19.9,30.6,Deontay Burnett,2022.0
577,0,0,33.3,,,,,,,13.3,Deonte Thompson,2022.0
578,0,0,37.7,,,,,3.18,19.0,29.2,Derek Hagan,2022.0
579,0,0,27.6,0.0,,0.0,0.0,,,11.8,Derrick Willies,2022.0
580,0,0,24.7,5.2,5.2,4.2594,0.0,3.28,22.0,32.5,Devin Duvernay,2022.0
581,0,0,28.0,6.2,,6.2,0.0,2.09,19.3,41.4,Devin Funchess,2022.0
582,0,0,30.2,7.4,,7.4,0.0,2.05,20.5,26.8,Devin Smith,2022.0
583,0,0,31.2,,,,,5.06,20.4,38.7,Devin Street,2022.0
584,0,0,23.5,10.9176,10.9176,10.9176,0.0,1.1,20.8,51.3,Devonta Smith,2022.0
585,0,0,33.6,3.7833,,3.7833,0.0,1.24,18.8,62.5,Dez Bryant,2022.0
586,0,0,24.5,3.975,3.975,3.975,0.0,4.04,19.7,24.9,Dez Fitzpatrick,2022.0
587,0,0,29.5,,,,,7.17,19.8,28.0,Dezmin Lewis,2022.0
588,0,0,23.8,1.2625,1.2625,0.63125,0.0,6.33,,14.8,Dezmon Patmon,2022.0
589,0,0,24.3,0.0,0.0,0.0,0.0,,21.6,22.0,Dillon Stoner,2022.0
590,0,0,25.6,17.15,17.15,13.912233333333333,0.3333333333333333,3.02,20.8,34.0,Diontae Johnson,2022.0
591,0,0,30.2,1.2273,-0.22,0.5024333333333334,0.0,,21.5,28.8,Diontae Spencer,2022.0
592,0,0,38.0,,,,,2.02,21.2,34.7,Donnie Avery,2022.0
593,0,0,23.3,7.8357,7.8357,6.3512,0.0,6.08,19.5,25.1,Donovan Peoples-Jones,2022.0
594,0,0,28.8,1.5,,0.99165,0.0,3.26,18.1,32.1,Donte Moncrief,2022.0
595,0,0,28.8,,,,,,19.0,42.7,Donteea Dye,2022.0
596,0,0,33.3,4.63,,4.465,0.0,,21.6,21.2,Dontrelle Inman,2022.0
597,0,0,29.1,,,,,2.08,20.4,31.8,Dorial Green-Beckham,2022.0
598,0,0,33.7,,,,,,20.0,27.0,Doug Baldwin,2022.0
599,0,0,30.1,8.7,,8.7,0.0,,22.3,25.2,Duke Williams,2022.0
600,0,0,37.7,,,,,1.23,21.0,35.4,Dwayne Bowe,2022.0
601,0,0,34.7,0.6,,-0.03334999999999999,0.0,6.11,22.0,32.9,Dwayne Harris,2022.0
602,0,0,22.6,1.8733,1.8733,1.8733,0.0,3.18,19.8,31.2,Dyami Brown,2022.0
603,0,0,29.0,,,,,,21.2,32.1,Ed Eagan,2022.0
604,0,0,36.0,,,,,2.11,20.3,21.7,Eddie Royal,2022.0
605,0,0,29.4,,,,,,18.7,15.2,Eli Rogers,2022.0
606,0,0,22.1,12.5636,12.5636,12.5636,0.0,2.02,19.4,41.9,Elijah Moore,2022.0
607,0,0,35.2,11.7714,9.4071,10.759500000000001,0.0,3.18,19.5,34.2,Emmanuel Sanders,2022.0
608,0,0,25.7,2.8222,1.5538,2.188,0.0,6.33,19.9,25.2,Equanimeous St. Brown,2022.0
609,0,0,35.2,,,,,3.23,20.5,44.5,Eric Decker,2022.0
610,0,0,36.9,,,,,,19.2,43.1,Eric Weems,2022.0
611,0,0,24.7,0.24,0.24,0.24,0.0,6.03,22.0,22.0,Frank Darby,2022.0
612,0,0,32.3,,,,,,,19.4,Frankie Hammond,2022.0
613,0,0,28.5,1.0,,0.5,0.0,,,9.6,Fred Brown,2022.0
614,0,0,30.7,,,,,,19.0,51.2,Freddie Martino,2022.0
615,0,0,23.8,5.0882,5.0882,3.8221999999999996,0.0,6.35,,18.7,Freddie Swain,2022.0
616,0,0,23.2,8.5563,7.8688,8.21255,0.0,4.22,19.4,34.4,Gabriel Davis,2022.0
617,0,0,29.3,0.5,,0.5,0.0,,22.5,15.9,Gehrig Dieter,2022.0
618,0,0,30.4,2.3,,2.3,0.0,6.1,20.7,28.1,Geremy Davis,2022.0
619,0,0,28.4,4.9,0.0,2.45,0.0,,20.6,24.5,Geronimo Allison,2022.0
620,0,0,33.8,14.0,,10.605,0.0,2.28,20.1,44.3,Golden Tate,2022.0
621,0,0,24.0,1.38,1.38,0.18999999999999995,0.0,,19.3,39.4,Greg Dortch,2022.0
622,0,0,38.7,,,,,2.2,22.0,46.5,Greg Jennings,2022.0
623,0,0,33.0,,,,,2.27,20.3,10.9,Greg Little,2022.0
624,0,0,33.8,,,,,4.15,21.0,34.0,Greg Salas,2022.0
625,0,0,26.9,10.0,2.0341,6.7842666666666664,0.0,,20.2,,Greg Ward,2022.0
626,0,0,32.3,,,,,,,15.6,Griff Whalen,2022.0
627,0,0,34.4,,,,,1.29,18.6,52.2,Hakeem Nicks,2022.0
628,0,0,37.7,,,,,3.21,22.0,30.1,Harry Douglas,2022.0
629,0,0,23.3,12.0714,12.0714,9.2703,0.0,1.12,,17.5,Henry Ruggs,2022.0
630,0,0,26.4,15.2412,15.2412,11.2554,0.3333333333333333,5.11,21.7,23.7,Hunter Renfrow,2022.0
631,0,0,28.1,,,,,,20.4,43.8,Hunter Sharp,2022.0
632,0,0,22.8,3.575,3.575,3.575,0.0,5.13,20.0,32.8,Ihmir Smith-Marsette,2022.0
633,0,0,27.9,,,,,,,7.0,Isaac Whitney,2022.0
634,0,0,30.5,,,,,,,17.0,Isaiah Burse,2022.0
635,0,0,23.7,0.0,0.0,0.0,0.0,5.26,21.0,31.3,Isaiah Coulter,2022.0
636,0,0,26.3,6.1,3.0846,4.914866666666667,0.0,7.19,18.6,35.5,Isaiah Ford,2022.0
637,0,0,23.6,0.0,0.0,0.0,0.0,6.28,19.9,40.8,Isaiah Hodgins,2022.0
638,0,0,27.1,6.2237,3.5,5.0079,0.0,5.29,21.4,34.5,Isaiah McKenzie,2022.0
639,0,0,25.4,3.3071,,3.3071,0.0,,,18.7,Isaiah Wright,2022.0
640,0,0,25.1,1.75,,1.75,0.0,,19.4,25.9,Isaiah Zuber,2022.0
641,0,0,26.8,2.7,,2.7,0.0,,,14.5,Ishmael Hyman,2022.0
642,0,0,27.0,,,,,4.33,20.3,27.6,J'Mon Moore,2022.0
643,0,0,29.5,,,,,,,8.5,J.J. Jones,2022.0
644,0,0,30.1,13.6,,13.6,0.0,5.23,21.4,24.2,J.J. Nelson,2022.0
645,0,0,25.5,3.6667,2.08,2.8733500000000003,0.0,,21.7,34.7,Ja'Marcus Bradley,2022.0
646,0,0,22.2,17.9176,17.9176,17.9176,1.0,1.05,19.5,33.4,Ja'Marr Chase,2022.0
647,0,0,28.3,,,,,3.06,19.6,31.1,Jaelen Strong,2022.0
648,0,0,23.4,1.2667,1.2667,1.2667,0.0,4.24,20.6,45.0,Jaelon Darden,2022.0
649,0,0,30.3,3.6,0.32,1.8177666666666668,0.0,,21.6,40.7,Jake Kumerow,2022.0
650,0,0,29.6,6.2357,2.6333,4.423,0.0,6.11,22.9,25.4,Jakeem Grant,2022.0
651,0,0,25.6,10.9647,10.9647,8.914900000000001,0.0,,20.8,24.8,Jakobi Meyers,2022.0
652,0,0,27.3,2.6,,2.1,0.0,4.32,22.5,27.7,Jaleel Scott,2022.0
653,0,0,23.9,0.0,0.0,0.0,0.0,6.24,22.2,21.7,Jalen Camp,2022.0
654,0,0,25.0,6.075,6.075,4.047899999999999,0.0,,20.2,22.2,Jalen Guyton,2022.0
655,0,0,23.4,7.9273,4.5941,6.2607,0.0,1.21,18.7,36.7,Jalen Reagor,2022.0
656,0,0,29.7,,,,,4.04,18.9,34.4,Jalen Saunders,2022.0
657,0,0,26.4,,,,,,19.7,46.7,Jalen Tolliver,2022.0
658,0,0,26.9,,,,,,20.1,24.8,Jalin Marshall,2022.0
659,0,0,38.2,,,,,3.14,22.4,44.1,James Jones,2022.0
660,0,0,25.7,2.5857,2.5857,1.3785500000000002,0.0,6.22,20.0,38.4,James Proche,2022.0
661,0,0,26.2,8.9,4.3867,6.495566666666668,0.0,2.28,18.4,33.3,James Washington,2022.0
662,0,0,30.4,,,,,7.24,,2.3,James Wright,2022.0
663,0,0,29.0,14.335,9.1417,11.9589,0.0,4.06,19.2,33.3,Jamison Crowder,2022.0
664,0,0,28.5,,,,,,19.8,16.1,Janarion Grant,2022.0
665,0,0,31.5,,,,,5.36,20.7,37.0,Jared Abbrederis,2022.0
666,0,0,32.5,3.6,,3.6,0.0,4.23,21.8,40.2,Jarius Wright,2022.0
667,0,0,32.4,5.3,,5.3,0.0,,,11.2,Jaron Brown,2022.0
668,0,0,32.6,,,,,,18.8,29.9,Jarrett Boykin,2022.0
669,0,0,29.5,14.8,11.0833,12.804666666666668,0.0,2.31,19.8,40.0,Jarvis Landry,2022.0
670,0,0,39.1,,,,,4.12,22.4,36.2,Jason Avant,2022.0
671,0,0,26.9,4.3,4.3,1.9666666666666668,0.0,,20.2,47.9,Jason Moore,2022.0
672,0,0,24.9,5.1375,5.1375,5.1375,0.0,7.03,19.2,37.9,Jauan Jennings,2022.0
673,0,0,27.7,3.9,,2.60385,0.0,7.06,23.0,28.2,Javon Wims,2022.0
674,0,0,30.8,,,,,,22.1,25.6,Javontee Herndon,2022.0
675,0,0,27.2,,,,,,19.4,24.5,Jawill Davis,2022.0
676,0,0,28.1,1.28,0.2727,0.5175666666666666,0.0,,19.4,19.3,Jaydon Mickens,2022.0
677,0,0,23.5,15.3625,15.3625,15.3625,1.0,1.06,21.8,19.7,Jaylen Waddle,2022.0
678,0,0,27.8,0.0,,0.0,0.0,,22.1,16.4,Jeff Badet,2022.0
679,0,0,31.0,,,,,7.21,20.2,45.2,Jeff Janis,2022.0
680,0,0,33.2,,,,,,19.5,36.4,Jeff Maehl,2022.0
681,0,0,25.1,2.8083,1.6,2.2027666666666668,0.0,,19.4,20.4,Jeff Smith,2022.0
682,0,0,28.4,,,,,4.33,21.7,23.9,Jehu Chesson,2022.0
683,0,0,31.1,,,,,,21.4,50.8,Jeremy Butler,2022.0
684,0,0,33.6,,,,,5.22,21.8,26.9,Jeremy Kerley,2022.0
685,0,0,34.1,,,,,1.19,19.3,29.5,Jeremy Maclin,2022.0
686,0,0,34.2,,,,,,,7.3,Jeremy Ross,2022.0
687,0,0,32.3,,,,,,18.6,36.1,Jermaine Kearse,2022.0
688,0,0,36.3,,,,,2.15,18.6,59.6,Jerome Simpson,2022.0
689,0,0,33.0,,,,,3.19,19.2,21.8,Jerrel Jernigan,2022.0
690,0,0,40.0,,,,,4.12,19.2,29.2,Jerricho Cotchery,2022.0
691,0,0,23.1,9.85,8.5,9.175,0.0,1.15,19.4,25.1,Jerry Jeudy,2022.0
692,0,0,28.3,0.1,0.0,0.03333333333333333,0.0,,22.6,33.7,JoJo Natson,2022.0
693,0,0,34.2,,,,,,21.5,49.3,Joe Morgan,2022.0
694,0,0,24.4,0.8091,,0.8091,0.0,5.05,20.7,26.1,Joe Reed,2022.0
695,0,0,32.2,14.7,0.0,8.485199999999999,0.0,3.27,21.4,42.4,John Brown,2022.0
696,0,0,26.0,2.2154,0.0,1.1077,0.0,5.23,22.3,25.8,John Hightower,2022.0
697,0,0,26.5,11.9,4.1,5.744433333333333,0.0,1.09,18.8,34.1,John Ross,2022.0
698,0,0,28.4,2.1,,2.1,0.0,7.22,23.6,43.4,John Ursua,2022.0
699,0,0,31.8,0.7,,0.35,0.0,,25.0,17.3,Johnny Holton,2022.0
700,0,0,30.4,,,,,,21.6,23.8,Jonathan Krause,2022.0
701,0,0,30.6,,,,,,19.8,28.5,Jordan Leslie,2022.0
702,0,0,35.7,,,,,,20.9,26.1,Jordan Norwood,2022.0
703,0,0,28.7,,,,,5.15,21.0,27.2,Jordan Payton,2022.0
704,0,0,30.3,,,,,,20.6,32.5,Jordan Taylor,2022.0
705,0,0,26.9,0.0,0.0,0.0,0.0,,22.2,23.7,Jordan Veasy,2022.0
706,0,0,37.0,,,,,2.05,20.3,49.6,Jordy Nelson,2022.0
707,0,0,33.0,2.0,,2.0,0.0,,21.3,16.9,Josh Bellamy,2022.0
708,0,0,29.5,,,,,1.22,18.8,38.6,Josh Doctson,2022.0
709,0,0,31.1,6.8,1.1833,3.99165,0.0,2.5,19.4,25.0,Josh Gordon,2022.0
710,0,0,30.6,,,,,3.22,20.9,33.8,Josh Huff,2022.0
711,0,0,26.2,1.7,,1.7,0.0,4.22,20.5,35.3,Josh Malone,2022.0
712,0,0,37.0,,,,,6.08,20.2,24.7,Josh Morgan,2022.0
713,0,0,22.7,5.4647,5.4647,5.4647,0.0,3.13,21.0,25.9,Josh Palmer,2022.0
714,0,0,27.3,7.7687,6.7167,6.195133333333334,0.0,4.1,19.6,39.7,Josh Reynolds,2022.0
715,0,0,25.5,14.6312,6.96,10.3304,0.0,2.3,18.8,31.9,JuJu Smith-Schuster,2022.0
716,0,0,25.7,1.6857,1.6857,0.5619,0.0,6.14,,14.5,JuWann Winfree,2022.0
717,0,0,33.3,18.3,8.04,14.191099999999999,0.6666666666666666,1.06,19.6,34.4,Julio Jones,2022.0
718,0,0,33.4,,,,,7.31,21.7,24.8,Junior Hemingway,2022.0
719,0,0,31.2,,,,,6.18,20.5,19.8,Justin Brown,2022.0
720,0,0,30.5,3.2,,3.2,0.0,4.08,19.7,31.6,Justin Hardy,2022.0
721,0,0,31.0,,,,,2.02,19.3,27.2,Justin Hunter,2022.0
722,0,0,23.4,19.4353,19.4353,18.2864,1.0,1.22,19.6,30.0,Justin Jefferson,2022.0
723,0,0,26.2,6.1,0.0,2.5303,0.0,5.07,19.4,60.3,Justin Watson,2022.0
724,0,0,28.8,,,,,,,14.5,K.J. Brent,2022.0
725,0,0,22.9,6.9308,4.1333,5.53205,0.0,2.14,19.2,31.7,K.J. Hamler,2022.0
726,0,0,24.7,1.0,1.0,0.9099999999999999,0.0,7.06,,19.0,K.J. Hill,2022.0
727,0,0,25.0,9.3235,9.3235,4.66175,0.0,5.31,21.2,23.2,K.J. Osborn,2022.0
728,0,0,23.3,8.236,8.236,8.236,0.0,1.2,21.6,23.7,Kadarius Toney,2022.0
729,0,0,30.4,,,,,6.08,22.7,20.2,Kaelin Clay,2022.0
730,0,0,27.8,8.275,8.275,4.6005666666666665,0.0,,21.1,30.5,Kalif Raymond,2022.0
731,0,0,33.0,,,,,,18.3,25.9,Kamar Aiken,2022.0
732,0,0,29.5,,,,,,20.8,20.1,Kasen Williams,2022.0
733,0,0,23.8,0.0,0.0,0.0,0.0,7.27,20.0,37.8,Kawaan Baker,2022.0
734,0,0,25.6,4.4,0.0,2.8125,0.0,6.01,19.9,35.7,KeeSean Johnson,2022.0
735,0,0,29.1,9.7125,5.26,7.190833333333333,0.0,,20.4,60.7,Keelan Cole,2022.0
736,0,0,26.2,4.0,,2.0,0.0,,20.5,35.9,Keelan Doss,2022.0
737,0,0,30.1,17.5071,16.1125,16.639866666666666,1.0,3.14,18.4,49.5,Keenan Allen,2022.0
738,0,0,28.4,2.3,1.5333,1.91665,0.0,,23.7,26.9,Keith Kirkwood,2022.0
739,0,0,30.0,,,,,5.39,,12.9,Keith Mumphery,2022.0
740,0,0,25.4,10.875,0.75,6.075,0.0,4.03,20.6,30.8,Keke Coutee,2022.0
741,0,0,31.3,,,,,1.28,22.6,29.3,Kelvin Benjamin,2022.0
742,0,0,25.5,4.8,,4.8,0.0,6.33,20.7,31.2,Kelvin Harmon,2022.0
743,0,0,33.8,,,,,,,14.5,Kenbrell Thompkins,2022.0
744,0,0,32.6,,,,,1.2,18.8,35.7,Kendall Wright,2022.0
745,0,0,26.8,10.6176,10.6176,8.554766666666666,0.0,,20.1,20.6,Kendrick Bourne,2022.0
746,0,0,33.7,,,,,1.3,19.0,36.1,Kenny Britt,2022.0
747,0,0,28.6,15.5,6.3643,11.674766666666665,0.3333333333333333,3.32,19.8,41.8,Kenny Golladay,2022.0
748,0,0,30.1,9.2,1.4538,4.597933333333333,0.0,5.11,19.4,29.3,Kenny Stills,2022.0
749,0,0,27.7,,,,,,20.0,28.4,Keon Hatcher,2022.0
750,0,0,32.2,,,,,4.26,,18.7,Keshawn Martin,2022.0
751,0,0,32.3,,,,,7.18,21.5,21.7,Kevin Dorsey,2022.0
752,0,0,32.7,,,,,4.23,24.0,21.0,Kevin Norwood,2022.0
753,0,0,34.8,,,,,,19.1,42.5,Kevin Ogletree,2022.0
754,0,0,30.4,,,,,,,19.3,Kevin Smith,2022.0
755,0,0,29.9,0.8,0.8,0.4,0.0,1.07,21.2,36.8,Kevin White,2022.0
756,0,0,27.4,3.2222,1.9187,2.1803,0.0,,21.7,36.9,Khadarel Hodge,2022.0
757,0,0,25.4,1.15,1.15,0.575,0.0,,21.7,28.3,Kirk Merritt,2022.0
758,0,0,34.2,,,,,4.1,22.5,16.5,Kris Durham,2022.0
759,0,0,27.1,1.4,,1.4,0.0,,19.3,44.8,Krishawn Hogan,2022.0
760,0,0,25.4,6.7333,6.7333,3.36665,0.0,,19.7,53.4,Kristian Wilkerson,2022.0
761,0,0,27.3,,,,,,18.6,36.2,Lance Lenoir,2022.0
762,0,0,38.8,,,,,,20.0,33.4,Lance Moore,2022.0
763,0,0,27.0,6.8667,6.8667,4.915566666666667,0.0,1.23,19.2,29.0,Laquon Treadwell,2022.0
764,0,0,38.8,11.1,,9.43075,0.0,1.03,19.0,51.3,Larry Fitzgerald,2022.0
765,0,0,30.3,,,,,,20.5,24.0,Larry Pinkard,2022.0
766,0,0,23.7,11.2214,7.9375,9.57945,0.0,2.1,19.9,35.1,Laviska Shenault,2022.0
767,0,0,24.8,2.75,0.0,1.375,0.0,,21.0,26.4,Lawrence Cager,2022.0
768,0,0,33.3,,,,,3.15,20.6,49.6,Leonard Hankerson,2022.0
769,0,0,28.4,,,,,3.23,19.6,52.5,Leonte Carroo,2022.0
770,0,0,24.1,4.99,4.99,3.174433333333333,0.0,,20.4,32.3,Lil'Jordan Humphrey,2022.0
771,0,0,35.1,,,,,4.24,21.3,21.5,Louis Murphy,2022.0
772,0,0,30.0,,,,,,22.3,31.4,Lucky Whitehead,2022.0
773,0,0,24.6,5.358,,5.358,0.0,3.16,20.9,26.3,Lynn Bowden,2022.0
774,0,0,28.7,3.5471,3.5471,2.6323666666666665,0.0,4.12,21.0,22.4,Mack Hollins,2022.0
775,0,0,28.9,,,,,4.14,22.1,35.8,Malcolm Mitchell,2022.0
776,0,0,25.1,2.7444,,2.7444,0.0,7.32,20.4,13.4,Malcolm Perry,2022.0
777,0,0,40.7,,,,,,20.0,26.3,Malcom Floyd,2022.0
778,0,0,26.4,1.2333,0.14,0.68665,0.0,,20.7,18.7,Malik Taylor,2022.0
779,0,0,26.3,4.5,3.2071,2.5690333333333335,0.0,,20.6,26.5,Malik Turner,2022.0
780,0,0,27.7,3.6,0.0,1.8,0.0,7.1,23.0,22.2,Marcell Ateman,2022.0
781,0,0,34.6,,,,,4.09,21.8,40.9,Marcus Easley,2022.0
782,0,0,27.8,7.1,3.5429,4.744599999999999,0.0,,,12.6,Marcus Johnson,2022.0
783,0,0,26.8,0.275,0.275,0.2425,0.0,,19.1,33.3,Marcus Kemp,2022.0
784,0,0,29.3,,,,,7.21,20.5,32.6,Mario Alford,2022.0
785,0,0,28.9,0.0,,0.0,0.0,,,17.1,Marken Michel,2022.0
786,0,0,31.3,,,,,3.17,19.6,36.0,Markus Wheaton,2022.0
787,0,0,31.1,,,,,,21.4,20.2,Marlon Brown,2022.0
788,0,0,30.5,1.2,,1.2,0.0,2.07,19.8,34.5,Marqise Lee,2022.0
789,0,0,39.0,,,,,7.44,19.3,34.6,Marques Colston,2022.0
790,0,0,29.7,,,,,7.3,18.0,32.0,Marquess Wilson,2022.0
791,0,0,24.2,8.9294,8.9294,6.387449999999999,0.0,,19.4,33.1,Marquez Callaway,2022.0
792,0,0,24.2,0.0,0.0,0.0,0.0,6.19,20.4,37.5,Marquez Stevenson,2022.0
793,0,0,27.6,8.5813,7.9091,7.363466666666667,0.0,5.37,22.9,26.7,Marquez Valdes-Scantling,2022.0
794,0,0,27.8,,,,,,19.1,11.9,Marquis Bundy,2022.0
795,0,0,25.0,14.1438,14.1438,12.027099999999999,0.0,1.25,21.3,30.6,Marquise Brown,2022.0
796,0,0,31.5,4.8,4.0857,4.44285,0.0,3.16,,13.6,Marquise Goodwin,2022.0
797,0,0,30.5,,,,,4.18,,18.5,Martavis Bryant,2022.0
798,0,0,29.1,5.7,1.0,3.9083333333333337,0.0,,,6.3,Marvin Hall,2022.0
799,0,0,32.2,14.9,10.6,13.245833333333335,0.0,5.31,19.5,26.3,Marvin Jones,2022.0
800,0,0,30.4,,,,,6.14,19.6,28.6,Matt Hazel,2022.0
801,0,0,29.6,,,,,,,12.5,Maurice Harris,2022.0
802,0,0,28.0,,,,,,21.3,23.9,Max McCaffrey,2022.0
803,0,0,24.2,8.2882,8.2882,7.7981333333333325,0.0,2.24,,18.7,Mecole Hardman,2022.0
804,0,0,31.4,,,,,7.03,20.6,59.5,Michael Campanaro,2022.0
805,0,0,26.6,,,,,,,19.8,Michael Clark,2022.0
806,0,0,34.7,3.1,,3.1,0.0,1.1,20.0,34.3,Michael Crabtree,2022.0
807,0,0,32.5,,,,,1.13,18.8,39.4,Michael Floyd,2022.0
808,0,0,26.2,15.2,10.1667,12.066,0.3333333333333333,3.17,20.5,37.4,Michael Gallup,2022.0
809,0,0,24.7,14.0353,14.0353,10.8215,0.0,2.02,20.9,32.8,Michael Pittman,2022.0
810,0,0,29.2,23.4,,17.69285,0.5,2.16,21.5,39.6,Michael Thomas,2022.0
811,0,0,25.6,-0.1,,-0.1,0.0,,19.9,14.9,Michael Walker,2022.0
812,0,0,35.0,,,,,4.03,19.3,38.5,Mike A. Williams,2022.0
813,0,0,33.3,,,,,,20.6,23.4,Mike Brown,2022.0
814,0,0,28.8,17.7,16.4062,16.5479,1.0,1.07,19.0,30.2,Mike Evans,2022.0
815,0,0,24.8,0.92,0.92,0.92,0.0,7.01,21.1,54.7,Mike Strachan,2022.0
816,0,0,27.8,2.1643,0.85,1.2047666666666668,0.0,6.31,20.1,35.1,Mike Thomas,2022.0
817,0,0,35.8,,,,,3.2,20.1,29.6,Mike Wallace,2022.0
818,0,0,27.7,15.4125,15.4125,12.153066666666668,0.3333333333333333,1.07,19.9,27.0,Mike Williams,2022.0
819,0,0,37.9,,,,,,18.2,48.0,Miles Austin,2022.0
820,0,0,25.6,4.35,0.2,2.9166666666666665,0.0,3.29,18.9,30.1,Miles Boykin,2022.0
821,0,0,32.8,8.3,4.0875,5.595833333333334,0.0,3.19,20.0,35.9,Mohamed Sanu,2022.0
822,0,0,32.2,,,,,,,17.9,Myles White,2022.0
823,0,0,24.5,5.6,2.3667,4.4151,0.0,1.32,18.7,43.9,N'Keal Harry,2022.0
824,0,0,38.8,,,,,,19.0,71.8,Nate Washington,2022.0
825,0,0,29.0,11.6,6.8933,8.964433333333334,0.0,1.2,20.3,32.4,Nelson Agholor,2022.0
826,0,0,33.6,,,,,4.27,20.8,31.2,Nick Toon,2022.0
827,0,0,25.2,6.725,6.725,3.6817499999999996,0.0,,19.5,25.8,Nick Westbrook-Ikhine,2022.0
828,0,0,31.5,,,,,,,9.1,Nick Williams,2022.0
829,0,0,23.2,5.9714,5.9714,5.9714,0.0,3.25,19.5,27.3,Nico Collins,2022.0
830,0,0,26.4,2.6462,2.6462,2.25435,0.0,7.21,20.7,22.4,Noah Brown,2022.0
831,0,0,26.3,0.0,0.0,-0.041666666666666664,0.0,,22.6,31.4,Nsimba Webster,2022.0
832,0,0,29.6,12.6,9.2214,11.4081,0.0,1.12,19.8,34.5,Odell Beckham,2022.0
833,0,0,25.2,6.1,,5.231249999999999,0.0,7.33,21.5,20.3,Olabisi Johnson,2022.0
834,0,0,24.9,5.2824,5.2824,5.078966666666666,0.0,,19.1,36.5,Olamide Zaccheaus,2022.0
835,0,0,24.9,7.35,5.3667,6.038900000000001,0.0,2.27,18.1,23.5,Parris Campbell,2022.0
836,0,0,29.5,,,,,,19.8,62.3,Paul McRoberts,2022.0
837,0,0,30.1,6.5,,6.5,0.0,2.13,18.4,46.3,Paul Richardson,2022.0
838,0,0,29.1,,,,,,,15.9,Paul Turner,2022.0
839,0,0,25.9,0.7588,0.7588,0.5025000000000001,0.0,,19.2,32.0,Penny Hart,2022.0
840,0,0,34.0,,,,,1.22,19.3,21.4,Percy Harvin,2022.0
841,0,0,27.2,4.6,0.95,2.1062333333333334,0.0,4.19,19.5,43.1,Pharoh Cooper,2022.0
842,0,0,29.4,9.2,3.0,6.1,0.0,1.29,19.7,32.6,Phillip Dorsett,2022.0
843,0,0,35.8,,,,,6.39,19.1,37.7,Pierre Garcon,2022.0
844,0,0,35.3,,,,,,20.6,18.7,Preston Parker,2022.0
845,0,0,25.2,11.3,1.725,7.458333333333333,0.0,,21.4,45.3,Preston Williams,2022.0
846,0,0,25.7,,,,,,,5.2,Quadree Henderson,2022.0
847,0,0,29.1,,,,,,21.4,16.6,Quan Bray,2022.0
848,0,0,25.0,6.8235,6.8235,5.3784,0.0,6.21,21.2,36.8,Quez Watkins,2022.0
849,0,0,30.0,0.6,,0.6,0.0,6.33,21.3,41.7,Quincy Enunwa,2022.0
850,0,0,24.2,9.88,9.88,7.5131000000000006,0.0,5.21,20.4,35.7,Quintez Cephus,2022.0
851,0,0,31.8,,,,,4.31,21.1,40.6,Quinton Patton,2022.0
852,0,0,23.0,0.0889,0.0889,0.0889,0.0,6.21,,8.8,Racey McMath,2022.0
853,0,0,31.8,10.3,7.8,9.370000000000001,0.0,2.32,20.0,28.2,Randall Cobb,2022.0
854,0,0,29.7,,,,,5.03,20.0,29.5,Rashad Greene,2022.0
855,0,0,32.3,,,,,,,18.7,Rashad Ross,2022.0
856,0,0,27.7,9.3,3.8333,5.1110999999999995,0.0,5.35,18.9,43.6,Rashard Higgins,2022.0
857,0,0,30.3,,,,,,23.6,23.5,Rashawn Scott,2022.0
858,0,0,22.5,8.625,8.625,8.625,0.0,1.27,18.8,40.0,Rashod Bateman,2022.0
859,0,0,25.6,4.1375,4.1375,1.9500000000000002,0.0,6.13,,10.6,Ray-Ray McCloud,2022.0
860,0,0,28.8,0.0,,0.0,0.0,,20.0,30.4,Reggie Begelton,2022.0
861,0,0,43.5,,,,,1.3,18.8,32.1,Reggie Wayne,2022.0
862,0,0,28.2,,,,,4.16,21.5,31.6,Ricardo Louis,2022.0
863,0,0,26.7,6.44,,4.12,0.0,7.22,20.0,31.5,Richie James,2022.0
864,0,0,30.9,,,,,,20.2,30.8,Rico Richardson,2022.0
865,0,0,34.7,,,,,5.28,22.0,30.6,Riley Cooper,2022.0
866,0,0,29.0,,,,,,23.2,24.7,Riley McCarron,2022.0
867,0,0,25.9,4.3,,2.94,0.0,4.24,22.1,22.2,Riley Ridley,2022.0
868,0,0,32.6,,,,,7.2,20.9,44.1,Rishard Matthews,2022.0
869,0,0,27.6,1.1222,0.0,0.5611,0.0,,19.8,19.3,River Cracraft,2022.0
870,0,0,29.1,14.0062,8.1471,10.717766666666668,0.0,,20.3,34.8,Robby Anderson,2022.0
871,0,0,27.2,1.2,,1.2,0.0,6.25,18.4,31.1,Robert Davis,2022.0
872,0,0,28.1,1.425,,1.3125,0.0,,21.3,18.1,Robert Foster,2022.0
873,0,0,30.0,,,,,6.09,20.3,31.4,Robert Herron,2022.0
874,0,0,37.7,,,,,1.27,21.9,41.8,Robert Meachem,2022.0
875,0,0,30.1,15.5,15.2444,15.354366666666666,1.0,2.09,18.4,31.6,Robert Woods,2022.0
876,0,0,34.3,,,,,,22.6,33.3,Rod Streater,2022.0
877,0,0,40.6,,,,,1.27,20.8,50.5,Roddy White,2022.0
878,0,0,27.7,0.0,0.0,0.0,0.0,5.27,21.0,28.6,Rodney Adams,2022.0
879,0,0,28.5,,,,,,20.8,33.8,Roger Lewis,2022.0
880,0,0,22.0,7.7929,7.7929,7.7929,0.0,2.17,18.2,25.6,Rondale Moore,2022.0
881,0,0,31.1,,,,,2.31,19.3,40.5,Rueben Randle,2022.0
882,0,0,26.4,11.6429,11.6429,10.019733333333333,0.0,6.2,,14.2,Russell Gage,2022.0
883,0,0,31.7,2.8,,2.8,0.0,,,10.7,Russell Shepard,2022.0
884,0,0,34.1,,,,,2.22,21.4,42.9,Ryan Broyles,2022.0
885,0,0,31.5,2.7,,2.7,0.0,5.02,21.7,45.3,Ryan Grant,2022.0
886,0,0,27.6,1.2,,1.2,0.0,4.27,21.8,24.6,Ryan Switzer,2022.0
887,0,0,32.3,,,,,,20.6,15.4,Saalim Hakim,2022.0
888,0,0,29.2,,,,,3.23,20.4,29.5,Sammie Coates,2022.0
889,0,0,29.0,10.5,5.4154,8.251800000000001,0.0,1.04,18.2,34.2,Sammy Watkins,2022.0
890,0,0,43.0,,,,,1.16,19.3,24.8,Santana Moss,2022.0
891,0,0,38.3,,,,,1.25,21.5,48.6,Santonio Holmes,2022.0
892,0,0,24.8,6.4062,2.1222,4.3427999999999995,0.0,6.35,19.1,41.5,Scott Miller,2022.0
893,0,0,29.8,,,,,,20.1,42.6,Seantavius Jones,2022.0
894,0,0,31.3,4.3,,2.6571499999999997,0.0,,22.5,35.6,Seth Roberts,2022.0
895,0,0,22.1,2.2,2.2,2.2,0.0,6.34,18.4,35.6,Seth Williams,2022.0
896,0,0,35.0,,,,,,21.2,29.7,Seyi Ajirotutu,2022.0
897,0,0,29.5,,,,,,21.8,42.3,Shane Wynn,2022.0
898,0,0,28.2,,,,,5.22,21.5,31.5,Shelton Gibson,2022.0
899,0,0,23.6,2.6833,2.6833,2.6833,0.0,6.2,20.9,33.8,Shi Smith,2022.0
900,0,0,24.5,0.0,0.0,0.0,0.0,5.35,21.8,38.4,Simi Fehoko,2022.0
901,0,0,31.6,,,,,,22.9,40.8,Solomon Patton,2022.0
902,0,0,27.5,0.0,,0.0,0.0,,22.8,36.9,Spencer Schnell,2022.0
903,0,0,27.1,,,,,7.01,18.3,27.2,Stacy Coley,2022.0
904,0,0,25.7,1.0,0.2,0.39999999999999997,0.0,,21.0,37.5,Stanley Morgan,2022.0
905,0,0,31.6,,,,,3.3,20.8,47.4,Stedman Bailey,2022.0
906,0,0,28.5,20.5375,16.7941,17.210533333333334,0.6666666666666666,5.1,18.8,36.1,Stefon Diggs,2022.0
907,0,0,29.3,14.0,11.1,12.880566666666667,0.0,2.09,20.6,33.2,Sterling Shepard,2022.0
908,0,0,35.9,,,,,7.17,21.1,30.3,Steve Johnson,2022.0
909,0,0,43.1,,,,,3.12,20.3,31.0,Steve Smith,2022.0
910,0,0,28.1,2.8,,2.31665,0.0,,,17.9,Steven Mitchell,2022.0
911,0,0,25.2,6.9,0.0,3.891666666666667,0.0,,19.4,29.8,Steven Sims,2022.0
912,0,0,32.9,,,,,3.06,22.1,23.1,T.J. Graham,2022.0
913,0,0,29.9,4.3,,4.3,0.0,6.13,21.1,33.4,T.J. Jones,2022.0
914,0,0,32.5,12.5,7.41,10.285566666666666,0.0,3.29,18.8,41.9,T.Y. Hilton,2022.0
915,0,0,27.4,6.3,3.2,3.1666666666666665,0.0,5.01,18.7,37.8,Tajae Sharpe,2022.0
916,0,0,27.5,,,,,,20.7,44.8,Tanner Gentry,2022.0
917,0,0,24.3,2.0,2.0,2.0,0.0,,19.6,24.0,Tarik Black,2022.0
918,0,0,31.9,,,,,5.28,21.1,24.1,Tavarres King,2022.0
919,0,0,31.3,10.0,,10.0,0.0,,20.6,28.7,Taylor Gabriel,2022.0
920,0,0,27.3,0.0,,0.0,0.0,3.08,20.5,38.6,Taywan Taylor,2022.0
921,0,0,37.1,5.7,,3.43335,0.0,1.09,20.4,28.5,Ted Ginn,2022.0
922,0,0,23.4,15.65,15.65,13.90625,0.5,2.01,18.6,29.7,Tee Higgins,2022.0
923,0,0,22.0,2.5231,2.5231,2.5231,0.0,2.27,19.2,33.4,Terrace Marshall,2022.0
924,0,0,32.7,,,,,3.12,22.0,38.3,Terrance Williams,2022.0
925,0,0,25.6,3.25,,3.25,0.0,7.23,20.9,17.8,Terry Godwin,2022.0
926,0,0,26.7,14.92,12.5588,13.726266666666666,0.0,3.12,,17.7,Terry McLaurin,2022.0
927,0,0,29.5,2.5,,2.5,0.0,,,12.2,Tevin Jones,2022.0
928,0,0,28.5,10.7467,9.775,8.640566666666667,0.0,,22.8,38.1,Tim Patrick,2022.0
929,0,0,27.9,,,,,,21.1,19.6,Tim White,2022.0
930,0,0,25.8,1.5333,1.5333,1.5333,0.0,,21.1,30.5,Tom Kennedy,2022.0
931,0,0,29.6,0.85,0.85,0.715,0.0,,,19.3,Tommylee Lewis,2022.0
932,0,0,24.8,0.0,,0.0,0.0,,22.1,26.3,Tony Brown,2022.0
933,0,0,31.6,,,,,,22.9,26.9,Tony Washington,2022.0
934,0,0,33.3,,,,,2.26,20.6,41.1,Torrey Smith,2022.0
935,0,0,32.4,1.8,-0.2,0.8,0.0,4.05,,19.0,Travis Benjamin,2022.0
936,0,0,26.7,8.9154,0.0,2.9718,0.0,6.11,21.0,36.0,Travis Fulgham,2022.0
937,0,0,26.7,,,,,,20.0,28.6,Travis Rudolph,2022.0
938,0,0,29.5,,,,,7.28,19.8,37.8,Tre McBride,2022.0
939,0,0,25.9,7.9727,7.9727,7.478999999999999,0.0,3.27,19.2,33.0,Tre'Quan Smith,2022.0
940,0,0,26.3,1.5,1.3941,1.1869333333333334,0.0,,19.5,25.7,Trent Sherfield,2022.0
941,0,0,28.1,1.55,1.525,1.5375,0.0,5.34,20.4,31.7,Trent Taylor,2022.0
942,0,0,26.5,1.5,0.7714,1.1357,0.0,,,14.2,Trenton Irwin,2022.0
943,0,0,28.9,2.0,,2.0,0.0,5.26,19.2,14.7,Trevor Davis,2022.0
944,0,0,26.5,4.1,,2.05,0.0,7.38,21.8,34.7,Trey Quinn,2022.0
945,0,0,25.4,2.5375,2.5375,2.5375,0.0,,20.6,39.2,Trinity Benson,2022.0
946,0,0,22.6,0.0,0.0,0.0,0.0,2.25,18.9,36.7,Tutu Atwell,2022.0
947,0,0,23.1,0.2529,0.2529,0.2529,0.0,4.26,19.3,42.3,Tylan Wallace,2022.0
948,0,0,27.6,13.9,11.49,12.744233333333334,0.0,2.24,18.8,42.7,Tyler Boyd,2022.0
949,0,0,23.8,4.2353,4.2353,3.57835,0.0,5.16,19.0,57.2,Tyler Johnson,2022.0
950,0,0,29.7,16.5875,15.0875,15.458333333333334,0.6666666666666666,3.05,19.9,44.2,Tyler Lockett,2022.0
951,0,0,28.3,21.9267,17.4412,18.355966666666664,1.0,5.28,,19.4,Tyreek Hill,2022.0
952,0,0,30.3,11.0,3.4,7.2,0.0,,20.6,30.5,Tyrell Williams,2022.0
953,0,0,24.7,1.23,0.0,0.615,0.0,7.38,20.0,15.8,Tyrie Cleveland,2022.0
954,0,0,26.4,6.625,0.36,3.4925,0.0,,22.7,23.6,Tyron Johnson,2022.0
955,0,0,25.8,9.8941,9.8941,6.41265,0.0,2.25,22.1,21.0,Van Jefferson,2022.0
956,0,0,25.8,4.2,,4.2,0.0,,20.0,23.3,Ventell Bryant,2022.0
957,0,0,27.2,,,,,,19.4,23.9,Victor Bolden,2022.0
958,0,0,35.6,,,,,,21.8,39.9,Victor Cruz,2022.0
959,0,0,33.4,,,,,3.18,19.6,35.5,Vincent Brown,2022.0
960,0,0,39.4,,,,,2.29,20.6,70.3,Vincent Jackson,2022.0
961,0,0,26.0,3.7,0.0,1.3428666666666667,0.0,,19.2,32.4,Vyncint Smith,2022.0
962,0,0,30.4,,,,,6.2,20.7,42.7,Walter Powell,2022.0
963,0,0,31.7,,,,,,24.0,48.3,Wendall Williams,2022.0
964,0,0,41.1,,,,,,20.4,17.4,Wes Welker,2022.0
965,0,0,28.1,17.1727,4.3,11.224233333333332,0.3333333333333333,1.21,20.4,46.7,Will Fuller,2022.0
966,0,0,29.6,7.2462,0.8667,4.670966666666667,0.0,,19.9,39.4,Willie Snead,2022.0
967,0,0,27.5,9.5,5.9062,7.9875,0.0,,19.7,34.3,Zach Pascal,2022.0
968,0,0,27.2,6.2294,6.2294,4.0048,0.0,2.05,20.4,37.1,Zay Jones,2022.0
969,0,1,30.7,,,,,6.26,,13.3,A.J. Derby,2022.0
970,0,1,27.6,2.8125,1.9167,2.3430666666666666,0.0,2.13,20.9,36.4,Adam Shaheen,2022.0
971,0,1,25.3,4.8692,4.8692,3.7046,0.0,3.41,20.6,38.1,Adam Trautman,2022.0
972,0,1,33.7,,,,,4.32,,14.2,Adrien Robinson,2022.0
973,0,1,29.1,,,,,,19.3,15.5,Alan Cross,2022.0
974,0,1,24.1,7.275,5.4286,6.351800000000001,0.0,4.12,19.4,28.3,Albert Okwuegbunam,2022.0
975,0,1,29.3,,,,,,,3.2,Alex Ellis,2022.0
976,0,1,26.0,2.2,0.0,0.7333333333333334,0.0,,,7.5,Andrew Beck,2022.0
977,0,1,33.6,,,,,5.23,17.9,14.9,Andrew Quarless,2022.0
978,0,1,38.1,,,,,2.21,,10.4,Anthony Fasano,2022.0
979,0,1,27.3,5.2733,5.2733,4.834866666666667,0.0,,19.5,35.2,Anthony Firkser,2022.0
980,0,1,29.0,0.9812,0.9812,0.5604,0.0,,,12.0,Antony Auclair,2022.0
981,0,1,30.2,,,,,,,2.3,Asante Cleveland,2022.0
982,0,1,27.6,14.6,5.7812,9.704,0.0,3.18,,17.4,Austin Hooper,2022.0
983,0,1,29.7,,,,,2.06,18.9,29.5,Austin Seferian-Jenkins,2022.0
984,0,1,28.7,,,,,,22.0,16.8,Austin Traylor,2022.0
985,0,1,28.3,4.5,,4.5,0.0,,21.6,30.6,Ben Braunecker,2022.0
986,0,1,25.7,0.5714,0.0,0.2857,0.0,,,15.3,Ben Ellefson,2022.0
987,0,1,29.1,0.6,,0.6,0.0,7.12,,7.6,Ben Koyack,2022.0
988,0,1,41.4,3.8,,3.8,0.0,1.32,,10.5,Ben Watson,2022.0
989,0,1,30.8,1.3875,1.2467,1.2780666666666667,0.0,4.18,23.1,15.8,Blake Bell,2022.0
990,0,1,27.9,5.7,4.075,3.991666666666667,0.0,,,7.1,Blake Jarwin,2022.0
991,0,1,28.3,,,,,,,4.2,Braedon Bowman,2022.0
992,0,1,33.1,,,,,,20.3,37.7,Brandon Bostick,2022.0
993,0,1,25.1,0.5333,0.0,0.26665,0.0,,,18.9,Brandon Dillon,2022.0
994,0,1,36.7,,,,,6.29,22.0,26.3,Brandon Myers,2022.0
995,0,1,37.3,,,,,1.2,22.5,13.2,Brandon Pettigrew,2022.0
996,0,1,34.6,,,,,,,0.8,Brandon Williams,2022.0
997,0,1,37.3,,,,,5.25,20.6,18.0,Brent Celek,2022.0
998,0,1,21.9,6.2,6.2,6.2,0.0,5.03,18.1,27.9,Brevin Jordan,2022.0
999,0,1,30.0,,,,,,21.3,19.9,Brian Parker,2022.0
1000,0,1,25.2,0.38,0.38,0.19,0.0,4.3,22.4,23.2,Brycen Hopkins,2022.0
1001,0,1,30.6,,,,,3.01,20.9,21.6,C.J. Fiedorowicz,2022.0
1002,0,1,29.4,11.35,8.0188,8.089599999999999,0.0,5.21,,9.0,C.J. Uzomah,2022.0
1003,0,1,25.9,0.0,,0.0,0.0,7.4,22.1,32.3,Caleb Wilson,2022.0
1004,0,1,30.9,6.5,4.6176,5.1267,0.0,,20.2,19.7,Cameron Brate,2022.0
1005,0,1,28.7,3.1,0.225,1.3372333333333335,0.0,,,10.8,Cethan Carter,2022.0
1006,0,1,33.3,3.2,,3.2,0.0,6.09,18.6,17.9,Charles Clay,2022.0
1007,0,1,25.8,0.8,,0.8,0.0,,,8.6,Charles Jones,2022.0
1008,0,1,24.6,0.6,0.6,0.5357,0.0,6.11,,5.5,Charlie Woerner,2022.0
1009,0,1,35.5,,,,,3.34,18.8,25.5,Chase Coffman,2022.0
1010,0,1,31.9,,,,,,,4.0,Chase Ford,2022.0
1011,0,1,31.9,,,,,7.16,,10.7,Chris Gragg,2022.0
1012,0,1,26.3,4.6063,0.875,2.3937666666666666,0.0,4.07,,18.0,Chris Herndon,2022.0
1013,0,1,26.6,1.3375,1.3375,0.66875,0.0,,,5.1,Chris Myarick,2022.0
1014,0,1,34.9,,,,,4.27,21.2,33.0,Clay Harbor,2022.0
1015,0,1,30.6,1.9,,1.9,0.0,3.04,20.9,23.9,Clive Walford,2022.0
1016,0,1,33.7,,,,,2.02,22.0,22.4,Coby Fleener,2022.0
1017,0,1,29.5,4.0,0.5,2.25,0.0,,24.7,20.3,Codey McElroy,2022.0
1018,0,1,23.4,0.6,0.5929,0.5964499999999999,0.0,4.27,18.7,18.7,Colby Parkinson,2022.0
1019,0,1,28.0,,,,,,22.2,21.3,Cole Hikutini,2022.0
1020,0,1,23.2,7.1294,7.1294,5.5022,0.0,2.11,20.5,20.8,Cole Kmet,2022.0
1021,0,1,28.5,,,,,,20.8,20.0,Cole Wick,2022.0
1022,0,1,28.4,0.5133,0.0,0.25665,0.0,,,3.1,Colin Thompson,2022.0
1023,0,1,33.0,,,,,,21.3,19.8,Cooper Helfet,2022.0
1024,0,1,37.7,,,,,3.22,,13.6,Craig Stevens,2022.0
1025,0,1,30.5,,,,,3.35,19.8,20.1,Crockett Gillmore,2022.0
1026,0,1,30.8,,,,,,,6.4,D.J. Tialavea,2022.0
1027,0,1,27.4,11.0,11.0,10.393933333333333,0.0,2.17,21.7,30.7,Dallas Goedert,2022.0
1028,0,1,23.1,0.7667,,0.7667,0.0,3.37,,19.3,Dalton Keene,2022.0
1029,0,1,25.9,12.2824,12.2824,7.246200000000001,0.0,4.37,,11.4,Dalton Schultz,2022.0
1030,0,1,27.2,6.8909,6.8909,6.4803,0.0,,20.5,38.4,Dan Arnold,2022.0
1031,0,1,30.0,2.9,0.4083,1.2090333333333334,0.0,,21.3,24.1,Daniel Brown,2022.0
1032,0,1,38.7,,,,,,,11.4,Daniel Fells,2022.0
1033,0,1,27.1,0.1,0.1,0.05,0.0,,,9.5,Daniel Helm,2022.0
1034,0,1,37.6,,,,,5.18,,9.6,Dante Rosario,2022.0
1035,0,1,27.5,1.9333,0.0667,0.7666666666666666,0.0,,,11.8,Darrell Daniels,2022.0
1036,0,1,29.7,17.4125,12.1364,14.449633333333333,0.3333333333333333,6.28,22.0,32.1,Darren Waller,2022.0
1037,0,1,34.7,,,,,7.38,,13.9,David Ausberry,2022.0
1038,0,1,29.3,,,,,,,15.0,David Grinnage,2022.0
1039,0,1,29.0,,,,,6.13,22.3,26.9,David Morgan,2022.0
1040,0,1,25.9,6.725,6.725,5.249366666666666,0.0,1.29,20.2,24.6,David Njoku,2022.0
1041,0,1,27.1,0.0,0.0,0.0,0.0,,,14.7,David Wells,2022.0
1042,0,1,25.5,10.94,10.94,7.2688999999999995,0.0,3.32,,4.2,Dawson Knox,2022.0
1043,0,1,37.8,9.1,,9.1,0.0,6.06,20.1,30.4,Delanie Walker,2022.0
1044,0,1,36.8,,,,,4.16,22.1,22.9,Dennis Pitta,2022.0
1045,0,1,27.2,2.7,0.3333,1.2634666666666667,0.0,,22.5,22.6,Deon Yelder,2022.0
1046,0,1,31.8,3.6,0.66,1.47,0.0,,18.1,66.4,Derek Carrier,2022.0
1047,0,1,24.8,1.3222,0.0,0.6611,0.0,3.27,,19.5,Devin Asiasi,2022.0
1048,0,1,31.3,,,,,4.09,21.6,17.9,Dion Sims,2022.0
1049,0,1,25.0,2.12,0.54,1.33,0.0,,,9.9,Dominique Dafney,2022.0
1050,0,1,34.8,,,,,,23.1,26.1,Dominique Jones,2022.0
1051,0,1,24.8,4.2143,4.2143,3.7956,0.0,,19.1,48.9,Donald Parham,2022.0
1052,0,1,26.1,4.9313,1.1235,2.5516,0.0,2.2,,10.5,Drew Sample,2022.0
1053,0,1,26.8,4.1176,4.1176,3.1458666666666666,0.0,4.23,,8.8,Durham Smythe,2022.0
1054,0,1,32.3,,,,,3.01,21.5,19.6,Dwayne Allen,2022.0
1055,0,1,30.7,,,,,,22.0,25.5,E.J. Bibbs,2022.0
1056,0,1,34.8,,,,,3.06,21.1,35.3,Ed Dickson,2022.0
1057,0,1,27.5,,,,,,,10.4,Emanuel Byrd,2022.0
1058,0,1,29.1,9.4533,4.0625,7.1386,0.0,1.1,19.4,18.8,Eric Ebron,2022.0
1059,0,1,28.1,2.0,1.1,1.225,0.0,5.31,20.4,31.6,Eric Saubert,2022.0
1060,0,1,30.1,1.1,0.1,0.4000000000000001,0.0,,,9.6,Eric Tomlinson,2022.0
1061,0,1,26.6,1.4,1.4,1.4,0.0,,,19.5,Ethan Wolf,2022.0
1062,0,1,28.5,0.0,,0.0,0.0,,,4.2,Evan Baylis,2022.0
1063,0,1,27.7,13.7,6.8333,9.781933333333333,0.0,1.23,22.0,29.5,Evan Engram,2022.0
1064,0,1,25.1,6.2,5.0176,4.426699999999999,0.0,4.35,,12.3,Foster Moreau,2022.0
1065,0,1,31.2,,,,,,,10.2,Gabe Holmes,2022.0
1066,0,1,34.0,0.0,,0.0,0.0,,,3.9,Garrett Celek,2022.0
1067,0,1,35.8,,,,,4.2,21.1,36.9,Garrett Graham,2022.0
1068,0,1,28.2,0.6077,0.6077,0.30385,0.0,,20.5,25.3,Garrett Griffin,2022.0
1069,0,1,36.7,,,,,5.06,21.0,19.6,Gary Barnidge,2022.0
1070,0,1,30.4,,,,,,20.7,27.8,Gator Hoskins,2022.0
1071,0,1,31.3,,,,,2.15,20.6,28.8,Gavin Escobar,2022.0
1072,0,1,28.7,4.375,4.375,3.301666666666667,0.0,7.29,,4.9,Geoff Swaim,2022.0
1073,0,1,28.6,15.9,14.1429,15.226799999999999,0.6666666666666666,5.02,21.9,23.2,George Kittle,2022.0
1074,0,1,28.8,,,,,7.39,21.0,17.8,Gerald Christian,2022.0
1075,0,1,27.9,7.8533,7.8533,7.0532,0.0,2.12,21.2,31.7,Gerald Everett,2022.0
1076,0,1,32.6,,,,,,21.9,29.9,Gerell Robinson,2022.0
1077,0,1,37.2,8.8,,6.8500000000000005,0.0,1.31,20.5,16.7,Greg Olsen,2022.0
1078,0,1,26.0,0.0,,0.0,0.0,4.01,21.3,43.5,Hakeem Butler,2022.0
1079,0,1,29.5,,,,,,,8.4,Hakeem Valles,2022.0
1080,0,1,25.8,4.9,,2.45,0.0,,,11.5,Hale Hentges,2022.0
1081,0,1,24.1,4.12,3.8937,4.00685,0.0,4.09,19.4,26.2,Harrison Bryant,2022.0
1082,0,1,28.8,9.3187,4.9308,6.349833333333334,0.0,1.25,,15.6,Hayden Hurst,2022.0
1083,0,1,39.6,,,,,1.3,19.9,40.3,Heath Miller,2022.0
1084,0,1,30.0,,,,,,,10.2,Henry Krieger-Coble,2022.0
1085,0,1,22.8,1.08,,1.08,0.0,,20.0,20.9,Hunter Bryant,2022.0
1086,0,1,27.5,12.3,9.6647,10.7811,0.0,2.04,18.7,20.1,Hunter Henry,2022.0
1087,0,1,0.0,0.0,0.0,0.0,0.0,,,12.9,Hunter Kampmoyer,2022.0
1088,0,1,22.8,0.2571,0.2571,0.2571,0.0,3.17,21.1,21.8,Hunter Long,2022.0
1089,0,1,26.3,0.0,0.0,0.0,0.0,,,4.5,Ian Bunting,2022.0
1090,0,1,26.0,3.6,2.1647,2.7653,0.0,4.01,,19.1,Ian Thomas,2022.0
1091,0,1,32.6,,,,,,,11.3,Ifeanyi Momah,2022.0
1092,0,1,23.8,7.5769,,6.58845,0.0,2.18,,14.0,Irv Smith,2022.0
1093,0,1,25.0,1.6,,0.89285,0.0,7.1,,13.9,Isaac Nauta,2022.0
1094,0,1,25.4,3.7,0.35,2.2041666666666666,0.0,2.25,19.7,42.7,J.J. Arcega-Whiteside,2022.0
1095,0,1,28.7,2.7,0.0,0.9,0.0,,,16.6,J.P. Holtz,2022.0
1096,0,1,29.9,,,,,2.17,21.2,23.2,Jace Amaro,2022.0
1097,0,1,25.9,2.45,,1.225,0.0,3.11,22.2,32.7,Jace Sternberger,2022.0
1098,0,1,32.1,7.0,4.6588,5.412466666666667,0.0,,20.3,23.9,Jack Doyle,2022.0
1099,0,1,24.3,0.3875,0.3875,0.3875,0.0,,,11.1,Jack Stoll,2022.0
1100,0,1,25.1,0.0,0.0,0.0,0.0,4.36,23.4,20.0,Jacob Harris,2022.0
1101,0,1,28.5,9.4,2.9286,5.482466666666667,0.0,,22.8,23.4,Jacob Hollister,2022.0
1102,0,1,37.2,,,,,4.28,22.5,15.8,Jacob Tamme,2022.0
1103,0,1,26.6,5.0,,2.6719,0.0,,,18.1,Jaeden Graham,2022.0
1104,0,1,26.9,0.5,,0.5,0.0,5.01,19.2,22.1,Jake Butt,2022.0
1105,0,1,32.8,,,,,,22.0,26.3,Jake Stoneburner,2022.0
1106,0,1,37.7,,,,,5.16,24.0,29.2,James Casey,2022.0
1107,0,1,32.9,,,,,6.16,21.1,11.6,James Hanna,2022.0
1108,0,1,30.4,8.3,7.2,6.371100000000001,0.0,5.37,22.6,22.2,James O'Shaughnessy,2022.0
1109,0,1,35.1,12.0,8.275,9.589433333333332,0.0,3.25,21.4,17.4,Jared Cook,2022.0
1110,0,1,24.8,0.0,0.0,0.0,0.0,,21.0,21.9,Jared Pinkney,2022.0
1111,0,1,28.2,1.825,,1.825,0.0,,,9.7,Jason Croom,2022.0
1112,0,1,40.1,8.6,,5.2969,0.0,3.05,20.3,27.0,Jason Witten,2022.0
1113,0,1,29.9,,,,,,20.2,17.4,Je'Ron Hamm,2022.0
1114,0,1,35.1,,,,,,20.3,19.7,Jeff Cumberland,2022.0
1115,0,1,29.5,3.9,,3.9,0.0,3.28,,9.3,Jeff Heuerman,2022.0
1116,0,1,29.4,,,,,6.09,,17.3,Jerell Adams,2022.0
1117,0,1,27.8,3.5,0.3588,1.3196,0.0,5.1,,14.2,Jeremy Sprinkle,2022.0
1118,0,1,33.9,,,,,1.21,19.2,11.7,Jermaine Gresham,2022.0
1119,0,1,31.0,,,,,,21.3,16.0,Jerome Cunningham,2022.0
1120,0,1,25.2,4.1,2.3,3.1999999999999997,0.0,,20.5,48.8,Jesper Horsted,2022.0
1121,0,1,28.0,2.4312,1.3714,2.0342,0.0,5.24,19.3,18.1,Jesse James,2022.0
1122,0,1,35.4,,,,,7.26,22.7,18.4,Jim Dray,2022.0
1123,0,1,35.5,8.975,3.38,6.218333333333333,0.0,3.31,22.8,15.9,Jimmy Graham,2022.0
1124,0,1,26.5,3.6167,3.6167,3.6167,0.0,,,10.3,Jody Fortson,2022.0
1125,0,1,24.6,2.9941,2.9941,2.9941,0.0,4.19,,7.4,John Bates,2022.0
1126,0,1,38.0,,,,,2.07,22.3,21.8,John Carlson,2022.0
1127,0,1,35.0,,,,,6.35,,19.0,John Phillips,2022.0
1128,0,1,27.5,1.3,0.3167,0.7326333333333334,0.0,,,13.5,Johnny Mundt,2022.0
1129,0,1,26.8,9.3467,4.2125,6.853066666666666,0.0,3.36,18.0,33.0,Jonnu Smith,2022.0
1130,0,1,30.1,6.4385,3.2077,5.082066666666666,0.0,3.34,23.4,28.2,Jordan Akins,2022.0
1131,0,1,33.8,,,,,4.05,,4.3,Jordan Cameron,2022.0
1132,0,1,26.3,0.0,0.0,0.0,0.0,,,8.6,Jordan Franks,2022.0
1133,0,1,27.3,,,,,5.06,,16.3,Jordan Leggett,2022.0
1134,0,1,29.9,3.7,0.0,1.2333333333333334,0.0,2.1,18.1,48.3,Jordan Matthews,2022.0
1135,0,1,31.9,7.31,,7.31,0.0,3.23,21.2,26.2,Jordan Reed,2022.0
1136,0,1,25.8,1.8,,1.50835,0.0,6.37,,14.9,Jordan Thomas,2022.0
1137,0,1,32.4,,,,,,21.6,29.0,Joseph Fauria,2022.0
1138,0,1,32.0,4.7,,3.0143,0.0,,20.3,18.1,Josh Hill,2022.0
1139,0,1,25.4,1.5,1.1143,1.30715,0.0,3.05,21.7,20.6,Josh Oliver,2022.0
1140,0,1,25.3,3.8438,3.8438,2.4718999999999998,0.0,3.3,22.6,30.5,Josiah Deguara,2022.0
1141,0,1,33.9,,,,,4.32,22.2,21.8,Julius Thomas,2022.0
1142,0,1,31.4,,,,,,20.7,16.4,Justin Perillo,2022.0
1143,0,1,25.7,3.7786,3.7786,2.4536,0.0,,23.0,17.6,Juwan Johnson,2022.0
1144,0,1,25.1,10.8,0.7,4.482233333333333,0.0,6.03,,16.7,Kaden Smith,2022.0
1145,0,1,25.2,0.9286,0.0,0.4643,0.0,3.22,,19.6,Kahale Warring,2022.0
1146,0,1,36.6,,,,,5.23,21.9,23.3,Kellen Davis,2022.0
1147,0,1,26.5,0.7,0.7,0.7,0.0,,,8.0,Kendall Blanton,2022.0
1148,0,1,23.6,0.6222,0.6222,0.6222,0.0,,21.9,21.1,Kenny Yeboah,2022.0
1149,0,1,27.1,0.4667,0.4667,0.23335,0.0,,,14.2,Kevin Rader,2022.0
1150,0,1,30.4,,,,,,,17.3,Khari Lee,2022.0
1151,0,1,21.6,10.3882,10.3882,10.3882,0.0,1.04,19.9,24.1,Kyle Pitts,2022.0
1152,0,1,32.5,7.4,3.7312,5.527066666666667,0.0,2.11,,11.5,Kyle Rudolph,2022.0
1153,0,1,24.2,1.2706,1.2706,1.2706,0.0,4.22,18.4,21.5,Kylen Granson,2022.0
1154,0,1,32.0,,,,,4.15,18.3,34.1,Ladarius Green,2022.0
1155,0,1,34.3,2.0,,2.0,0.0,2.15,21.6,27.5,Lance Kendricks,2022.0
1156,0,1,33.6,,,,,,21.8,32.7,Larry Donnell,2022.0
1157,0,1,34.5,1.95,1.3438,1.7312666666666665,0.0,5.28,,13.7,Lee Smith,2022.0
1158,0,1,30.8,1.0,,0.8,0.0,4.36,20.1,21.7,Levine Toilolo,2022.0
1159,0,1,35.3,,,,,,,7.3,Logan Paulsen,2022.0
1160,0,1,22.6,0.84,0.84,0.84,0.0,5.01,,7.5,Luke Farrell,2022.0
1161,0,1,33.9,1.2,0.2667,0.7659666666666668,0.0,4.07,21.1,14.2,Luke Stocker,2022.0
1162,0,1,32.4,2.3,,1.2874999999999999,0.0,5.25,20.6,15.0,Luke Willson,2022.0
1163,0,1,38.0,3.1,2.6118,2.7639333333333336,0.0,1.28,21.3,26.1,Marcedes Lewis,2022.0
1164,0,1,32.3,,,,,,,9.2,Marcel Jensen,2022.0
1165,0,1,27.5,0.15,,0.15,0.0,,,10.5,Marcus Baugh,2022.0
1166,0,1,26.7,17.7118,17.7118,14.553933333333333,0.3333333333333333,3.22,,18.0,Mark Andrews,2022.0
1167,0,1,35.2,,,,,2.3,18.5,27.3,Martellus Bennett,2022.0
1168,0,1,28.6,0.0,0.0,0.0,0.0,7.33,22.8,31.7,Mason Schreck,2022.0
1169,0,1,26.6,0.0,0.0,0.0,0.0,,21.8,21.5,Matt Bushman,2022.0
1170,0,1,27.2,,,,,,,6.9,Matt Flanagan,2022.0
1171,0,1,29.7,4.0,0.0,2.0,0.0,,,9.8,Matt LaCosse,2022.0
1172,0,1,31.4,,,,,,,7.0,Matt Lengel,2022.0
1173,0,1,26.5,0.0,,0.0,0.0,,,6.2,Matt Sokol,2022.0
1174,0,1,37.4,,,,,,22.6,14.7,Matthew Mulligan,2022.0
1175,0,1,28.1,8.26,8.26,4.7162999999999995,0.0,2.23,19.4,48.8,Maxx Williams,2022.0
1176,0,1,33.9,,,,,5.01,,7.3,Michael Hoomanawanui,2022.0
1177,0,1,28.1,,,,,4.21,22.3,23.7,Michael Roberts,2022.0
1178,0,1,35.6,,,,,7.07,,8.0,Mickey Shuler,2022.0
1179,0,1,26.6,10.62,9.7059,9.808633333333333,0.0,2.1,21.9,21.5,Mike Gesicki,2022.0
1180,0,1,24.2,0.0,0.0,0.0,0.0,,,7.4,Miller Forristall,2022.0
1181,0,1,25.5,0.3067,0.3067,0.3067,0.0,,22.8,24.5,Mitchell Wilcox,2022.0
1182,0,1,30.2,3.0312,3.0312,2.6740333333333335,0.0,5.07,19.5,37.6,MyCole Pruitt,2022.0
1183,0,1,31.7,,,,,6.16,,14.6,Mychal Rivera,2022.0
1184,0,1,26.2,0.0,,0.0,0.0,,,6.3,Nate Becker,2022.0
1185,0,1,30.4,,,,,7.03,21.6,28.9,Neal Sterling,2022.0
1186,0,1,30.6,,,,,,21.9,15.3,Nic Jacobs,2022.0
1187,0,1,26.0,0.0,0.0,0.0,0.0,,23.3,17.6,Nick Bowers,2022.0
1188,0,1,29.3,5.0,0.24,3.128133333333334,0.0,5.35,20.6,21.2,Nick Boyle,2022.0
1189,0,1,27.1,0.6437,,0.6437,0.0,,22.4,26.2,Nick Keizer,2022.0
1190,0,1,29.7,3.7,,3.7,0.0,6.18,21.0,18.8,Nick O'Leary,2022.0
1191,0,1,28.2,4.0429,4.0429,2.8032000000000004,0.0,3.32,,6.4,Nick Vannett,2022.0
1192,0,1,32.8,,,,,5.24,20.1,22.8,Niles Paul,2022.0
1193,0,1,24.5,9.9533,9.9375,8.930266666666666,0.0,1.2,19.8,27.0,Noah Fant,2022.0
1194,0,1,23.1,1.0375,1.0375,1.0375,0.0,5.18,18.4,19.7,Noah Gray,2022.0
1195,0,1,24.9,0.0,0.0,0.0,0.0,,20.2,18.5,Noah Togiai,2022.0
1196,0,1,27.5,9.4,1.9706,5.7902,0.0,1.19,,15.2,O.J. Howard,2022.0
1197,0,1,31.3,,,,,4.21,,15.1,Orson Charles,2022.0
1198,0,1,39.6,,,,,4.01,22.8,16.5,Owen Daniels,2022.0
1199,0,1,23.6,9.4812,9.4812,9.4812,0.0,2.23,19.9,24.8,Pat Freiermuth,2022.0
1200,0,1,28.1,3.2538,2.54,2.1979333333333333,0.0,,22.3,18.9,Pharaoh Brown,2022.0
1201,0,1,32.3,,,,,,21.6,23.2,Phillip Supernaw,2022.0
1202,0,1,30.0,,,,,6.22,,7.7,Randall Telfer,2022.0
1203,0,1,24.8,0.6857,0.35,0.5178499999999999,0.0,,,3.5,Reggie Gilliam,2022.0
1204,0,1,34.4,4.1,,4.1,0.0,4.33,,8.2,Rhett Ellison,2022.0
1205,0,1,30.3,5.0357,1.0333,3.0345000000000004,0.0,3.34,,10.5,Richard Rodgers,2022.0
1206,0,1,27.0,6.5,5.3154,3.938466666666667,0.0,,,12.4,Ricky Seals-Jones,2022.0
1207,0,1,33.0,14.2667,14.2667,11.799,0.0,2.1,18.3,19.1,Rob Gronkowski,2022.0
1208,0,1,34.2,,,,,3.05,20.5,24.3,Rob Housler,2022.0
1209,0,1,28.1,11.0375,6.3,6.745833333333334,0.0,,21.4,38.0,Robert Tonyan,2022.0
1210,0,1,27.3,6.0,0.8882,3.3273333333333333,0.0,,21.6,29.6,Ross Dwelley,2022.0
1211,0,1,32.4,7.4,4.65,4.407766666666666,0.0,6.33,21.7,38.8,Ryan Griffin,2022.0
1212,0,1,26.4,3.9,0.0,2.158333333333333,0.0,7.32,,15.2,Ryan Izzo,2022.0
1213,0,1,28.8,,,,,,,9.3,Ryan Malleck,2022.0
1214,0,1,36.8,,,,,4.3,21.1,23.8,Scott Chandler,2022.0
1215,0,1,30.1,1.0,,1.0,0.0,,19.4,36.1,Scott Simonson,2022.0
1216,0,1,29.0,1.1,,0.55,0.0,,,7.5,Sean Culkin,2022.0
1217,0,1,34.5,,,,,,22.8,14.8,Sean McGrath,2022.0
1218,0,1,24.4,1.4111,1.4111,0.70555,0.0,,19.7,19.7,Sean McKeon,2022.0
1219,0,1,29.3,3.7,,1.85,0.0,4.4,,18.3,Seth Devalve,2022.0
1220,0,1,29.3,2.2647,2.2647,1.7136,0.0,,,12.4,Stephen Anderson,2022.0
1221,0,1,25.5,2.7,,1.4781,0.0,,20.7,28.1,Stephen Carlson,2022.0
1222,0,1,25.5,0.0,0.0,0.0,0.0,7.37,,9.2,Stephen Sullivan,2022.0
1223,0,1,24.9,12.1083,12.1083,9.921533333333334,0.0,1.08,21.2,24.0,T.J. Hockenson,2022.0
1224,0,1,27.5,1.1,0.0,0.5818333333333333,0.0,,20.8,22.6,Tanner Hudson,2022.0
1225,0,1,31.7,10.56,10.56,8.957933333333335,0.0,,23.0,,Taysom Hill,2022.0
1226,0,1,28.8,0.25,0.0,0.125,0.0,6.02,,14.4,Temarrick Hemingway,2022.0
1227,0,1,32.1,,,,,,,13.2,Timothy Wright,2022.0
1228,0,1,25.4,2.4,,2.4,0.0,7.26,,3.2,Tommy Stevens,2022.0
1229,0,1,26.9,3.9,1.4923,2.69615,0.0,7.14,21.2,19.6,Tommy Sweeney,2022.0
1230,0,1,22.0,3.3188,3.3188,3.3188,0.0,3.19,,8.2,Tommy Tremble,2022.0
1231,0,1,35.0,,,,,3.29,22.2,25.8,Tony Moeaki,2022.0
1232,0,1,25.1,0.0,0.0,0.0,0.0,,22.4,21.5,Tony Poljan,2022.0
1233,0,1,32.6,20.8507,16.425,17.725233333333335,1.0,3.01,22.9,27.6,Travis Kelce,2022.0
1234,0,1,23.4,0.9545,0.9545,0.9545,0.0,3.33,,11.3,Tre McKitty,2022.0
1235,0,1,26.7,2.3,0.5417,0.9889,0.0,4.19,,5.7,Trevon Wesco,2022.0
1236,0,1,30.6,6.4077,,4.6038499999999996,0.0,,21.9,15.4,Trey Burton,2022.0
1237,0,1,26.9,2.75,,2.675,0.0,5.19,21.2,19.9,Troy Fumagalli,2022.0
1238,0,1,29.7,,,,,2.2,21.0,16.8,Troy Niklas,2022.0
1239,0,1,26.8,8.1353,8.1353,4.303433333333333,0.0,5.2,21.1,24.1,Tyler Conklin,2022.0
1240,0,1,25.1,0.5769,0.5769,0.28845,0.0,6.27,21.4,14.7,Tyler Davis,2022.0
1241,0,1,31.7,6.5,,6.01335,0.0,1.21,21.0,26.9,Tyler Eifert,2022.0
1242,0,1,29.4,11.5,9.8,9.9489,0.0,4.12,22.7,15.6,Tyler Higbee,2022.0
1243,0,1,29.6,4.3667,4.3667,3.5522333333333336,0.0,3.21,20.9,11.5,Tyler Kroft,2022.0
1244,0,1,32.0,6.0,,3.8893,0.0,2.23,20.2,26.6,Vance McDonald,2022.0
1245,0,1,38.3,7.1,,7.1,0.0,1.06,21.6,35.9,Vernon Davis,2022.0
1246,0,1,31.0,,,,,4.24,23.2,22.9,Vince Mayle,2022.0
1247,0,1,33.8,2.3333,,2.11665,0.0,7.01,21.1,19.5,Virgil Green,2022.0
1248,0,1,25.9,12.3,3.34,6.486266666666666,0.0,4.2,,10.3,Will Dissly,2022.0
1249,0,1,30.6,,,,,,21.8,36.1,Will Tye,2022.0
1250,0,1,29.7,0.6,,0.6,0.0,,,13.1,Xavier Grimble,2022.0
1251,0,1,31.5,14.2,10.6294,10.624966666666667,0.0,2.03,21.8,31.8,Zach Ertz,2022.0
1252,0,1,25.7,2.1,2.1,1.1666666666666667,0.0,5.03,,15.6,Zach Gentry,2022.0
1253,0,1,37.6,,,,,2.06,20.7,18.1,Zach Miller,2022.0
1254,0,1,36.5,,,,,2.06,20.7,18.1,Zach Miller,2022.0
1255,0,1,33.1,,,,,,23.4,26.1,Zach Sudfeld,2022.0
0,1,0,23.7,,,,,,23.0,25.5,Abram Smith,
1,1,0,24.4,,,,,,20.7,19.9,B.J. Smith,
2,1,0,23.7,,,,,,23.0,25.0,BJ Baylor,
3,1,0,21.0,,,,,2.04,18.3,43.9,Breece Hall,
4,1,0,23.2,,,,,3.34,22.5,24.4,Brian Robinson,
5,1,0,24.6,,,,,7.28,19.9,16.9,Brittain Brown,
6,1,0,24.2,,,,,,20.4,33.0,Bryant Koback,
7,1,0,22.8,,,,,,19.1,25.6,C.J. Verdell,
8,1,0,23.2,,,,,,21.4,19.6,Cam'Ron Harris,
9,1,0,23.8,,,,,,21.0,29.2,Charles Williams,
10,1,0,23.4,,,,,6.3,19.6,12.0,Connor Heyward,
11,1,0,23.0,,,,,,21.3,40.4,D'Vonte Price,
12,1,0,22.3,,,,,4.02,21.5,21.7,Dameon Pierce,
13,1,0,23.2,,,,,,20.4,34.5,De'Montre Tuggle,
14,1,0,23.4,,,,,,19.7,30.1,Deandre Torrey,
15,1,0,24.8,,,,,,23.1,17.4,Deon McIntosh,
16,1,0,24.0,,,,,,22.2,28.7,Greg Bell,
17,1,0,22.5,,,,,4.26,20.8,28.4,Hassan Haskins,
18,1,0,20.8,,,,,4.18,18.1,23.7,Isaiah Spiller,
19,1,0,22.2,,,,,7.3,18.5,26.5,Isiah Pacheco,
20,1,0,22.7,,,,,2.31,21.0,16.0,James Cook,
21,1,0,21.8,,,,,,20.0,21.0,Jashaun Corbin,
22,1,0,23.6,,,,,,21.8,36.2,Jaylen Warren,
23,1,0,23.6,,,,,,,7.5,Jeremiah Hall,
24,1,0,22.7,,,,,5.13,22.0,30.3,Jerome Ford,
25,1,0,21.8,,,,,,19.0,17.4,Jerrion Ealy,
26,1,0,24.1,,,,,,18.4,24.6,Joshua Mack,
27,1,0,21.6,,,,,,17.9,44.1,Julius Chestnut,
28,1,0,22.6,,,,,6.23,19.9,20.1,Keaontay Ingram,
29,1,0,23.6,,,,,,20.9,22.0,Kennedy Brooks,
30,1,0,21.6,,,,,2.09,19.9,50.2,Kenneth Walker,
31,1,0,0.0,,,,,,,22.7,Kevin Brown,
32,1,0,21.5,,,,,6.04,18.8,31.1,Kevin Harris,
33,1,0,24.2,,,,,,20.4,17.0,Kevin Marks,
34,1,0,21.8,,,,,5.21,20.0,30.6,Kyren Williams,
35,1,0,24.6,,,,,,,8.2,L.D. Brown,
36,1,0,23.3,,,,,,21.5,34.3,Leddie Brown,
37,1,0,22.0,,,,,,20.3,14.4,Master Teague,
38,1,0,22.5,,,,,,18.8,32.6,Mataeo Durant,
39,1,0,22.1,,,,,,18.4,25.8,Max Borghi,
40,1,0,23.5,,,,,4.22,19.7,27.9,Pierre Strong,
41,1,0,23.4,,,,,3.27,21.7,37.8,Rachaad White,
42,1,0,0.0,,,,,,,28.0,Raheem Blackshear,
43,1,0,23.3,,,,,,19.6,31.2,Ronnie Rivers,
44,1,0,0.0,,,,,,,20.9,Shermari Jones,
45,1,0,21.7,,,,,,19.0,30.6,Sincere McCormick,
46,1,0,21.8,,,,,5.11,21.1,17.7,Snoop Conner,
47,1,0,23.4,,,,,,,11.0,Stephen Carr,
48,1,0,23.3,,,,,,,12.8,Stephon Huderson,
49,1,0,22.3,,,,,,20.5,15.4,T.J. Pledger,
50,1,0,23.4,,,,,6.25,,13.1,Trestan Ebner,
51,1,0,24.1,,,,,5.26,20.3,23.4,Ty Chandler,
52,1,0,22.1,,,,,5.08,20.4,35.8,Tyler Allgeier,
53,1,0,22.3,,,,,6.18,19.6,43.3,Tyler Badie,
54,1,0,21.6,,,,,,18.8,30.3,Tyler Goodson,
55,1,0,21.6,,,,,3.29,20.9,20.0,Tyrion Davis-Price,
56,1,0,23.4,,,,,,19.6,16.5,Vavae Malepeai,
57,1,0,23.4,,,,,,22.7,22.0,ZaQuandre White,
58,1,0,22.7,,,,,4.17,21.0,19.8,Zamir White,
59,1,0,23.5,,,,,7.38,,12.3,Zander Horvath,
60,1,0,21.1,,,,,,18.4,16.9,Zonovan Knight,
61,0,0,22.1,,,,,2.21,19.3,25.2,Alec Pierce,
62,0,0,23.0,,,,,7.08,20.3,39.6,Bo Melton,
63,0,0,23.4,,,,,,22.6,20.3,Braylon Sanders,
64,0,0,23.2,,,,,4.33,21.5,32.3,Calvin Austin,
65,0,0,24.1,,,,,,23.3,28.2,Calvin Jackson,
66,0,0,22.8,,,,,,22.1,26.9,Charleston Rambo,
67,0,0,21.9,,,,,1.11,19.2,31.8,Chris Olave,
68,0,0,23.1,,,,,2.02,20.3,44.0,Christian Watson,
69,0,0,25.0,,,,,,,13.2,Dahu Green,
70,0,0,23.6,,,,,,19.9,50.7,Dai'Jean Dixon,
71,0,0,23.2,,,,,3.41,22.4,27.0,Danny Gray,
72,0,0,23.0,,,,,7.12,21.3,27.4,Dareke Young,
73,0,0,21.5,,,,,3.35,18.7,35.1,David Bell,
74,0,0,24.7,,,,,,23.9,20.5,Dee Anderson,
75,0,0,25.1,,,,,,,11.0,Demetris Robertson,
76,0,0,21.9,,,,,,20.2,24.2,Devon Williams,
77,0,0,24.8,,,,,,24.0,36.2,Dontario Drummond,
78,0,0,20.9,,,,,1.08,18.1,34.9,Drake London,
79,0,0,23.0,,,,,,21.3,22.1,Emeka Emezie,
80,0,0,22.3,,,,,4.2,20.6,28.1,Erik Ezukanma,
81,0,0,21.9,,,,,1.1,20.1,29.4,Garrett Wilson,
82,0,0,21.2,,,,,2.2,18.5,18.9,George Pickens,
83,0,0,24.6,,,,,,21.9,43.1,Isaiah Weston,
84,0,0,22.2,,,,,1.16,20.5,44.3,Jahan Dotson,
85,0,0,22.7,,,,,,21.0,32.7,Jaivon Heiligh,
86,0,0,23.2,,,,,6.12,19.5,32.4,Jalen Nailor,
87,0,0,23.3,,,,,3.24,20.5,51.2,Jalen Tolbert,
88,0,0,0.0,,,,,,,11.0,Jalen Virgil,
89,0,0,21.2,,,,,1.12,20.4,31.1,Jameson Williams,
90,0,0,23.8,,,,,,22.1,35.7,Jaquarii Roberson,
91,0,0,0.0,,,,,,,40.9,Jequez Ezzard,
92,0,0,22.9,,,,,,20.2,29.2,Jerreth Sterns,
93,0,0,21.9,,,,,2.12,21.1,22.6,John Metchie,
94,0,0,23.0,,,,,,20.3,18.8,Johnny Johnson,
95,0,0,22.8,,,,,,21.1,33.7,Josh Johnson,
96,0,0,22.5,,,,,,18.7,30.0,Justyn Ross,
97,0,0,24.6,,,,,,,16.2,Kaylon Geiger,
98,0,0,0.0,,,,,,,30.6,Keith Corbin,
99,0,0,0.0,,,,,,,25.6,Kendric Pryor,
100,0,0,22.2,,,,,,21.4,23.8,Kevin Austin,
101,0,0,22.3,,,,,5.05,19.6,40.8,Khalil Shakir,
102,0,0,23.0,,,,,5.2,20.2,38.6,Kyle Philips,
103,0,0,0.0,,,,,,,40.1,Luke Little,
104,0,0,20.8,,,,,,19.1,22.8,Makai Polk,
105,0,0,24.5,,,,,,22.7,26.6,Mike Harley,
106,0,0,22.2,,,,,6.24,19.5,19.0,Mike Woods,
107,0,0,0.0,,,,,5.2,,33.1,Montrell Washington,
108,0,0,24.6,,,,,,20.9,33.4,Reggie Roberson,
109,0,0,22.1,,,,,4.27,19.4,32.9,Romeo Doubs,
110,0,0,24.2,,,,,7.37,21.5,35.0,Samori Toure,
111,0,0,21.7,,,,,2.22,20.0,44.8,Skyy Moore,
112,0,0,23.3,,,,,,,7.1,Slade Bolden,
113,0,0,22.1,,,,,,19.4,31.3,Tre Turner,
114,0,0,22.2,,,,,1.18,20.5,45.9,Treylon Burks,
115,0,0,23.3,,,,,,21.6,28.8,Ty Fryfogle,
116,0,0,22.8,,,,,2.18,20.1,37.5,Tyquan Thornton,
117,0,0,24.2,,,,,,,10.5,Tyson Morris,
118,0,0,25.1,,,,,3.07,24.3,22.7,Velus Jones,
119,0,0,21.4,,,,,2.11,18.7,37.3,Wan'Dale Robinson,
120,0,1,23.8,,,,,6.13,,10.7,Andrew Ogletree,
121,0,1,23.5,,,,,,21.8,20.0,Austin Allen,
122,0,1,22.1,,,,,,,5.5,Braden Galloway,
123,0,1,23.1,,,,,4.01,21.4,31.8,Cade Otton,
124,0,1,23.3,,,,,4.23,20.6,28.5,Charlie Kolar,
125,0,1,24.9,,,,,,,11.9,Chase Allen,
126,0,1,22.7,,,,,4.38,,15.7,Chig Okonkwo,
127,0,1,22.2,,,,,5.06,20.5,25.8,Cole Turner,
128,0,1,21.7,,,,,4.07,,16.2,Daniel Bellinger,
129,0,1,24.8,,,,,,24.1,27.2,Derrick Deese,
130,0,1,0.0,,,,,,,38.0,Gerrit Prince,
131,0,1,23.5,,,,,6.2,,12.9,Grant Calcaterra,
132,0,1,22.2,,,,,3.16,20.4,27.3,Greg Dulcich,
133,0,1,22.1,,,,,4.34,18.4,31.4,Isaiah Likely,
134,0,1,23.4,,,,,4.24,19.6,28.2,Jake Ferguson,
135,0,1,21.4,,,,,,18.7,23.3,Jalen Wydermyer,
136,0,1,22.8,,,,,5.34,21.1,17.4,James Mitchell,
137,0,1,23.6,,,,,3.09,22.9,34.6,Jelani Woods,
138,0,1,21.8,,,,,3.37,20.1,14.7,Jeremy Ruckert,
139,0,1,0.0,,,,,6.36,,5.0,John FitzPatrick,
140,0,1,24.3,,,,,6.41,,17.1,Ko Kieft,
141,0,1,23.9,,,,,,,11.6,Lucas Krull,
142,0,1,0.0,,,,,7.06,,13.6,Nick Muse,
143,0,1,23.1,,,,,,22.4,38.3,Peyton Hendershot,
144,0,1,24.1,,,,,,22.4,20.8,Rodney Williams,
145,0,1,0.0,,,,,,,6.9,Seth Green,
146,0,1,0.0,,,,,,,4.9,Stone Smartt,
147,0,1,22.2,,,,,5.27,,12.7,Teagan Quitoriano,
148,0,1,22.5,,,,,2.23,20.8,46.3,Trey McBride,
149,1,0,23.3,,,,,1.25,19.0,25.7,Travis Etienne,
