,y,rb?,te?,age,max_ppg,last_pts,3_yr_trail_avg_fppg,hit_rate,Draft Pick,Breakout Age,cdr
1,1,1,0,24.5,14.3,14.3,11.15,0.0,5.39,18.8,47.0
3,0,1,0,34.2,11.8,11.8,7.566666666666667,0.0,1.07,19.5,42.7
6,0,1,0,22.9,,,,,,,10.1
7,0,1,0,25.0,1.9,1.9,0.95,0.0,6.08,,3.2
9,0,1,0,20.9,,,,,3.38,19.2,28.7
12,0,1,0,30.5,6.2,6.2,4.8999999999999995,0.0,6.03,20.7,50.0
14,1,1,0,23.9,23.2,23.2,21.35,1.0,3.03,20.1,23.3
15,0,1,0,26.0,13.4,0.4,7.566666666666666,0.0,2.22,19.2,34.6
18,0,1,0,26.0,2.7,2.3,2.2,0.0,6.01,,5.7
21,0,1,0,30.5,3.4,2.6,2.233333333333333,0.0,5.05,,3.4
27,1,1,0,24.0,11.6,11.6,9.6,0.0,,18.3,45.7
32,0,1,0,21.3,,,,,4.2,18.5,38.6
34,0,1,0,30.6,11.9,8.6,10.066666666666668,0.0,4.29,20.9,37.2
36,0,1,0,22.7,,,,,7.18,19.9,14.9
38,0,1,0,24.1,0.0,0.0,0.0,0.0,6.27,22.4,23.3
41,0,1,0,29.299999999999997,5.9,5.9,2.766666666666667,0.0,,20.6,29.0
44,0,1,0,23.6,3.1,3.1,2.7,0.0,5.12,18.8,34.2
47,0,1,0,23.2,,,,,,20.4,17.8
49,0,1,0,28.3,14.6,7.5,10.966666666666667,0.0,,20.6,18.2
50,0,1,0,25.9,2.1,2.0,2.05,0.0,,20.1,29.9
51,0,1,0,25.0,10.2,2.5,5.633333333333333,0.0,3.27,21.3,26.2
55,0,1,0,28.7,14.6,7.0,12.066666666666668,0.0,2.25,21.0,29.8
59,0,1,0,23.1,3.9,3.9,3.9,0.0,4.34,18.4,34.1
60,1,1,0,24.7,14.4,14.4,12.15,0.0,7.31,22.0,14.6
66,0,1,0,28.6,15.3,9.2,11.233333333333334,0.3333333333333333,5.21,19.9,17.7
67,1,1,0,23.0,24.1,24.1,19.200000000000003,0.5,1.08,19.2,50.7
72,0,1,0,28.2,7.8,6.0,6.3999999999999995,0.0,1.29,21.5,17.1
73,0,1,0,24.6,7.2,7.2,6.85,0.0,,18.8,33.1
78,0,1,0,23.3,,,,,,20.5,16.2
80,0,1,0,25.5,4.6,,2.9,0.0,,19.8,18.8
81,1,1,0,23.8,16.4,13.8,15.1,0.5,2.09,19.1,38.8
82,0,1,0,24.5,,,,,,22.7,21.5
84,0,1,0,22.3,,,,,3.23,20.6,14.7
85,0,1,0,27.2,9.9,9.9,7.366666666666667,0.0,,20.4,20.0
87,0,1,0,25.6,1.3,1.2,1.0999999999999999,0.0,6.22,,12.5
91,0,1,0,25.1,0.0,0.0,0.0,0.0,,21.3,17.2
94,0,1,0,24.1,5.4,5.4,5.4,0.0,,22.4,21.5
95,0,1,0,21.8,,,,,3.06,20.0,33.9
97,0,1,0,36.0,10.8,10.2,9.033333333333333,0.0,4.29,19.2,34.1
100,0,1,0,22.3,,,,,6.41,21.6,24.7
104,0,1,0,27.5,25.4,15.3,17.900000000000002,0.6666666666666666,3.22,19.7,43.2
105,0,1,0,22.0,,,,,3.09,20.2,30.5
108,0,1,0,23.8,2.0,2.0,2.0,0.0,,21.0,28.6
110,0,1,0,26.3,6.6,1.4,4.566666666666667,0.0,5.04,21.5,23.4
115,0,1,0,26.6,1.8,0.6,1.2333333333333334,0.0,6.23,,2.1
118,1,1,0,25.4,12.6,12.6,9.5,0.0,2.14,20.7,43.5
119,0,1,0,21.9,,,,,2.27,19.2,32.2
122,0,1,0,21.7,,,,,3.1,19.0,36.1
123,0,1,0,22.7,,,,,,21.9,25.5
124,0,1,0,27.2,17.8,7.0,13.033333333333333,0.3333333333333333,4.03,19.5,17.8
125,0,1,0,27.0,8.9,5.5,7.133333333333333,0.0,4.38,22.3,40.1
127,0,1,0,22.4,,,,,6.21,21.7,21.5
128,0,1,0,28.7,12.3,10.0,10.033333333333333,0.0,5.18,18.9,35.2
131,0,1,0,24.3,1.8,1.8,1.8,0.0,,19.5,29.1
135,0,1,0,25.7,13.5,8.0,10.166666666666666,0.0,3.13,19.0,33.0
136,0,1,0,25.1,4.4,3.8,3.266666666666667,0.0,7.15,20.4,20.1
142,0,1,0,25.8,4.6,1.7,3.15,0.0,,21.1,31.1
144,1,1,0,23.9,21.8,21.8,21.266666666666666,1.0,1.04,19.1,37.8
147,0,1,0,36.1,13.4,7.3,10.500000000000002,0.0,3.01,20.3,26.4
154,0,1,0,27.5,12.2,8.0,9.9,0.0,2.05,19.8,35.6
156,0,1,0,24.1,8.0,8.0,8.0,0.0,,22.4,26.4
159,0,1,0,23.7,7.5,7.5,7.5,0.0,4.26,20.0,33.9
160,0,1,0,25.8,8.1,0.3,4.066666666666666,0.0,,,10.2
169,0,1,0,24.5,,,,,,,0.2
171,0,1,0,25.6,9.8,9.8,7.5,0.0,,18.9,22.6
174,0,1,0,24.2,9.5,7.0,8.25,0.0,4.28,17.4,36.4
175,0,1,0,24.1,21.2,21.2,11.2,0.5,3.41,18.3,34.4
178,0,1,0,27.3,17.3,17.3,12.333333333333334,0.3333333333333333,4.3,18.6,27.1
179,0,1,0,30.1,4.4,0.7,2.8000000000000003,0.0,,,0.6
184,0,1,0,27.8,10.4,8.5,7.166666666666667,0.0,4.26,22.0,26.9
185,0,1,0,26.0,14.4,10.3,11.466666666666669,0.0,5.13,20.2,41.3
187,0,1,0,22.9,9.9,9.9,9.9,0.0,5.28,19.1,23.9
188,0,1,0,23.5,7.4,7.4,7.4,0.0,,19.8,34.6
197,0,1,0,22.9,17.4,17.4,13.75,0.5,2.16,19.1,24.7
200,0,1,0,22.7,3.0,3.0,3.0,0.0,6.02,20.9,36.5
203,0,1,0,23.5,,,,,,19.8,26.5
210,0,1,0,25.3,1.6,0.4,1.0,0.0,5.18,19.6,25.4
211,0,1,0,24.6,15.3,11.2,13.0,0.3333333333333333,5.11,18.8,29.3
212,0,1,0,23.3,,,,,5.16,20.6,17.1
214,0,1,0,24.9,4.6,4.6,4.6,0.0,5.32,23.1,24.8
216,0,1,0,22.6,6.7,6.7,6.7,0.0,,19.9,21.3
217,0,1,0,26.0,2.7,,1.85,0.0,,20.3,25.9
219,0,1,0,21.3,,,,,1.24,,13.9
224,0,1,0,21.5,,,,,4.11,19.8,21.7
227,0,1,0,23.1,7.6,7.6,7.6,0.0,7.33,18.4,30.7
230,0,1,0,23.4,3.6,3.6,3.6,0.0,4.31,20.7,20.6
232,0,1,0,23.8,20.9,20.9,19.65,1.0,3.22,18.1,28.7
239,0,1,0,30.1,3.1,0.9,1.9000000000000001,0.0,6.14,22.4,28.3
243,1,1,0,25.3,12.5,12.5,8.066666666666668,0.0,3.1,19.6,13.2
244,0,1,0,22.6,,,,,7.08,21.8,19.0
245,0,1,0,21.9,13.9,13.9,13.9,0.0,2.11,19.2,35.8
248,0,1,0,22.9,,,,,,20.2,16.2
252,0,1,0,28.1,5.4,4.5,4.8,0.0,4.33,,15.0
259,0,1,0,29.4,14.9,8.1,10.933333333333335,0.0,6.13,20.6,34.7
260,0,1,0,27.3,26.3,,24.55,1.0,2.16,18.5,45.1
262,0,1,0,30.9,19.8,9.1,15.133333333333333,0.6666666666666666,2.21,19.2,47.1
264,1,1,0,24.4,17.7,15.1,16.4,1.0,1.04,19.6,38.8
268,0,1,0,26.4,4.1,3.7,2.9333333333333336,0.0,,18.7,20.6
273,1,1,0,29.4,17.4,11.9,14.733333333333333,0.3333333333333333,1.28,18.7,32.8
274,0,1,0,22.2,1.8,1.8,1.8,0.0,4.12,18.4,27.5
275,0,1,0,23.2,14.5,14.5,10.95,0.0,4.37,18.5,29.8
277,0,1,0,33.1,13.2,13.2,12.05,0.0,1.12,18.4,31.9
279,0,1,0,24.3,11.6,11.6,9.05,0.0,,19.5,21.8
285,1,1,0,26.1,22.6,22.6,19.966666666666665,1.0,1.15,20.4,47.1
289,0,1,0,23.8,1.1,1.1,1.1,0.0,,19.1,19.8
290,0,1,0,27.3,1.6,1.6,0.7000000000000001,0.0,5.32,,3.3
291,0,1,0,26.3,9.1,9.1,6.633333333333333,0.0,4.27,20.5,23.6
292,0,1,0,26.3,9.1,9.1,6.633333333333333,0.0,,18.3,39.0
296,0,1,0,22.1,,,,,2.21,21.4,21.1
298,0,1,0,22.3,,,,,7.2,18.6,33.5
302,0,1,0,22.9,,,,,7.19,,2.3
303,1,1,0,23.4,12.2,12.2,12.2,0.0,2.03,18.7,31.7
304,0,1,0,22.5,10.1,10.1,10.1,0.0,4.04,20.8,22.6
306,0,1,0,30.1,2.0,2.0,1.6333333333333335,0.0,,,4.4
307,0,1,0,23.8,,,,,,22.1,30.1
309,0,1,0,24.5,5.5,,4.3,0.0,5.1,19.8,28.4
310,0,1,0,24.9,9.4,9.4,6.7,0.0,,21.2,30.9
312,0,1,0,24.9,14.9,14.9,14.9,0.0,,21.1,38.4
314,0,1,0,22.7,,,,,5.14,19.0,26.3
315,0,1,0,27.1,6.4,6.4,2.4,0.0,,,12.3
316,0,1,0,23.3,5.4,5.4,5.4,0.0,1.27,20.6,50.1
319,0,1,0,23.4,,,,,,,11.0
321,0,1,0,28.9,13.0,6.2,8.7,0.0,6.22,19.2,28.0
333,0,1,0,21.8,3.4,3.4,3.4,0.0,2.06,18.1,33.4
337,0,1,0,23.3,7.2,7.2,7.2,0.0,3.07,18.5,30.4
340,0,1,0,23.4,,,,,,20.7,37.4
341,0,1,0,22.6,,,,,5.02,19.9,31.6
343,0,1,0,23.7,8.3,1.7,5.0,0.0,4.07,19.0,27.8
344,1,1,0,22.3,24.0,24.0,24.0,1.0,1.02,18.6,32.2
346,0,1,0,27.7,0.9,0.0,0.45,0.0,,21.0,18.3
353,0,1,0,24.3,10.7,10.7,10.7,0.0,1.31,20.6,27.5
355,0,1,0,27.5,13.8,6.6,10.2,0.0,6.26,19.8,13.2
360,0,1,0,24.7,1.8,1.8,1.8,0.0,5.36,22.0,17.6
361,0,1,0,25.7,12.4,12.4,10.133333333333333,0.0,2.04,18.9,22.5
362,0,1,0,30.9,1.1,0.0,0.6,0.0,4.28,21.1,41.2
364,0,1,0,23.9,14.6,14.6,11.8,0.0,4.13,18.1,40.8
367,0,1,0,28.2,9.8,5.6,6.2,0.0,1.08,19.5,26.3
372,0,1,0,26.2,14.7,12.1,12.666666666666666,0.0,3.09,20.4,43.2
378,0,1,0,24.8,26.2,26.2,21.400000000000002,0.6666666666666666,1.1,18.1,33.2
380,0,1,0,24.5,,,,,,21.8,12.1
382,0,1,0,22.1,,,,,4.26,,13.2
383,0,1,0,26.6,,,,,,22.9,22.7
385,0,1,0,20.8,,,,,6.31,19.1,19.2
390,0,1,0,24.9,4.1,4.1,4.1,0.0,6.3,21.1,36.2
391,0,1,0,24.4,2.7,,2.7,0.0,,18.7,18.7
396,0,1,0,25.5,1.5,,1.5,0.0,,21.8,25.8
397,0,1,0,21.7,,,,,6.13,19.0,17.0
398,0,1,0,26.4,11.4,5.9,8.9,0.0,3.3,20.6,18.0
400,0,1,0,25.7,3.2,0.7,1.3333333333333333,0.0,4.21,20.9,35.1
402,0,1,0,24.7,8.1,3.4,5.75,0.0,4.34,20.9,21.4
403,0,1,0,25.3,9.0,9.0,6.233333333333333,0.0,5.14,21.6,22.3
404,1,1,0,24.0,,,,,,19.3,34.3
407,0,1,0,29.1,1.9,1.9,1.1333333333333333,0.0,,20.4,38.4
408,0,1,0,27.7,8.5,8.2,5.966666666666666,0.0,,21.0,45.4
411,0,0,0,21.9,,,,,2.19,20.2,32.6
419,0,0,0,25.9,11.8,11.8,9.5,0.0,,,9.4
420,0,0,0,28.8,19.1,19.1,15.433333333333332,0.3333333333333333,,20.0,45.9
421,0,0,0,26.9,13.8,13.8,9.533333333333333,0.0,,20.2,59.9
424,0,0,0,26.6,2.3,2.3,1.7666666666666666,0.0,,21.8,27.9
425,0,0,0,22.5,,,,,,20.8,49.9
426,0,0,0,27.6,9.9,4.4,7.833333333333333,0.0,,19.8,28.8
427,0,0,0,23.5,1.7,1.7,1.7,0.0,,19.7,33.1
428,1,0,0,25.8,12.3,11.8,8.933333333333334,0.0,2.29,19.0,37.9
429,0,0,0,29.299999999999997,14.3,14.3,12.800000000000002,0.0,2.13,19.6,39.7
431,1,0,0,25.0,14.4,14.4,13.333333333333334,0.0,1.04,18.2,47.2
437,0,0,0,25.0,,,,,,22.3,36.6
438,0,0,0,31.4,2.3,1.5,1.2666666666666666,0.0,3.24,18.7,46.1
440,0,0,0,22.5,,,,,2.3,19.8,52.2
443,0,0,0,24.6,8.0,8.0,8.0,0.0,2.19,21.9,39.9
446,1,0,0,30.9,22.0,21.6,21.366666666666664,1.0,6.26,19.2,32.8
447,0,0,0,22.4,8.1,8.1,8.1,0.0,4.05,18.7,
451,0,0,0,22.0,,,,,,18.3,60.9
452,0,0,0,22.3,1.5,1.5,1.5,0.0,7.35,19.6,37.4
453,0,0,0,25.4,3.4,3.4,3.4,0.0,,21.7,46.8
458,0,0,0,28.0,5.5,4.2,4.266666666666667,0.0,,21.2,28.4
460,0,0,0,24.3,3.2,2.3,2.75,0.0,,,15.4
462,0,0,0,25.7,16.4,16.2,15.433333333333332,0.6666666666666666,1.2,18.9,38.9
471,0,0,0,26.2,0.7,0.7,0.7,0.0,,20.5,38.6
472,0,0,0,23.7,,,,,6.36,21.9,28.1
476,0,0,0,25.7,6.7,6.2,4.833333333333333,0.0,1.26,20.0,36.6
486,0,0,0,25.5,,,,,,22.8,37.7
487,0,0,0,25.5,,,,,,21.7,23.4
489,0,0,0,24.4,12.9,12.9,12.9,0.0,1.26,20.7,30.1
491,0,0,0,23.4,,,,,,,5.6
496,0,0,0,25.0,2.6,2.6,2.6,0.0,,,11.1
498,0,0,0,24.6,4.1,4.1,2.8499999999999996,0.0,3.34,20.9,37.4
502,0,0,0,25.4,7.1,7.1,5.3999999999999995,0.0,,19.6,24.1
503,0,0,0,26.6,6.1,5.7,5.833333333333333,0.0,3.12,20.9,29.3
505,1,0,0,23.3,11.4,11.4,8.8,0.0,3.2,19.5,34.9
507,0,0,0,30.6,12.2,7.1,9.299999999999999,0.0,,,15.6
508,0,0,0,23.3,0.0,0.0,0.0,0.0,,,7.4
510,0,0,0,26.0,5.1,3.1,3.0666666666666664,0.0,4.09,20.2,23.7
512,0,0,0,23.0,,,,,,,16.5
513,0,0,0,22.5,10.3,10.3,10.3,0.0,2.15,18.8,36.8
515,0,0,0,25.1,6.2,3.5,3.233333333333333,0.0,6.24,20.4,16.9
516,0,0,0,25.5,,,,,,,3.7
517,0,0,0,26.6,6.0,6.0,4.333333333333333,0.0,2.24,19.9,27.4
519,0,0,0,30.1,11.8,9.4,9.1,0.0,,21.4,22.4
521,1,0,0,26.0,16.9,16.9,14.35,0.5,3.05,20.2,40.4
524,0,0,0,24.4,11.5,11.5,8.9,0.0,1.05,18.7,51.6
526,0,0,0,23.6,8.5,8.5,8.5,0.0,2.08,19.9,36.9
528,0,0,0,22.8,10.5,10.5,7.3,0.0,2.08,20.1,29.0
530,0,0,0,22.7,2.9,2.9,2.9,0.0,2.29,20.0,25.3
532,1,0,0,22.1,9.8,9.8,9.8,0.0,1.24,18.4,53.3
533,0,0,0,21.5,,,,,2.32,19.7,26.4
534,0,0,0,23.8,0.0,0.0,0.0,0.0,,,14.3
535,0,0,0,24.2,6.0,6.0,6.0,0.0,4.13,19.5,25.4
537,0,0,0,26.3,4.2,0.3,2.3666666666666667,0.0,,20.6,12.5
538,0,0,0,24.1,5.5,5.5,5.5,0.0,6.01,22.4,24.3
539,0,0,0,21.9,,,,,,21.2,42.1
542,0,0,0,33.6,9.3,8.5,7.866666666666667,0.0,,,16.1
543,0,0,0,23.6,8.6,8.6,8.6,0.0,2.12,20.9,31.6
544,0,0,0,26.9,1.6,1.6,1.6,0.0,,21.2,19.0
546,0,0,0,22.4,,,,,5.33,20.7,25.4
549,0,0,0,23.6,,,,,,20.8,35.2
552,1,0,0,26.4,21.8,21.8,17.666666666666668,1.0,2.21,19.7,40.7
553,0,0,0,24.4,7.8,7.8,7.8,0.0,7.08,19.6,39.1
559,0,0,0,26.1,3.3,3.3,3.3,0.0,,20.4,43.2
560,1,0,0,27.0,20.8,20.8,17.933333333333334,0.6666666666666666,1.27,18.2,39.3
562,0,0,0,27.6,1.7,,1.7,0.0,,,14.8
564,1,0,0,32.5,12.6,12.6,11.5,0.0,2.18,18.8,32.1
565,1,0,0,26.4,10.3,5.5,8.6,0.0,1.14,19.6,46.3
567,0,0,0,25.5,10.8,10.8,10.2,0.0,4.03,22.8,38.2
568,0,0,0,23.4,,,,,2.04,20.6,41.3
570,0,0,0,24.7,5.3,5.3,3.1666666666666665,0.0,4.28,20.0,26.6
571,0,0,0,31.4,14.0,10.4,12.433333333333332,0.0,1.22,19.7,70.9
575,0,0,0,22.8,,,,,6.11,21.1,27.1
576,0,0,0,21.7,4.9,4.9,4.9,0.0,,19.9,30.6
581,0,0,0,25.0,12.2,8.8,9.0,0.0,2.09,19.3,41.4
582,0,0,0,27.2,3.0,,3.0,0.0,2.05,20.5,26.8
590,0,0,0,22.6,,,,,3.02,20.8,34.0
591,0,0,0,27.2,,,,,,21.5,28.8
594,0,0,0,25.8,11.4,8.3,8.700000000000001,0.0,3.26,18.1,32.1
596,0,0,0,30.299999999999997,10.2,9.5,8.733333333333333,0.0,,21.6,21.2
599,0,0,0,27.1,,,,,,22.3,25.2
601,0,0,0,31.700000000000003,0.7,0.7,0.3666666666666667,0.0,6.11,22.0,32.9
607,0,0,0,32.2,16.5,16.5,13.4,0.3333333333333333,3.18,19.5,34.2
613,0,0,0,25.5,,,,,,,9.6
618,0,0,0,27.4,0.0,0.0,0.0,0.0,6.1,20.7,28.1
619,0,0,0,25.4,12.5,12.5,7.566666666666666,0.0,,20.6,24.5
620,0,0,0,30.799999999999997,13.9,12.1,13.266666666666667,0.0,2.28,20.1,44.3
621,0,0,0,21.0,,,,,,19.3,39.4
625,0,0,0,23.9,,,,,,20.2,
630,0,0,0,23.4,,,,,5.11,21.7,23.7
636,0,0,0,23.3,0.0,0.0,0.0,0.0,7.19,18.6,35.5
638,0,0,0,24.1,6.6,6.6,3.4499999999999997,0.0,5.29,21.4,34.5
641,0,0,0,23.8,,,,,,,14.5
644,0,0,0,27.1,9.5,1.5,5.6000000000000005,0.0,5.23,21.4,24.2
649,0,0,0,27.3,6.1,6.1,6.1,0.0,,21.6,40.7
650,0,0,0,26.6,6.0,6.0,3.0,0.0,6.11,22.9,25.4
651,0,0,0,22.6,,,,,,20.8,24.8
652,0,0,0,24.3,,,,,4.32,22.5,27.7
654,0,0,0,22.0,,,,,,20.2,22.2
661,0,0,0,23.2,3.6,3.6,3.6,0.0,2.28,18.4,33.3
663,0,0,0,26.0,12.0,9.2,10.6,0.0,4.06,19.2,33.3
666,0,0,0,29.5,6.0,6.0,5.333333333333333,0.0,4.23,21.8,40.2
667,0,0,0,29.4,7.3,5.5,6.266666666666667,0.0,,,11.2
669,0,0,0,26.5,16.2,13.4,14.633333333333333,0.3333333333333333,2.31,19.8,40.0
671,0,0,0,23.9,,,,,,20.2,47.9
673,0,0,0,24.7,3.6,3.6,3.6,0.0,7.06,23.0,28.2
676,0,0,0,25.1,2.6,0.0,1.3,0.0,,19.4,19.3
681,0,0,0,22.1,,,,,,19.4,20.4
692,0,0,0,25.3,0.8,-0.2,0.30000000000000004,0.0,,22.6,33.7
695,0,0,0,29.200000000000003,9.0,9.0,7.8,0.0,3.27,21.4,42.4
697,0,0,0,23.5,6.5,6.5,3.1,0.0,1.09,18.8,34.1
698,0,0,0,25.4,,,,,7.22,23.6,43.4
699,0,0,0,28.8,4.5,0.0,1.9333333333333333,0.0,,25.0,17.3
707,0,0,0,30.0,7.6,2.3,4.766666666666667,0.0,,21.3,16.9
709,0,0,0,28.1,11.6,11.6,11.55,0.0,2.5,19.4,25.0
714,0,0,0,24.3,8.3,8.3,5.8500000000000005,0.0,4.1,19.6,39.7
715,0,0,0,22.5,18.4,18.4,16.049999999999997,0.5,2.3,18.8,31.9
716,0,0,0,22.7,,,,,6.14,,14.5
717,1,0,0,30.299999999999997,20.4,20.4,18.23333333333333,1.0,1.06,19.6,34.4
720,0,0,0,27.5,6.0,2.5,4.5,0.0,4.08,19.7,31.6
723,0,0,0,23.2,0.5,0.5,0.5,0.0,5.07,19.4,60.3
730,0,0,0,24.8,0.0,,-0.25,0.0,,21.1,30.5
734,0,0,0,22.6,,,,,6.01,19.9,35.7
735,0,0,0,26.1,8.3,6.4,7.3500000000000005,0.0,,20.4,60.7
736,0,0,0,23.2,,,,,,20.5,35.9
737,1,0,0,27.1,17.8,17.2,15.766666666666666,0.6666666666666666,3.14,18.4,49.5
740,0,0,0,22.4,10.4,10.4,10.4,0.0,4.03,20.6,30.8
742,0,0,0,22.5,,,,,6.33,20.7,31.2
745,0,0,0,23.8,7.2,7.2,5.7,0.0,,20.1,20.6
747,1,0,0,25.6,13.8,13.8,11.2,0.0,3.32,19.8,41.8
748,0,0,0,27.1,10.9,9.2,10.2,0.0,5.11,19.4,29.3
756,0,0,0,24.4,1.2,1.2,1.2,0.0,,21.7,36.9
759,0,0,0,24.1,,,,,,19.3,44.8
763,0,0,0,24.0,4.7,4.7,2.866666666666667,0.0,1.23,19.2,29.0
764,0,0,0,35.8,16.2,11.5,14.299999999999999,0.6666666666666666,1.03,19.0,51.3
770,0,0,0,21.1,,,,,,20.4,32.3
774,0,0,0,25.7,4.1,,4.1,0.0,4.12,21.0,22.4
779,0,0,0,23.3,1.3,1.3,1.3,0.0,,20.6,26.5
780,0,0,0,24.7,5.2,5.2,5.2,0.0,7.1,23.0,22.2
782,0,0,0,24.8,5.5,5.5,3.55,0.0,,,12.6
788,0,0,0,27.5,11.2,,11.0,0.0,2.07,19.8,34.5
793,0,0,0,24.6,6.9,6.9,6.9,0.0,5.37,22.9,26.7
795,0,0,0,22.0,,,,,1.25,21.3,30.6
796,0,0,0,28.5,10.5,7.9,8.266666666666666,0.0,3.16,,13.6
798,0,0,0,26.1,2.3,2.2,2.25,0.0,,,6.3
799,0,0,0,29.200000000000003,14.1,12.9,12.833333333333334,0.0,5.31,19.5,26.3
803,0,0,0,21.2,,,,,2.24,,18.7
806,0,0,0,31.700000000000003,14.8,8.3,12.0,0.0,1.1,20.0,34.3
808,1,0,0,23.2,6.4,6.4,6.4,0.0,3.17,20.5,37.4
810,1,0,0,26.2,19.7,19.7,17.633333333333336,1.0,2.16,21.5,39.6
811,0,0,0,22.6,,,,,,19.9,14.9
814,1,0,0,25.8,18.8,18.1,16.76666666666667,0.6666666666666666,1.07,19.0,30.2
816,0,0,0,24.8,2.4,,1.5499999999999998,0.0,6.31,20.1,35.1
818,0,0,0,24.7,11.1,11.1,6.699999999999999,0.0,1.07,19.9,27.0
820,0,0,0,22.6,,,,,3.29,18.9,30.1
821,0,0,0,29.799999999999997,11.6,11.3,10.9,0.0,3.19,20.0,35.9
823,0,0,0,21.5,,,,,1.32,18.7,43.9
825,0,0,0,26.0,12.1,10.3,9.366666666666667,0.0,1.2,20.3,32.4
831,0,0,0,23.3,,,,,,22.6,31.4
832,0,0,0,26.6,19.2,19.2,18.733333333333334,1.0,1.12,19.8,34.5
833,0,0,0,22.2,,,,,7.33,21.5,20.3
834,0,0,0,21.9,,,,,,19.1,36.5
835,0,0,0,21.9,,,,,2.27,18.1,23.5
837,0,0,0,27.1,9.4,8.4,7.366666666666667,0.0,2.13,18.4,46.3
841,0,0,0,24.2,2.6,0.0,1.2333333333333334,0.0,4.19,19.5,43.1
842,0,0,0,26.4,7.4,7.4,5.733333333333334,0.0,1.29,19.7,32.6
845,0,0,0,22.2,,,,,,21.4,45.3
849,0,0,0,27.0,10.6,7.9,9.25,0.0,6.33,21.3,41.7
853,0,0,0,28.8,11.4,9.6,10.733333333333334,0.0,2.32,20.0,28.2
856,0,0,0,24.7,9.1,9.1,5.133333333333334,0.0,5.35,18.9,43.6
859,0,0,0,22.6,0.9,0.9,0.9,0.0,6.13,,10.6
863,0,0,0,23.7,2.2,2.2,2.2,0.0,7.22,20.0,31.5
867,0,0,0,22.9,,,,,4.24,22.1,22.2
870,0,0,0,26.1,12.5,11.2,10.633333333333333,0.0,,20.3,34.8
871,0,0,0,24.2,,,,,6.25,18.4,31.1
872,0,0,0,25.1,9.0,9.0,9.0,0.0,,21.3,18.1
875,1,0,0,27.1,16.6,16.6,13.1,0.3333333333333333,2.09,18.4,31.6
882,0,0,0,23.4,1.8,1.8,1.8,0.0,6.2,,14.2
883,0,0,0,28.7,5.8,5.8,5.033333333333334,0.0,,,10.7
885,0,0,0,28.5,7.9,5.3,4.8999999999999995,0.0,5.02,21.7,45.3
886,0,0,0,24.6,4.3,4.3,2.4,0.0,4.27,21.8,24.6
889,0,0,0,26.0,11.5,11.5,10.566666666666668,0.0,1.04,18.2,34.2
892,0,0,0,21.8,,,,,6.35,19.1,41.5
894,0,0,0,28.3,7.1,7.1,6.599999999999999,0.0,,22.5,35.6
902,0,0,0,24.5,,,,,,22.8,36.9
904,0,0,0,22.7,,,,,,21.0,37.5
906,0,0,0,25.5,17.6,17.6,15.566666666666668,0.3333333333333333,5.1,18.8,36.1
907,0,0,0,26.3,13.1,11.3,11.966666666666669,0.0,2.09,20.6,33.2
910,0,0,0,25.1,,,,,,,17.9
911,0,0,0,22.2,,,,,,19.4,29.8
913,0,0,0,26.9,5.8,4.2,4.933333333333334,0.0,6.13,21.1,33.4
914,0,0,0,29.5,17.1,17.1,15.033333333333333,0.6666666666666666,3.29,18.8,41.9
915,0,0,0,24.4,6.6,4.7,5.65,0.0,5.01,18.7,37.8
919,0,0,0,28.3,11.7,9.5,8.766666666666666,0.0,,20.6,28.7
920,0,0,0,24.3,6.7,6.7,4.9,0.0,3.08,20.5,38.6
921,0,0,0,34.1,10.6,10.1,10.200000000000001,0.0,1.09,20.4,28.5
926,0,0,0,23.7,,,,,3.12,,17.7
927,0,0,0,26.5,,,,,,,12.2
928,0,0,0,25.5,6.0,6.0,6.0,0.0,,22.8,38.1
935,0,0,0,29.4,9.5,3.4,6.8999999999999995,0.0,4.05,,19.0
936,0,0,0,23.7,,,,,6.11,21.0,36.0
939,0,0,0,22.9,7.7,7.7,7.7,0.0,3.27,19.2,33.0
940,0,0,0,23.3,5.8,5.8,5.8,0.0,,19.5,25.7
943,0,0,0,25.9,1.2,0.0,0.7000000000000001,0.0,5.26,19.2,14.7
944,0,0,0,23.5,7.5,7.5,7.5,0.0,7.38,21.8,34.7
948,0,0,0,24.6,15.8,15.8,9.766666666666667,0.3333333333333333,2.24,18.8,42.7
950,0,0,0,26.7,13.8,13.8,9.833333333333334,0.0,3.05,19.9,44.2
951,1,0,0,25.3,20.5,20.5,16.3,0.6666666666666666,5.28,,19.4
952,0,0,0,27.3,13.6,9.2,10.466666666666667,0.0,,20.6,30.5
956,0,0,0,22.8,,,,,,20.0,23.3
961,0,0,0,23.0,5.0,5.0,5.0,0.0,,19.2,32.4
965,0,0,0,25.1,15.2,15.2,11.733333333333334,0.3333333333333333,1.21,20.4,46.7
966,0,0,0,26.6,12.8,9.6,8.1,0.0,,19.9,39.4
967,0,0,0,24.5,5.1,5.1,5.1,0.0,,19.7,34.3
968,0,0,0,24.2,10.2,10.2,7.6,0.0,2.05,20.4,37.1
970,0,0,1,24.6,7.1,3.2,5.15,0.0,2.13,20.9,36.4
976,0,0,1,23.0,,,,,,,7.5
979,0,0,1,24.3,5.9,5.9,5.9,0.0,,19.5,35.2
980,0,0,1,26.0,1.5,1.3,1.4,0.0,,,12.0
982,0,0,1,24.6,10.1,10.1,7.633333333333333,0.0,3.18,,17.4
985,0,0,1,25.3,2.0,0.9,0.9666666666666667,0.0,,21.6,30.6
987,0,0,1,26.1,4.6,,3.05,0.0,7.12,,7.6
988,0,0,1,38.4,8.6,6.7,7.65,0.0,1.32,,10.5
989,0,0,1,27.8,2.1,2.1,1.9333333333333336,0.0,4.18,23.1,15.8
990,0,0,1,24.9,6.3,6.3,6.3,0.0,,,7.1
1002,0,0,1,26.4,6.8,6.6,5.3,0.0,5.21,,9.0
1004,0,0,1,27.9,11.4,6.2,8.833333333333334,0.0,,20.2,19.7
1005,0,0,1,25.7,0.0,,0.0,0.0,,,10.8
1006,0,0,1,30.299999999999997,9.1,3.4,7.166666666666667,0.0,6.09,18.6,17.9
1007,0,0,1,22.8,,,,,,,8.6
1012,0,0,1,23.3,8.1,8.1,8.1,0.0,4.07,,18.0
1015,0,0,1,27.6,5.8,,4.3,0.0,3.04,20.9,23.9
1017,0,0,1,26.5,,,,,,24.7,20.3
1027,0,0,1,24.4,6.5,6.5,6.5,0.0,2.17,21.7,30.7
1029,0,0,1,22.9,3.4,3.4,3.4,0.0,4.37,,11.4
1030,0,0,1,24.2,4.7,4.7,4.7,0.0,,20.5,38.4
1031,0,0,1,27.0,5.7,,4.3,0.0,,21.3,24.1
1035,0,0,1,24.5,0.9,0.0,0.45,0.0,,,11.8
1036,0,0,1,26.7,5.2,5.2,4.5,0.0,6.28,22.0,32.1
1040,0,0,1,22.9,9.6,9.6,7.75,0.0,1.29,20.2,24.6
1042,0,0,1,22.5,,,,,3.32,,4.2
1043,0,0,1,34.8,12.5,9.2,10.866666666666665,0.0,6.06,20.1,30.4
1045,0,0,1,24.2,,,,,,22.5,22.6
1046,0,0,1,28.8,2.5,2.5,1.9666666666666668,0.0,,18.1,66.4
1052,0,0,1,23.1,,,,,2.2,,10.5
1053,0,0,1,23.8,1.8,1.8,1.8,0.0,4.23,,8.8
1058,0,0,1,26.1,13.9,13.9,11.1,0.0,1.1,19.4,18.8
1059,0,0,1,25.1,2.0,2.0,1.0,0.0,5.31,20.4,31.6
1060,0,0,1,27.1,3.3,1.4,1.5666666666666664,0.0,,,9.6
1063,0,0,1,24.7,11.6,11.3,11.45,0.0,1.23,22.0,29.5
1064,0,0,1,22.1,,,,,4.35,,12.3
1066,0,0,1,31.0,5.7,3.2,4.833333333333333,0.0,,,3.9
1072,0,0,1,25.7,6.2,6.2,3.0333333333333337,0.0,7.29,,4.9
1073,1,0,1,25.6,16.0,16.0,11.55,0.5,5.02,21.9,23.2
1075,0,0,1,24.9,5.6,5.6,4.8,0.0,2.12,21.2,31.7
1077,0,0,1,34.2,12.8,8.9,9.233333333333334,0.0,1.31,20.5,16.7
1080,0,0,1,22.8,,,,,,,11.5
1082,0,0,1,25.8,3.9,3.9,3.9,0.0,1.25,,15.6
1086,0,0,1,24.5,10.6,,10.3,0.0,2.04,18.7,20.1
1090,0,0,1,23.0,8.1,8.1,8.1,0.0,4.01,,19.1
1092,0,0,1,20.8,,,,,2.18,,14.0
1093,0,0,1,22.0,,,,,7.1,,13.9
1094,0,0,1,22.4,,,,,2.25,19.7,42.7
1095,0,0,1,25.7,,,,,,,16.6
1097,0,0,1,22.9,,,,,3.11,22.2,32.7
1098,0,0,1,29.1,11.3,10.1,10.166666666666666,0.0,,20.3,23.9
1101,0,0,1,25.5,4.6,4.6,2.8,0.0,,22.8,23.4
1103,0,0,1,23.6,,,,,,,18.1
1108,0,0,1,27.4,3.2,3.2,1.9333333333333333,0.0,5.37,22.6,22.2
1109,0,0,1,32.1,12.1,12.1,9.200000000000001,0.0,3.25,21.4,17.4
1112,0,0,1,37.1,10.2,,9.75,0.0,3.05,20.3,27.0
1115,0,0,1,26.5,6.5,6.5,4.6000000000000005,0.0,3.28,,9.3
1117,0,0,1,24.8,3.1,2.2,2.6500000000000004,0.0,5.1,,14.2
1120,0,0,1,22.2,,,,,,20.5,48.8
1121,0,0,1,25.0,7.0,5.6,6.099999999999999,0.0,5.24,19.3,18.1
1123,0,0,1,32.5,11.8,8.2,10.2,0.0,3.31,22.8,15.9
1128,0,0,1,24.5,1.5,1.5,1.5,0.0,,,13.5
1129,0,0,1,23.8,5.3,5.3,4.4,0.0,3.36,18.0,33.0
1130,0,0,1,27.1,2.8,2.8,2.8,0.0,3.34,23.4,28.2
1134,0,0,1,26.9,12.2,5.6,7.833333333333333,0.0,2.1,18.1,48.3
1136,0,0,1,22.8,4.7,4.7,4.7,0.0,6.37,,14.9
1138,0,0,1,29.0,4.5,3.4,3.466666666666667,0.0,,20.3,18.1
1139,0,0,1,22.4,,,,,3.05,21.7,20.6
1144,0,0,1,22.1,,,,,6.03,,16.7
1152,0,0,1,29.5,13.1,9.5,10.833333333333334,0.0,2.11,,11.5
1155,0,0,1,31.299999999999997,6.9,3.2,4.6000000000000005,0.0,2.15,21.6,27.5
1157,0,0,1,31.5,4.4,4.4,2.866666666666667,0.0,5.28,,13.7
1158,0,0,1,27.8,4.8,4.8,4.266666666666667,0.0,4.36,20.1,21.7
1161,0,0,1,30.9,3.6,3.6,2.466666666666667,0.0,4.07,21.1,14.2
1162,0,0,1,29.4,4.0,2.2,3.366666666666667,0.0,5.25,20.6,15.0
1163,0,0,1,35.0,5.4,1.4,3.6999999999999997,0.0,1.28,21.3,26.1
1166,0,0,1,23.7,6.7,6.7,6.7,0.0,3.22,,18.0
1171,0,0,1,26.7,4.2,4.2,2.1,0.0,,,9.8
1175,0,0,1,25.1,3.7,3.7,2.1666666666666665,0.0,2.23,19.4,48.8
1179,0,0,1,23.6,2.9,2.9,2.9,0.0,2.1,21.9,21.5
1182,0,0,1,27.2,3.6,3.6,2.6,0.0,5.07,19.5,37.6
1188,0,0,1,26.3,3.7,3.7,3.466666666666667,0.0,5.35,20.6,21.2
1190,0,0,1,26.7,4.9,4.5,3.766666666666667,0.0,6.18,21.0,18.8
1191,0,0,1,25.2,4.9,4.9,3.6,0.0,3.32,,6.4
1193,0,0,1,21.5,,,,,1.2,19.8,27.0
1196,0,0,1,24.5,12.1,12.1,9.95,0.0,1.19,,15.2
1200,0,0,1,25.1,,,,,,22.3,18.9
1204,0,0,1,31.4,5.0,4.5,3.8000000000000003,0.0,4.33,,8.2
1206,0,0,1,24.0,6.3,5.0,5.65,0.0,,,12.4
1209,0,0,1,25.1,3.5,3.5,3.5,0.0,,21.4,38.0
1210,0,0,1,24.3,1.7,1.7,1.7,0.0,,21.6,29.6
1211,0,0,1,29.4,6.5,4.2,5.5,0.0,6.33,21.7,38.8
1212,0,0,1,23.4,,,,,7.32,,15.2
1215,0,0,1,27.1,2.9,2.9,2.9,0.0,,19.4,36.1
1216,0,0,1,26.0,1.7,1.7,1.7,0.0,,,7.5
1219,0,0,1,26.3,4.8,3.7,4.266666666666667,0.0,4.4,,18.3
1221,0,0,1,22.5,,,,,,20.7,28.1
1223,0,0,1,21.9,,,,,1.08,21.2,24.0
1224,0,0,1,24.5,,,,,,20.8,22.6
1225,0,0,1,28.7,2.7,2.7,2.7,0.0,,23.0,
1229,0,0,1,23.9,,,,,7.14,21.2,19.6
1233,1,0,1,29.6,18.4,18.4,15.933333333333332,0.6666666666666666,3.01,22.9,27.6
1235,0,0,1,23.7,,,,,4.19,,5.7
1236,0,0,1,27.6,9.1,9.1,7.0,0.0,,21.9,15.4
1237,0,0,1,23.9,,,,,5.19,21.2,19.9
1239,0,0,1,23.8,3.2,3.2,3.2,0.0,5.2,21.1,24.1
1241,0,0,1,28.7,12.3,9.7,8.766666666666667,0.0,1.21,21.0,26.9
1242,0,0,1,26.4,4.7,4.7,3.7000000000000006,0.0,4.12,22.7,15.6
1243,0,0,1,26.6,8.3,1.5,4.166666666666667,0.0,3.21,20.9,11.5
1244,0,0,1,29.0,8.9,8.9,7.3,0.0,2.23,20.2,26.6
1245,0,0,1,35.3,7.6,5.7,6.966666666666666,0.0,1.06,21.6,35.9
1247,0,0,1,30.799999999999997,5.2,3.3,4.033333333333334,0.0,7.01,21.1,19.5
1248,0,0,1,22.9,8.9,8.9,8.9,0.0,4.2,,10.3
1250,0,0,1,26.7,4.3,1.6,2.766666666666666,0.0,,,13.1
1251,0,0,1,28.5,17.5,17.5,15.033333333333333,0.3333333333333333,2.03,21.8,31.8
1252,0,0,1,22.7,,,,,5.03,,15.6
0,0,1,0,22.1,,,,,2.3,19.3,34.8
1,1,1,0,25.5,19.7,19.7,14.0,0.3333333333333333,5.39,18.8,47.0
3,0,1,0,35.2,11.8,9.8,9.833333333333334,0.0,1.07,19.5,42.7
6,0,1,0,23.9,1.6,1.6,1.6,0.0,,,10.1
7,0,1,0,26.0,1.9,1.2,1.0333333333333332,0.0,6.08,,3.2
8,0,1,0,25.8,11.4,,11.15,0.0,5.34,19.0,29.9
9,0,1,0,21.9,5.3,5.3,5.3,0.0,3.38,19.2,28.7
12,0,1,0,31.5,6.2,0.4,4.066666666666667,0.0,6.03,20.7,50.0
14,1,1,0,24.9,23.2,17.8,20.166666666666668,1.0,3.03,20.1,23.3
15,0,1,0,27.0,8.9,2.8,4.033333333333334,0.0,2.22,19.2,34.6
18,0,1,0,27.0,3.8,3.8,2.5666666666666664,0.0,6.01,,5.7
20,0,1,0,21.8,,,,,4.18,20.1,22.4
21,0,1,0,31.5,3.4,1.3,2.433333333333333,0.0,5.05,,3.4
24,0,1,0,21.9,,,,,3.02,21.2,17.4
26,0,1,0,24.0,,,,,,20.3,17.4
27,1,1,0,25.0,19.3,19.3,12.833333333333334,0.3333333333333333,,18.3,45.7
29,0,1,0,23.8,,,,,,21.1,23.6
32,0,1,0,22.3,5.3,5.3,5.3,0.0,4.2,18.5,38.6
36,0,1,0,23.7,7.2,7.2,7.2,0.0,7.18,19.9,14.9
38,0,1,0,25.1,10.8,10.8,5.4,0.0,6.27,22.4,23.3
44,0,1,0,24.6,6.7,6.7,4.033333333333334,0.0,5.12,18.8,34.2
47,0,1,0,24.2,0.3,0.3,0.3,0.0,,20.4,17.8
50,0,1,0,26.9,2.9,2.9,2.3333333333333335,0.0,,20.1,29.9
51,0,1,0,26.0,4.2,3.6,3.4333333333333336,0.0,3.27,21.3,26.2
53,0,1,0,20.9,,,,,2.2,18.2,39.8
55,0,1,0,29.7,14.6,9.6,10.4,0.0,2.25,21.0,29.8
59,0,1,0,24.1,8.3,8.3,6.1000000000000005,0.0,4.34,18.4,34.1
60,1,1,0,25.7,15.5,15.5,13.266666666666666,0.3333333333333333,7.31,22.0,14.6
66,0,1,0,29.6,15.3,8.5,11.0,0.3333333333333333,5.21,19.9,17.7
67,1,1,0,24.0,29.3,29.3,22.566666666666666,0.6666666666666666,1.08,19.2,50.7
71,0,1,0,21.1,,,,,1.32,19.4,17.9
72,0,1,0,29.2,6.0,2.0,4.466666666666667,0.0,1.29,21.5,17.1
73,0,1,0,25.6,7.2,-2.0,3.9,0.0,,18.8,33.1
75,0,1,0,24.0,,,,,,20.2,29.7
77,0,1,0,21.4,,,,,2.03,19.6,21.1
78,0,1,0,24.3,1.9,1.9,1.9,0.0,,20.5,16.2
79,0,1,0,24.1,10.7,,8.5,0.0,3.25,19.4,36.5
80,0,1,0,26.5,4.6,0.0,2.3,0.0,,19.8,18.8
81,1,1,0,24.8,20.9,20.9,17.03333333333333,0.6666666666666666,2.09,19.1,38.8
84,0,1,0,23.3,1.2,1.2,1.2,0.0,3.23,20.6,14.7
91,0,1,0,26.1,4.7,4.7,2.35,0.0,,21.3,17.2
92,0,1,0,23.0,,,,,,21.3,15.7
94,0,1,0,25.1,7.5,7.5,6.45,0.0,,22.4,21.5
95,0,1,0,22.8,2.5,2.5,2.5,0.0,3.06,20.0,33.9
99,0,1,0,21.9,,,,,3.29,20.2,31.5
100,0,1,0,23.3,3.2,3.2,3.2,0.0,6.41,21.6,24.7
104,0,1,0,28.5,15.3,11.8,13.366666666666667,0.3333333333333333,3.22,19.7,43.2
105,1,1,0,23.0,10.7,10.7,10.7,0.0,3.09,20.2,30.5
110,0,1,0,27.3,7.6,7.6,4.8999999999999995,0.0,5.04,21.5,23.4
113,0,1,0,21.7,,,,,4.38,21.0,26.5
118,1,1,0,26.4,19.6,19.6,13.533333333333333,0.3333333333333333,2.14,20.7,43.5
122,0,1,0,22.7,12.3,12.3,12.3,0.0,3.1,19.0,36.1
123,0,1,0,23.7,8.0,8.0,8.0,0.0,,21.9,25.5
124,0,1,0,28.2,14.3,14.1,11.799999999999999,0.0,4.03,19.5,17.8
125,0,1,0,28.0,7.0,1.4,4.633333333333334,0.0,4.38,22.3,40.1
127,0,1,0,23.4,0.6,0.6,0.6,0.0,6.21,21.7,21.5
128,0,1,0,29.7,12.3,4.4,8.9,0.0,5.18,18.9,35.2
131,0,1,0,25.3,2.9,2.9,2.35,0.0,,19.5,29.1
135,0,1,0,26.7,13.5,9.6,10.366666666666667,0.0,3.13,19.0,33.0
136,0,1,0,26.1,3.8,1.5,2.3000000000000003,0.0,7.15,20.4,20.1
139,0,1,0,21.7,,,,,,,13.6
142,0,1,0,26.8,4.6,0.8,2.3666666666666667,0.0,,21.1,31.1
144,0,1,0,24.9,21.8,19.5,20.533333333333335,1.0,1.04,19.1,37.8
147,0,1,0,37.1,10.8,6.3,8.133333333333335,0.0,3.01,20.3,26.4
149,0,1,0,22.6,,,,,,,6.6
154,0,1,0,28.5,9.5,4.3,7.266666666666667,0.0,2.05,19.8,35.6
156,0,1,0,25.1,8.0,5.8,6.9,0.0,,22.4,26.4
159,0,1,0,24.7,7.5,5.2,6.35,0.0,4.26,20.0,33.9
160,0,1,0,26.8,8.1,5.6,4.666666666666667,0.0,,,10.2
161,0,1,0,22.4,,,,,,18.7,19.1
162,0,1,0,21.5,,,,,2.23,18.7,28.4
163,0,1,0,23.7,,,,,,,12.8
169,0,1,0,25.5,1.5,1.5,1.5,0.0,,,0.2
171,0,1,0,26.6,9.8,5.2,6.833333333333333,0.0,,18.9,22.6
174,0,1,0,25.2,10.5,10.5,9.0,0.0,4.28,17.4,36.4
175,0,1,0,25.1,21.2,14.6,12.333333333333334,0.3333333333333333,3.41,18.3,34.4
176,1,1,0,21.8,,,,,,19.1,48.7
178,0,1,0,28.3,17.3,12.8,13.233333333333334,0.3333333333333333,4.3,18.6,27.1
181,0,1,0,22.1,,,,,5.27,20.4,32.5
182,0,1,0,21.8,,,,,,21.1,19.9
187,0,1,0,23.9,9.9,8.1,9.0,0.0,5.28,19.1,23.9
188,0,1,0,24.5,7.4,5.9,6.65,0.0,,19.8,34.6
189,0,1,0,22.9,,,,,,19.2,19.3
192,0,1,0,24.4,0.4,,0.4,0.0,5.18,19.7,41.4
197,1,1,0,23.9,17.4,14.1,13.866666666666667,0.3333333333333333,2.16,19.1,24.7
208,1,1,0,21.4,,,,,2.09,18.6,41.8
209,0,1,0,22.7,,,,,,19.9,30.8
210,0,1,0,26.3,8.1,8.1,4.25,0.0,5.18,19.6,25.4
211,0,1,0,25.6,12.5,12.4,12.033333333333333,0.0,5.11,18.8,29.3
214,0,1,0,25.9,4.6,4.2,4.4,0.0,5.32,23.1,24.8
216,0,1,0,23.6,6.7,0.6,3.65,0.0,,19.9,21.3
219,1,1,0,22.3,14.7,14.7,14.7,0.0,1.24,,13.9
223,0,1,0,22.5,,,,,4.06,20.8,33.2
224,0,1,0,22.5,3.1,3.1,3.1,0.0,4.11,19.8,21.7
227,0,1,0,24.1,7.6,4.5,6.05,0.0,7.33,18.4,30.7
230,0,1,0,24.4,4.3,4.3,3.95,0.0,4.31,20.7,20.6
232,0,1,0,24.8,20.9,12.7,17.333333333333332,0.6666666666666666,3.22,18.1,28.7
234,0,1,0,23.1,,,,,3.12,18.3,40.4
239,0,1,0,31.1,1.7,0.7,1.0999999999999999,0.0,6.14,22.4,28.3
243,0,1,0,26.3,15.2,15.2,12.166666666666666,0.3333333333333333,3.1,19.6,13.2
245,0,1,0,22.9,13.9,10.6,12.25,0.0,2.11,19.2,35.8
248,0,1,0,23.9,2.4,2.4,2.4,0.0,,20.2,16.2
252,0,1,0,29.1,5.4,4.2,4.7,0.0,4.33,,15.0
255,0,1,0,29.1,12.3,,12.2,0.0,4.02,19.4,27.8
256,0,1,0,22.3,,,,,4.14,19.6,22.2
259,0,1,0,30.4,9.8,9.8,9.233333333333333,0.0,6.13,20.6,34.7
260,0,1,0,28.3,22.8,14.2,18.5,0.5,2.16,18.5,45.1
262,0,1,0,31.9,16.5,9.1,11.566666666666668,0.3333333333333333,2.21,19.2,47.1
264,0,1,0,25.4,17.7,17.3,16.7,1.0,1.04,19.6,38.8
265,0,1,0,23.5,,,,,,20.8,33.7
268,0,1,0,27.4,4.5,4.5,4.1000000000000005,0.0,,18.7,20.6
273,0,1,0,30.4,17.4,15.9,15.066666666666665,0.6666666666666666,1.28,18.7,32.8
275,0,1,0,24.2,14.5,12.8,11.566666666666668,0.0,4.37,18.5,29.8
279,0,1,0,25.3,11.6,8.6,8.9,0.0,,19.5,21.8
285,0,1,0,27.1,22.6,15.1,18.566666666666666,1.0,1.15,20.4,47.1
288,0,1,0,21.5,,,,,,19.8,31.0
289,0,1,0,24.8,10.0,10.0,5.55,0.0,,19.1,19.8
290,0,1,0,28.3,1.6,0.0,0.7000000000000001,0.0,5.32,,3.3
291,0,1,0,27.3,9.1,2.4,6.733333333333332,0.0,4.27,20.5,23.6
292,0,1,0,27.3,9.1,2.4,6.733333333333332,0.0,,18.3,39.0
296,0,1,0,23.1,13.5,13.5,13.5,0.0,2.21,21.4,21.1
298,1,1,0,23.3,4.5,4.5,4.5,0.0,7.2,18.6,33.5
301,0,1,0,23.8,,,,,,,5.7
303,1,1,0,24.4,15.9,15.9,14.05,0.5,2.03,18.7,31.7
304,0,1,0,23.5,10.1,6.6,8.35,0.0,4.04,20.8,22.6
307,0,1,0,24.8,8.3,8.3,8.3,0.0,,22.1,30.1
310,0,1,0,25.9,9.4,7.2,7.8999999999999995,0.0,,21.2,30.9
312,0,1,0,25.9,14.9,12.4,13.65,0.0,,21.1,38.4
314,0,1,0,23.7,5.1,5.1,5.1,0.0,5.14,19.0,26.3
315,0,1,0,28.1,11.1,11.1,5.8999999999999995,0.0,,,12.3
316,0,1,0,24.3,8.4,8.4,6.9,0.0,1.27,20.6,50.1
318,0,1,0,22.2,,,,,7.31,,12.5
319,0,1,0,24.4,3.3,3.3,3.3,0.0,,,11.0
321,0,1,0,29.9,13.0,7.8,9.0,0.0,6.22,19.2,28.0
323,0,1,0,22.0,,,,,,18.2,23.1
329,0,1,0,24.3,,,,,,20.5,25.6
330,0,1,0,24.3,,,,,,,14.9
333,0,1,0,22.8,10.4,10.4,6.9,0.0,2.06,18.1,33.4
337,0,1,0,24.3,8.9,8.9,8.05,0.0,3.07,18.5,30.4
340,0,1,0,24.4,0.4,0.4,0.4,0.0,,20.7,37.4
342,0,1,0,21.4,,,,,,20.7,24.2
343,0,1,0,24.7,8.3,1.6,3.8666666666666667,0.0,4.07,19.0,27.8
344,0,1,0,23.3,24.0,18.8,21.4,1.0,1.02,18.6,32.2
345,0,1,0,22.7,,,,,,20.9,21.8
346,0,1,0,28.7,0.9,0.7,0.5333333333333333,0.0,,21.0,18.3
347,0,1,0,22.5,,,,,,21.8,18.5
353,0,1,0,25.3,10.7,9.6,10.149999999999999,0.0,1.31,20.6,27.5
361,0,1,0,26.7,12.4,7.4,9.533333333333333,0.0,2.04,18.9,22.5
362,0,1,0,31.9,3.0,3.0,1.2333333333333334,0.0,4.28,21.1,41.2
364,0,1,0,24.9,14.6,10.1,11.233333333333334,0.0,4.13,18.1,40.8
367,0,1,0,29.2,5.6,3.4,4.066666666666667,0.0,1.08,19.5,26.3
372,0,1,0,27.2,12.1,9.7,11.0,0.0,3.09,20.4,43.2
373,0,1,0,29.1,9.6,,8.95,0.0,6.31,21.3,21.5
378,0,1,0,25.8,26.2,14.5,22.099999999999998,0.6666666666666666,1.1,18.1,33.2
380,0,1,0,25.5,0.2,0.2,0.2,0.0,,21.8,12.1
381,0,1,0,21.5,,,,,,20.8,15.9
382,0,1,0,23.1,6.2,6.2,6.2,0.0,4.26,,13.2
385,0,1,0,21.8,5.6,5.6,5.6,0.0,6.31,19.1,19.2
386,0,1,0,22.6,,,,,6.09,18.9,34.5
390,0,1,0,25.9,4.1,0.0,2.05,0.0,6.3,21.1,36.2
391,0,1,0,25.4,3.3,3.3,3.0,0.0,,18.7,18.7
396,0,1,0,26.5,0.9,0.9,0.9,0.0,,21.8,25.8
397,0,1,0,22.7,4.0,4.0,4.0,0.0,6.13,19.0,17.0
398,0,1,0,27.4,11.4,2.3,6.533333333333334,0.0,3.3,20.6,18.0
400,0,1,0,26.7,3.2,0.6,1.5,0.0,4.21,20.9,35.1
402,0,1,0,25.7,8.1,5.4,5.633333333333333,0.0,4.34,20.9,21.4
403,0,1,0,26.3,9.0,2.1,5.633333333333334,0.0,5.14,21.6,22.3
405,0,1,0,22.8,,,,,,18.0,28.6
409,0,1,0,22.5,,,,,3.22,19.7,35.7
411,1,0,0,22.9,13.6,13.6,13.6,0.0,2.19,20.2,32.6
412,0,0,0,31.799999999999997,16.6,,15.4,0.5,1.04,20.1,42.2
419,0,0,0,26.9,11.8,7.2,9.0,0.0,,,9.4
420,1,0,0,29.8,19.1,11.4,15.166666666666666,0.3333333333333333,,20.0,45.9
423,0,0,0,24.0,,,,,,22.3,20.7
424,0,0,0,27.6,6.0,6.0,3.5,0.0,,21.8,27.9
427,0,0,0,24.5,9.3,9.3,5.5,0.0,,19.7,33.1
428,1,0,0,26.8,15.9,15.9,10.133333333333333,0.3333333333333333,2.29,19.0,37.9
429,0,0,0,30.299999999999997,14.3,13.6,13.266666666666667,0.0,2.13,19.6,39.7
431,0,0,0,26.0,15.4,15.4,13.700000000000001,0.3333333333333333,1.04,18.2,47.2
438,0,0,0,32.4,1.5,0.4,0.6333333333333333,0.0,3.24,18.7,46.1
440,0,0,0,23.5,3.2,3.2,3.2,0.0,2.3,19.8,52.2
443,0,0,0,25.6,8.0,8.0,8.0,0.0,2.19,21.9,39.9
446,0,0,0,31.9,22.0,16.1,19.900000000000002,1.0,6.26,19.2,32.8
447,0,0,0,23.4,8.1,4.2,6.15,0.0,4.05,18.7,
448,0,0,0,22.1,,,,,4.36,19.4,40.5
451,0,0,0,23.0,0.9,0.9,0.9,0.0,,18.3,60.9
452,0,0,0,23.3,8.5,8.5,5.0,0.0,7.35,19.6,37.4
453,0,0,0,26.4,3.4,1.0,2.2,0.0,,21.7,46.8
454,0,0,0,22.7,,,,,,,11.2
458,0,0,0,29.0,5.5,5.5,5.066666666666666,0.0,,21.2,28.4
462,1,0,0,26.7,16.2,8.4,12.766666666666666,0.3333333333333333,1.2,18.9,38.9
463,1,0,0,22.2,,,,,1.25,21.5,40.6
469,0,0,0,24.7,4.0,,4.0,0.0,,22.0,25.3
471,0,0,0,27.2,3.7,3.7,2.2,0.0,,20.5,38.6
472,0,0,0,24.7,1.0,1.0,1.0,0.0,6.36,21.9,28.1
476,0,0,0,26.7,9.9,9.9,5.900000000000001,0.0,1.26,20.0,36.6
483,0,0,0,21.5,,,,,3.17,17.8,48.4
486,0,0,0,26.5,3.9,3.9,3.9,0.0,,22.8,37.7
487,0,0,0,26.5,2.5,2.5,2.5,0.0,,21.7,23.4
489,1,0,0,25.4,15.0,15.0,13.95,0.0,1.26,20.7,30.1
491,0,0,0,24.4,1.6,1.6,1.6,0.0,,,5.6
492,0,0,0,24.4,2.0,,2.0,0.0,,,13.5
495,0,0,0,21.1,,,,,1.17,19.4,38.1
496,0,0,0,26.0,3.0,3.0,2.8,0.0,,,11.1
497,0,0,0,25.4,3.1,,3.1,0.0,4.35,21.6,35.2
501,0,0,0,21.9,,,,,2.17,21.2,33.4
503,0,0,0,27.6,9.7,9.7,7.033333333333334,0.0,3.12,20.9,29.3
505,1,0,0,24.3,19.6,19.6,12.4,0.3333333333333333,3.2,19.5,34.9
507,0,0,0,31.6,12.2,2.1,7.133333333333333,0.0,,,15.6
510,0,0,0,27.0,5.1,1.0,3.0666666666666664,0.0,4.09,20.2,23.7
512,0,0,0,24.0,2.9,2.9,2.9,0.0,,,16.5
513,0,0,0,23.5,12.8,12.8,11.55,0.0,2.15,18.8,36.8
516,0,0,0,26.5,3.3,3.3,3.3,0.0,,,3.7
519,0,0,0,31.1,12.1,12.1,9.200000000000001,0.0,,21.4,22.4
520,0,0,0,22.7,,,,,5.2,21.0,25.3
521,0,0,0,27.0,16.9,16.9,15.199999999999998,0.6666666666666666,3.05,20.2,40.4
524,0,0,0,25.4,11.5,7.7,8.5,0.0,1.05,18.7,51.6
526,0,0,0,24.6,13.9,13.9,11.2,0.0,2.08,19.9,36.9
528,0,0,0,23.8,10.7,10.7,8.433333333333332,0.0,2.08,20.1,29.0
530,0,0,0,23.7,14.9,14.9,8.9,0.0,2.29,20.0,25.3
532,0,0,0,23.1,15.4,15.4,12.600000000000001,0.5,1.24,18.4,53.3
533,1,0,0,22.5,11.6,11.6,11.6,0.0,2.32,19.7,26.4
535,0,0,0,25.2,6.0,5.3,5.65,0.0,4.13,19.5,25.4
537,0,0,0,27.3,6.5,6.5,3.6666666666666665,0.0,,20.6,12.5
538,0,0,0,25.1,5.5,4.2,4.85,0.0,6.01,22.4,24.3
542,0,0,0,34.6,9.4,9.4,9.066666666666668,0.0,,,16.1
543,0,0,0,24.6,8.6,3.8,6.199999999999999,0.0,2.12,20.9,31.6
546,0,0,0,23.4,12.1,12.1,12.1,0.0,5.33,20.7,25.4
547,0,0,0,22.6,,,,,5.28,18.9,36.5
549,0,0,0,24.6,-0.2,-0.2,-0.2,0.0,,20.8,35.2
551,0,0,0,24.4,,,,,5.22,19.7,36.8
552,1,0,0,27.4,21.8,17.6,18.433333333333334,1.0,2.21,19.7,40.7
553,0,0,0,25.4,7.8,4.6,6.199999999999999,0.0,7.08,19.6,39.1
559,0,0,0,27.1,3.3,1.6,2.45,0.0,,20.4,43.2
560,1,0,0,28.0,20.8,17.8,19.766666666666666,1.0,1.27,18.2,39.3
563,0,0,0,21.9,,,,,,,13.3
564,0,0,0,33.5,18.4,18.4,13.633333333333333,0.3333333333333333,2.18,18.8,32.1
565,0,0,0,27.4,15.4,15.4,10.299999999999999,0.3333333333333333,1.14,19.6,46.3
567,0,0,0,26.5,10.8,10.2,10.2,0.0,4.03,22.8,38.2
568,0,0,0,24.4,12.5,12.5,12.5,0.0,2.04,20.6,41.3
570,0,0,0,25.7,6.7,6.7,5.3999999999999995,0.0,4.28,20.0,26.6
574,0,0,0,22.6,,,,,2.27,19.9,42.3
575,0,0,0,23.8,1.9,1.9,1.9,0.0,6.11,21.1,27.1
576,0,0,0,22.7,6.8,6.8,5.85,0.0,,19.9,30.6
579,0,0,0,25.6,9.1,,9.1,0.0,,,11.8
580,0,0,0,22.7,,,,,3.28,22.0,32.5
585,0,0,0,31.6,11.7,,11.7,0.0,1.24,18.8,62.5
588,0,0,0,21.8,,,,,6.33,,14.8
590,0,0,0,23.6,9.8,9.8,9.8,0.0,3.02,20.8,34.0
591,0,0,0,28.2,0.5,0.5,0.5,0.0,,21.5,28.8
593,0,0,0,21.3,,,,,6.08,19.5,25.1
594,0,0,0,26.8,8.3,1.5,5.400000000000001,0.0,3.26,18.1,32.1
596,0,0,0,31.299999999999997,9.5,4.3,6.766666666666667,0.0,,21.6,21.2
601,0,0,0,32.7,0.7,0.6,0.4333333333333333,0.0,6.11,22.0,32.9
607,0,0,0,33.2,16.5,11.1,12.366666666666667,0.3333333333333333,3.18,19.5,34.2
608,0,0,0,23.7,4.9,,4.9,0.0,6.33,19.9,25.2
613,0,0,0,26.5,1.0,1.0,1.0,0.0,,,9.6
615,0,0,0,21.8,,,,,6.35,,18.7
616,0,0,0,21.2,,,,,4.22,19.4,34.4
617,0,0,0,27.3,1.6,,1.6,0.0,,22.5,15.9
620,0,0,0,31.799999999999997,14.0,14.0,13.333333333333334,0.0,2.28,20.1,44.3
625,0,0,0,24.9,10.0,10.0,10.0,0.0,,20.2,
629,0,0,0,21.3,,,,,1.12,,17.5
630,0,0,0,24.4,10.3,10.3,10.3,0.0,5.11,21.7,23.7
635,0,0,0,21.7,,,,,5.26,21.0,31.3
636,0,0,0,24.3,6.1,6.1,3.05,0.0,7.19,18.6,35.5
638,0,0,0,25.1,6.6,5.3,4.066666666666666,0.0,5.29,21.4,34.5
639,0,0,0,23.4,,,,,,,18.7
640,0,0,0,23.1,,,,,,19.4,25.9
645,0,0,0,23.5,,,,,,21.7,34.7
649,0,0,0,28.3,6.1,3.6,4.85,0.0,,21.6,40.7
650,0,0,0,27.6,6.0,4.4,4.5,0.0,6.11,22.9,25.4
651,0,0,0,23.6,5.6,5.6,5.6,0.0,,20.8,24.8
652,0,0,0,25.3,1.6,1.6,1.6,0.0,4.32,22.5,27.7
654,0,0,0,23.0,0.0,0.0,0.0,0.0,,20.2,22.2
655,0,0,0,21.4,,,,,1.21,18.7,36.7
660,0,0,0,23.7,,,,,6.22,20.0,38.4
661,0,0,0,24.2,8.9,8.9,6.25,0.0,2.28,18.4,33.3
663,0,0,0,27.0,12.4,12.4,10.733333333333333,0.0,4.06,19.2,33.3
669,0,0,0,27.5,16.2,14.8,14.800000000000002,0.3333333333333333,2.31,19.8,40.0
671,0,0,0,24.9,1.6,1.6,1.6,0.0,,20.2,47.9
673,0,0,0,25.7,3.9,3.9,3.75,0.0,7.06,23.0,28.2
676,0,0,0,26.1,2.6,0.0,0.8666666666666667,0.0,,19.4,19.3
678,0,0,0,25.8,,,,,,22.1,16.4
681,0,0,0,23.1,2.2,2.2,2.2,0.0,,19.4,20.4
691,0,0,0,21.1,,,,,1.15,19.4,25.1
692,0,0,0,26.3,0.8,0.0,0.20000000000000004,0.0,,22.6,33.7
694,0,0,0,22.4,,,,,5.05,20.7,26.1
695,0,0,0,30.200000000000003,14.7,14.7,10.233333333333333,0.0,3.27,21.4,42.4
696,0,0,0,24.0,,,,,5.23,22.3,25.8
697,0,0,0,24.5,11.9,11.9,6.033333333333334,0.0,1.09,18.8,34.1
699,0,0,0,29.8,4.5,0.7,1.7333333333333334,0.0,,25.0,17.3
711,0,0,0,24.2,2.1,,1.4,0.0,4.22,20.5,35.3
714,0,0,0,25.3,8.3,4.1,5.266666666666667,0.0,4.1,19.6,39.7
715,0,0,0,23.5,18.4,9.4,13.83333333333333,0.3333333333333333,2.3,18.8,31.9
716,0,0,0,23.7,0.0,0.0,0.0,0.0,6.14,,14.5
717,1,0,0,31.299999999999997,20.4,18.3,18.13333333333333,1.0,1.06,19.6,34.4
722,1,0,0,21.4,,,,,1.22,19.6,30.0
723,0,0,0,24.2,6.1,6.1,3.3,0.0,5.07,19.4,60.3
725,0,0,0,20.9,,,,,2.14,19.2,31.7
726,0,0,0,22.7,,,,,7.06,,19.0
727,0,0,0,23.0,,,,,5.31,21.2,23.2
730,0,0,0,25.8,3.7,3.7,1.85,0.0,,21.1,30.5
734,0,0,0,23.6,4.4,4.4,4.4,0.0,6.01,19.9,35.7
735,0,0,0,27.1,8.3,6.6,7.1000000000000005,0.0,,20.4,60.7
736,0,0,0,24.2,4.0,4.0,4.0,0.0,,20.5,35.9
737,1,0,0,28.1,17.8,16.3,17.099999999999998,1.0,3.14,18.4,49.5
738,0,0,0,26.4,6.6,,6.6,0.0,,23.7,26.9
740,0,0,0,23.4,10.4,6.6,8.5,0.0,4.03,20.6,30.8
745,0,0,0,24.8,7.2,6.4,5.933333333333334,0.0,,20.1,20.6
747,0,0,0,26.6,15.5,15.5,12.633333333333333,0.3333333333333333,3.32,19.8,41.8
748,0,0,0,28.1,10.9,9.2,9.766666666666667,0.0,5.11,19.4,29.3
755,0,0,0,27.9,4.4,,3.5,0.0,1.07,21.2,36.8
756,0,0,0,25.4,1.4,1.4,1.2999999999999998,0.0,,21.7,36.9
757,0,0,0,23.4,,,,,,21.7,28.3
760,0,0,0,23.4,,,,,,19.7,53.4
763,0,0,0,25.0,4.7,3.3,3.7000000000000006,0.0,1.23,19.2,29.0
764,0,0,0,36.8,16.2,11.1,12.933333333333332,0.3333333333333333,1.03,19.0,51.3
766,0,0,0,21.7,,,,,2.1,19.9,35.1
767,0,0,0,22.8,,,,,,21.0,26.4
770,0,0,0,22.1,0.0,0.0,0.0,0.0,,20.4,32.3
773,0,0,0,22.6,,,,,3.16,20.9,26.3
774,0,0,0,26.7,4.1,2.0,3.05,0.0,4.12,21.0,22.4
776,0,0,0,23.1,,,,,7.32,20.4,13.4
778,0,0,0,24.4,,,,,,20.7,18.7
779,0,0,0,24.3,4.5,4.5,2.9,0.0,,20.6,26.5
782,0,0,0,25.8,7.1,7.1,4.733333333333333,0.0,,,12.6
783,0,0,0,24.8,0.6,,0.6,0.0,,19.1,33.3
785,0,0,0,26.9,,,,,,,17.1
791,0,0,0,22.2,,,,,,19.4,33.1
793,0,0,0,25.6,6.9,5.6,6.25,0.0,5.37,22.9,26.7
795,0,0,0,23.0,10.5,10.5,10.5,0.0,1.25,21.3,30.6
798,0,0,0,27.1,5.7,5.7,3.4,0.0,,,6.3
799,0,0,0,30.200000000000003,14.9,14.9,13.966666666666667,0.0,5.31,19.5,26.3
803,0,0,0,22.2,7.1,7.1,7.1,0.0,2.24,,18.7
808,0,0,0,24.2,15.2,15.2,10.8,0.5,3.17,20.5,37.4
809,0,0,0,22.7,,,,,2.02,20.9,32.8
810,0,0,0,27.2,23.4,23.4,19.766666666666666,1.0,2.16,21.5,39.6
814,1,0,0,26.8,18.1,17.7,16.400000000000002,0.6666666666666666,1.07,19.0,30.2
816,0,0,0,25.8,2.4,0.6,1.5,0.0,6.31,20.1,35.1
818,0,0,0,25.7,11.1,10.8,8.066666666666666,0.0,1.07,19.9,27.0
820,0,0,0,23.6,4.2,4.2,4.2,0.0,3.29,18.9,30.1
821,0,0,0,30.799999999999997,11.6,8.3,10.4,0.0,3.19,20.0,35.9
823,0,0,0,22.5,5.6,5.6,5.6,0.0,1.32,18.7,43.9
825,0,0,0,27.0,12.1,8.4,10.266666666666666,0.0,1.2,20.3,32.4
827,0,0,0,23.2,,,,,,19.5,25.8
830,0,0,0,24.4,1.7,,1.35,0.0,7.21,20.7,22.4
831,0,0,0,24.3,0.0,0.0,0.0,0.0,,22.6,31.4
832,0,0,0,27.6,19.2,12.6,16.76666666666667,0.6666666666666666,1.12,19.8,34.5
833,0,0,0,23.2,6.1,6.1,6.1,0.0,7.33,21.5,20.3
834,0,0,0,22.9,5.1,5.1,5.1,0.0,,19.1,36.5
835,0,0,0,22.9,5.4,5.4,5.4,0.0,2.27,18.1,23.5
839,0,0,0,23.9,,,,,,19.2,32.0
841,0,0,0,25.2,4.6,4.6,1.8999999999999997,0.0,4.19,19.5,43.1
845,0,0,0,23.2,11.3,11.3,11.3,0.0,,21.4,45.3
848,0,0,0,23.0,,,,,6.21,21.2,36.8
850,0,0,0,22.2,,,,,5.21,20.4,35.7
853,0,0,0,29.8,11.2,10.3,10.366666666666665,0.0,2.32,20.0,28.2
856,0,0,0,25.7,9.1,2.2,5.3999999999999995,0.0,5.35,18.9,43.6
859,0,0,0,23.6,0.9,-0.3,0.30000000000000004,0.0,6.13,,10.6
860,0,0,0,26.8,,,,,,20.0,30.4
863,0,0,0,24.7,2.2,1.8,2.0,0.0,7.22,20.0,31.5
867,0,0,0,23.9,4.3,4.3,4.3,0.0,4.24,22.1,22.2
869,0,0,0,25.6,0.4,,0.4,0.0,,19.8,19.3
870,0,0,0,27.1,12.5,10.0,11.233333333333334,0.0,,20.3,34.8
872,0,0,0,26.1,9.0,1.2,5.1,0.0,,21.3,18.1
875,1,0,0,28.1,16.6,15.5,15.233333333333334,0.6666666666666666,2.09,18.4,31.6
882,0,0,0,24.4,7.1,7.1,4.45,0.0,6.2,,14.2
889,0,0,0,27.0,11.5,10.5,10.6,0.0,1.04,18.2,34.2
892,0,0,0,22.8,4.5,4.5,4.5,0.0,6.35,19.1,41.5
894,0,0,0,29.3,7.1,4.3,5.8,0.0,,22.5,35.6
904,0,0,0,23.7,1.0,1.0,1.0,0.0,,21.0,37.5
906,1,0,0,26.5,17.6,14.3,15.366666666666667,0.3333333333333333,5.1,18.8,36.1
907,0,0,0,27.3,14.0,14.0,12.799999999999999,0.0,2.09,20.6,33.2
910,0,0,0,26.1,2.8,2.8,2.8,0.0,,,17.9
911,0,0,0,23.2,6.9,6.9,6.9,0.0,,19.4,29.8
914,0,0,0,30.5,17.1,12.5,13.533333333333333,0.3333333333333333,3.29,18.8,41.9
915,0,0,0,25.4,6.3,6.3,5.5,0.0,5.01,18.7,37.8
920,0,0,0,25.3,6.7,0.0,3.266666666666667,0.0,3.08,20.5,38.6
921,0,0,0,35.1,10.6,5.7,8.799999999999999,0.0,1.09,20.4,28.5
922,0,0,0,21.4,,,,,2.01,18.6,29.7
925,0,0,0,23.6,,,,,7.23,20.9,17.8
926,0,0,0,24.7,13.7,13.7,13.7,0.0,3.12,,17.7
928,0,0,0,26.5,6.0,5.4,5.7,0.0,,22.8,38.1
931,0,0,0,27.6,2.0,,1.95,0.0,,,19.3
932,0,0,0,22.8,,,,,,22.1,26.3
936,0,0,0,24.7,0.0,0.0,0.0,0.0,6.11,21.0,36.0
939,0,0,0,23.9,7.7,7.1,7.4,0.0,3.27,19.2,33.0
940,0,0,0,24.3,5.8,1.5,3.65,0.0,,19.5,25.7
941,0,0,0,26.1,6.5,,5.3,0.0,5.34,20.4,31.7
942,0,0,0,24.5,,,,,,,14.2
944,0,0,0,24.5,7.5,4.1,5.8,0.0,7.38,21.8,34.7
948,0,0,0,25.6,15.8,13.9,11.799999999999999,0.3333333333333333,2.24,18.8,42.7
949,0,0,0,21.8,,,,,5.16,19.0,57.2
950,1,0,0,27.7,14.7,14.7,11.966666666666669,0.0,3.05,19.9,44.2
951,1,0,0,26.3,20.5,15.7,17.400000000000002,1.0,5.28,,19.4
953,0,0,0,22.7,,,,,7.38,20.0,15.8
954,0,0,0,24.4,,,,,,22.7,23.6
955,0,0,0,23.8,,,,,2.25,22.1,21.0
961,0,0,0,24.0,5.0,3.7,4.35,0.0,,19.2,32.4
965,1,0,0,26.1,15.2,12.2,12.9,0.3333333333333333,1.21,20.4,46.7
966,0,0,0,27.6,9.6,5.9,5.8,0.0,,19.9,39.4
967,0,0,0,25.5,9.5,9.5,7.3,0.0,,19.7,34.3
968,0,0,0,25.2,10.2,3.5,6.233333333333333,0.0,2.05,20.4,37.1
970,0,0,1,25.6,7.1,2.3,4.2,0.0,2.13,20.9,36.4
971,0,0,1,23.3,,,,,3.41,20.6,38.1
974,0,0,1,22.1,,,,,4.12,19.4,28.3
976,0,0,1,24.0,2.2,2.2,2.2,0.0,,,7.5
979,0,0,1,25.3,5.9,4.0,4.95,0.0,,19.5,35.2
980,0,0,1,27.0,1.5,0.7,1.1666666666666667,0.0,,,12.0
982,0,0,1,25.6,14.6,14.6,10.733333333333334,0.0,3.18,,17.4
986,0,0,1,23.7,,,,,,,15.3
989,0,0,1,28.8,2.1,1.2,1.6333333333333335,0.0,4.18,23.1,15.8
990,0,0,1,25.9,6.3,5.7,6.0,0.0,,,7.1
993,0,0,1,23.1,,,,,,,18.9
1000,0,0,1,23.2,,,,,4.3,22.4,23.2
1002,0,0,1,27.4,6.6,4.9,4.666666666666667,0.0,5.21,,9.0
1003,0,0,1,23.9,,,,,7.4,22.1,32.3
1004,0,0,1,28.9,8.9,6.5,7.2,0.0,,20.2,19.7
1005,0,0,1,26.7,3.1,3.1,1.55,0.0,,,10.8
1008,0,0,1,22.6,,,,,6.11,,5.5
1012,0,0,1,24.3,8.1,1.7,4.8999999999999995,0.0,4.07,,18.0
1013,0,0,1,24.6,,,,,,,5.1
1018,0,0,1,21.4,,,,,4.27,18.7,18.7
1020,0,0,1,21.2,,,,,2.11,20.5,20.8
1022,0,0,1,26.4,,,,,,,3.1
1027,0,0,1,25.4,9.6,9.6,8.05,0.0,2.17,21.7,30.7
1028,0,0,1,21.1,,,,,3.37,,19.3
1029,0,0,1,23.9,3.4,0.3,1.8499999999999999,0.0,4.37,,11.4
1030,0,0,1,25.2,6.5,6.5,5.6,0.0,,20.5,38.4
1031,0,0,1,28.0,2.9,2.9,2.9,0.0,,21.3,24.1
1033,0,0,1,25.1,,,,,,,9.5
1035,0,0,1,25.5,0.9,0.3,0.39999999999999997,0.0,,,11.8
1036,1,0,1,27.7,13.8,13.8,9.5,0.0,6.28,22.0,32.1
1040,0,0,1,23.9,9.6,5.0,6.833333333333333,0.0,1.29,20.2,24.6
1042,0,0,1,23.5,5.3,5.3,5.3,0.0,3.32,,4.2
1045,0,0,1,25.2,2.7,2.7,2.7,0.0,,22.5,22.6
1046,0,0,1,29.8,3.6,3.6,2.6666666666666665,0.0,,18.1,66.4
1047,0,0,1,22.8,,,,,3.27,,19.5
1049,0,0,1,23.0,,,,,,,9.9
1051,0,0,1,22.8,,,,,,19.1,48.9
1052,0,0,1,24.1,1.6,1.6,1.6,0.0,2.2,,10.5
1053,0,0,1,24.8,1.8,1.4,1.6,0.0,4.23,,8.8
1058,0,0,1,27.1,13.9,7.9,10.033333333333333,0.0,1.1,19.4,18.8
1059,0,0,1,26.1,2.0,2.0,1.3333333333333333,0.0,5.31,20.4,31.6
1060,0,0,1,28.1,3.3,1.1,1.933333333333333,0.0,,,9.6
1062,0,0,1,26.5,0.0,,0.0,0.0,,,4.2
1063,0,0,1,25.7,13.7,13.7,12.199999999999998,0.0,1.23,22.0,29.5
1064,0,0,1,23.1,6.2,6.2,6.2,0.0,4.35,,12.3
1068,0,0,1,26.2,1.4,,1.4,0.0,,20.5,25.3
1072,0,0,1,26.7,6.2,3.2,3.5,0.0,7.29,,4.9
1073,1,0,1,26.6,16.0,15.9,13.0,0.6666666666666666,5.02,21.9,23.2
1075,0,0,1,25.9,7.5,7.5,5.7,0.0,2.12,21.2,31.7
1077,0,0,1,35.2,8.9,8.8,7.900000000000001,0.0,1.31,20.5,16.7
1078,0,0,1,24.0,,,,,4.01,21.3,43.5
1080,0,0,1,23.8,4.9,4.9,4.9,0.0,,,11.5
1081,0,0,1,22.1,,,,,4.09,19.4,26.2
1082,0,0,1,26.8,4.8,4.8,4.35,0.0,1.25,,15.6
1085,0,0,1,20.8,,,,,,20.0,20.9
1086,0,0,1,25.5,12.3,12.3,11.45,0.0,2.04,18.7,20.1
1090,0,0,1,24.0,8.1,3.6,5.85,0.0,4.01,,19.1
1092,0,0,1,21.8,5.6,5.6,5.6,0.0,2.18,,14.0
1093,0,0,1,23.0,1.6,1.6,1.6,0.0,7.1,,13.9
1094,0,0,1,23.4,3.7,3.7,3.7,0.0,2.25,19.7,42.7
1095,0,0,1,26.7,2.7,2.7,2.7,0.0,,,16.6
1097,0,0,1,23.9,0.0,0.0,0.0,0.0,3.11,22.2,32.7
1098,0,0,1,30.1,11.3,7.0,9.466666666666667,0.0,,20.3,23.9
1101,0,0,1,26.5,9.4,9.4,5.0,0.0,,22.8,23.4
1103,0,0,1,24.6,5.0,5.0,5.0,0.0,,,18.1
1104,0,0,1,24.9,5.5,,5.5,0.0,5.01,19.2,22.1
1108,0,0,1,28.4,8.3,8.3,4.6000000000000005,0.0,5.37,22.6,22.2
1109,0,0,1,33.1,12.1,12.0,10.799999999999999,0.0,3.25,21.4,17.4
1111,0,0,1,26.2,3.7,,3.7,0.0,,,9.7
1112,0,0,1,38.1,9.3,8.6,8.95,0.0,3.05,20.3,27.0
1117,0,0,1,25.8,3.5,3.5,2.9333333333333336,0.0,5.1,,14.2
1121,0,0,1,26.0,7.0,2.3,4.966666666666666,0.0,5.24,19.3,18.1
1123,0,0,1,33.5,10.6,6.3,8.366666666666665,0.0,3.31,22.8,15.9
1128,0,0,1,25.5,1.5,1.3,1.4,0.0,,,13.5
1129,0,0,1,24.8,7.0,7.0,5.266666666666667,0.0,3.36,18.0,33.0
1130,0,0,1,28.1,5.6,5.6,4.199999999999999,0.0,3.34,23.4,28.2
1134,0,0,1,27.9,5.7,3.7,5.0,0.0,2.1,18.1,48.3
1135,0,0,1,29.9,10.0,,9.6,0.0,3.23,21.2,26.2
1136,0,0,1,23.8,4.7,1.8,3.25,0.0,6.37,,14.9
1138,0,0,1,30.0,4.7,4.7,3.5333333333333337,0.0,,20.3,18.1
1140,0,0,1,23.3,,,,,3.3,22.6,30.5
1143,0,0,1,23.7,,,,,,23.0,17.6
1144,0,0,1,23.1,10.8,10.8,10.8,0.0,6.03,,16.7
1145,0,0,1,23.2,,,,,3.22,,19.6
1149,0,0,1,25.1,,,,,,,14.2
1152,0,0,1,30.5,9.9,7.4,8.933333333333332,0.0,2.11,,11.5
1157,0,0,1,32.5,4.4,1.9,2.766666666666667,0.0,5.28,,13.7
1158,0,0,1,28.8,4.8,1.0,3.266666666666667,0.0,4.36,20.1,21.7
1161,0,0,1,31.9,3.6,1.2,2.466666666666667,0.0,4.07,21.1,14.2
1162,0,0,1,30.4,3.9,2.3,2.7999999999999994,0.0,5.25,20.6,15.0
1163,0,0,1,36.0,5.4,3.1,3.3000000000000003,0.0,1.28,21.3,26.1
1165,0,0,1,25.5,,,,,,,10.5
1166,0,0,1,24.7,13.8,13.8,10.25,0.0,3.22,,18.0
1168,0,0,1,26.6,0.0,,0.0,0.0,7.33,22.8,31.7
1173,0,0,1,24.5,,,,,,,6.2
1175,0,0,1,26.1,3.7,3.2,3.233333333333333,0.0,2.23,19.4,48.8
1179,0,0,1,24.6,9.1,9.1,6.0,0.0,2.1,21.9,21.5
1182,0,0,1,28.2,3.6,3.0,3.3,0.0,5.07,19.5,37.6
1184,0,0,1,24.2,,,,,,,6.3
1188,0,0,1,27.3,5.0,5.0,3.966666666666667,0.0,5.35,20.6,21.2
1189,0,0,1,25.1,,,,,,22.4,26.2
1191,0,0,1,26.2,4.9,2.4,3.6999999999999997,0.0,3.32,,6.4
1193,0,0,1,22.5,6.9,6.9,6.9,0.0,1.2,19.8,27.0
1195,0,0,1,22.9,,,,,,20.2,18.5
1196,0,0,1,25.5,12.1,6.0,8.633333333333333,0.0,1.19,,15.2
1200,0,0,1,26.1,0.8,0.8,0.8,0.0,,22.3,18.9
1203,0,0,1,22.8,,,,,,,3.5
1205,0,0,1,28.3,3.4,,2.0,0.0,3.34,,10.5
1206,0,0,1,25.0,6.5,6.5,5.933333333333334,0.0,,,12.4
1207,0,0,1,31.0,17.3,,13.7,0.5,2.1,18.3,19.1
1209,0,0,1,26.1,3.5,2.9,3.2,0.0,,21.4,38.0
1210,0,0,1,25.3,6.0,6.0,3.85,0.0,,21.6,29.6
1211,0,0,1,30.4,7.4,7.4,5.8,0.0,6.33,21.7,38.8
1212,0,0,1,24.4,3.9,3.9,3.9,0.0,7.32,,15.2
1216,0,0,1,27.0,1.7,1.1,1.4,0.0,,,7.5
1218,0,0,1,22.4,,,,,,19.7,19.7
1219,0,0,1,27.3,4.8,3.7,4.066666666666666,0.0,4.4,,18.3
1220,0,0,1,27.3,4.7,,4.7,0.0,,,12.4
1221,0,0,1,23.5,2.7,2.7,2.7,0.0,,20.7,28.1
1222,0,0,1,23.5,,,,,7.37,,9.2
1223,0,0,1,22.9,6.7,6.7,6.7,0.0,1.08,21.2,24.0
1224,0,0,1,25.5,1.1,1.1,1.1,0.0,,20.8,22.6
1225,0,0,1,29.7,6.4,6.4,4.550000000000001,0.0,,23.0,
1226,0,0,1,26.8,,,,,6.02,,14.4
1228,0,0,1,23.4,,,,,7.26,,3.2
1233,1,0,1,30.6,18.4,15.9,16.633333333333333,1.0,3.01,22.9,27.6
1235,0,0,1,24.7,2.3,2.3,2.3,0.0,4.19,,5.7
1236,0,0,1,28.6,9.1,2.8,6.133333333333333,0.0,,21.9,15.4
1237,0,0,1,24.9,2.6,2.6,2.6,0.0,5.19,21.2,19.9
1239,0,0,1,24.8,3.2,2.0,2.6,0.0,5.2,21.1,24.1
1240,0,0,1,23.1,,,,,6.27,21.4,14.7
1241,0,0,1,29.7,9.7,6.5,6.833333333333333,0.0,1.21,21.0,26.9
1242,0,0,1,27.4,11.5,11.5,6.833333333333333,0.0,4.12,22.7,15.6
1243,0,0,1,27.6,8.3,2.1,3.966666666666667,0.0,3.21,20.9,11.5
1244,0,0,1,30.0,8.9,6.0,6.3999999999999995,0.0,2.23,20.2,26.6
1247,0,0,1,31.799999999999997,3.6,1.9,2.9333333333333336,0.0,7.01,21.1,19.5
1248,0,0,1,23.9,12.3,12.3,10.600000000000001,0.0,4.2,,10.3
1251,0,0,1,29.5,17.5,14.2,15.4,0.3333333333333333,2.03,21.8,31.8
1252,0,0,1,23.7,1.4,1.4,1.4,0.0,5.03,,15.6
0,0,1,0,23.1,3.6636,3.6636,3.6636,0.0,2.3,19.3,34.8
1,1,1,0,26.5,19.7,18.4929,17.497633333333333,0.6666666666666666,5.39,18.8,47.0
3,0,1,0,36.2,11.8,7.7812,9.793733333333334,0.0,1.07,19.5,42.7
8,0,1,0,26.8,10.9,7.0333,8.96665,0.0,5.34,19.0,29.9
9,0,1,0,22.9,6.6846,6.6846,5.9923,0.0,3.38,19.2,28.7
14,1,1,0,25.9,25.1867,25.1867,22.062233333333335,1.0,3.03,20.1,23.3
15,0,1,0,28.0,2.8,1.875,1.6916666666666664,0.0,2.22,19.2,34.6
20,0,1,0,22.8,2.0636,2.0636,2.0636,0.0,4.18,20.1,22.4
24,0,1,0,22.9,14.4429,14.4429,14.4429,0.0,3.02,21.2,17.4
26,0,1,0,25.0,1.88,1.88,1.88,0.0,,20.3,17.4
27,1,1,0,26.0,19.3,16.53,15.81,0.6666666666666666,,18.3,45.7
29,0,1,0,24.8,1.0,1.0,1.0,0.0,,21.1,23.6
32,0,1,0,23.3,5.3,4.6813,4.9906500000000005,0.0,4.2,18.5,38.6
38,0,1,0,26.1,10.8,5.975,5.591666666666666,0.0,6.27,22.4,23.3
41,0,1,0,31.299999999999997,5.9,,4.65,0.0,,20.6,29.0
44,0,1,0,25.6,6.7,5.9625,5.254166666666667,0.0,5.12,18.8,34.2
47,0,1,0,25.2,0.55,0.55,0.42500000000000004,0.0,,20.4,17.8
53,0,1,0,21.9,7.8308,7.8308,7.8308,0.0,2.2,18.2,39.8
55,0,1,0,30.7,9.6,8.49,8.363333333333335,0.0,2.25,21.0,29.8
59,0,1,0,25.1,10.5,10.5,7.566666666666667,0.0,4.34,18.4,34.1
60,0,1,0,26.7,15.65,15.65,15.183333333333332,0.6666666666666666,7.31,22.0,14.6
61,0,1,0,23.7,,,,,6.18,19.9,12.6
67,1,1,0,25.0,30.1333,30.1333,27.84443333333333,1.0,1.08,19.2,50.7
69,0,1,0,22.0,,,,,4.21,20.2,32.6
71,0,1,0,22.1,13.5385,13.5385,13.5385,0.0,1.32,19.4,17.9
72,0,1,0,30.2,6.0,4.3375,4.1125,0.0,1.29,21.5,17.1
73,0,1,0,26.6,7.2,1.4,2.1999999999999997,0.0,,18.8,33.1
75,0,1,0,25.0,0.85,0.85,0.85,0.0,,20.2,29.7
77,1,1,0,22.4,14.6,14.6,14.6,0.0,2.03,19.6,21.1
78,0,1,0,25.3,1.9,1.3125,1.60625,0.0,,20.5,16.2
79,0,1,0,25.1,10.7,2.8333,6.766649999999999,0.0,3.25,19.4,36.5
81,1,1,0,25.8,24.1286,24.1286,19.609533333333335,0.6666666666666666,2.09,19.1,38.8
83,0,1,0,23.4,,,,,,18.7,18.0
84,0,1,0,24.3,9.13,9.13,5.165,0.0,3.23,20.6,14.7
85,0,1,0,29.2,12.8,,11.350000000000001,0.0,,20.4,20.0
91,0,1,0,27.1,4.7,2.1357,2.278566666666667,0.0,,21.3,17.2
92,0,1,0,24.0,0.0,0.0,0.0,0.0,,21.3,15.7
94,0,1,0,26.1,7.5,4.1923,5.697433333333334,0.0,,22.4,21.5
95,0,1,0,23.8,8.6867,8.6867,5.59335,0.0,3.06,20.0,33.9
99,0,1,0,22.9,3.22,3.22,3.22,0.0,3.29,20.2,31.5
104,0,1,0,29.5,15.3,14.9583,14.019433333333334,0.3333333333333333,3.22,19.7,43.2
105,1,1,0,24.0,17.6533,17.6533,14.17665,0.5,3.09,20.2,30.5
113,0,1,0,22.7,4.7417,4.7417,4.7417,0.0,4.38,21.0,26.5
114,0,1,0,22.3,,,,,,19.5,19.9
117,0,1,0,25.0,,,,,,22.3,15.1
118,1,1,0,27.4,20.8188,20.8188,17.672933333333333,0.6666666666666666,2.14,20.7,43.5
122,0,1,0,23.7,12.3,8.975,10.6375,0.0,3.1,19.0,36.1
123,0,1,0,24.7,8.0,1.6625,4.83125,0.0,,21.9,25.5
124,0,1,0,29.2,14.1,7.2,9.433333333333334,0.0,4.03,19.5,17.8
125,0,1,0,29.0,5.5,5.3563,4.0854333333333335,0.0,4.38,22.3,40.1
131,0,1,0,26.3,2.9,0.8571,1.8523666666666667,0.0,,19.5,29.1
135,0,1,0,27.7,9.6,7.6727,8.424233333333333,0.0,3.13,19.0,33.0
136,0,1,0,27.1,3.8,0.1364,1.8121333333333334,0.0,7.15,20.4,20.1
141,0,1,0,23.1,,,,,6.1,19.3,24.5
142,0,1,0,27.8,1.7,0.3929,0.9643,0.0,,21.1,31.1
143,0,1,0,22.1,,,,,7.08,19.4,36.2
144,0,1,0,25.9,21.8,14.9133,18.737766666666666,0.6666666666666666,1.04,19.1,37.8
150,0,1,0,23.3,,,,,6.12,22.5,17.0
154,0,1,0,29.5,9.8812,9.8812,7.3937333333333335,0.0,2.05,19.8,35.6
159,0,1,0,25.7,7.5,4.0929,5.5976333333333335,0.0,4.26,20.0,33.9
160,0,1,0,27.8,11.9625,11.9625,5.954166666666667,0.0,,,10.2
161,0,1,0,23.4,2.0667,2.0667,2.0667,0.0,,18.7,19.1
163,0,1,0,24.7,3.8875,3.8875,3.8875,0.0,,,12.8
164,0,1,0,23.4,,,,,,19.7,32.8
166,0,1,0,24.4,,,,,,20.7,15.6
168,0,1,0,23.4,,,,,7.05,22.7,28.6
171,0,1,0,27.6,9.8,3.9308,6.310266666666667,0.0,,18.9,22.6
174,0,1,0,26.2,10.5,9.0786,8.859533333333333,0.0,4.28,17.4,36.4
175,1,1,0,26.1,21.2,12.6615,16.153833333333335,0.3333333333333333,3.41,18.3,34.4
176,0,1,0,22.8,17.8857,17.8857,17.8857,1.0,,19.1,48.7
178,0,1,0,29.3,17.3,8.3286,12.809533333333334,0.3333333333333333,4.3,18.6,27.1
180,0,1,0,21.4,,,,,,18.7,43.4
181,0,1,0,23.1,0.58,0.58,0.58,0.0,5.27,20.4,32.5
183,0,1,0,21.1,,,,,2.03,20.4,30.4
187,0,1,0,24.9,9.9,1.1714,6.390466666666666,0.0,5.28,19.1,23.9
188,0,1,0,25.5,12.9364,12.9364,8.745466666666667,0.0,,19.8,34.6
192,0,1,0,25.4,2.7437,2.7437,1.57185,0.0,5.18,19.7,41.4
194,0,1,0,21.1,,,,,7.29,18.4,32.7
197,1,1,0,24.9,17.4,16.6,16.033333333333335,0.6666666666666666,2.16,19.1,24.7
200,0,1,0,24.7,3.0,,1.95,0.0,6.02,20.9,36.5
208,1,1,0,22.4,16.8533,16.8533,16.8533,1.0,2.09,18.6,41.8
209,0,1,0,23.7,0.5786,0.5786,0.5786,0.0,,19.9,30.8
210,0,1,0,27.3,8.1,0.92,3.14,0.0,5.18,19.6,25.4
211,0,1,0,26.6,12.4,4.3857,9.328566666666667,0.0,5.11,18.8,29.3
212,0,1,0,25.3,0.9,,0.9,0.0,5.16,20.6,17.1
214,0,1,0,26.9,4.6,4.0867,4.295566666666667,0.0,5.32,23.1,24.8
216,0,1,0,24.6,6.7,4.575,3.9583333333333335,0.0,,19.9,21.3
219,1,1,0,23.3,15.42,15.42,15.059999999999999,0.5,1.24,,13.9
220,0,1,0,23.4,,,,,,21.7,22.6
221,0,1,0,23.4,,,,,,21.1,33.7
223,0,1,0,23.5,5.8,5.8,5.8,0.0,4.06,20.8,33.2
227,0,1,0,25.1,7.6,7.2556,6.451866666666667,0.0,7.33,18.4,30.7
230,0,1,0,25.4,8.5364,8.5364,5.4788,0.0,4.31,20.7,20.6
232,0,1,0,25.8,20.9,13.6562,15.752066666666664,0.3333333333333333,3.22,18.1,28.7
234,0,1,0,24.1,2.33,2.33,2.33,0.0,3.12,18.3,40.4
238,0,1,0,23.3,,,,,4.14,,7.4
239,0,1,0,32.1,0.9,0.0,0.5333333333333333,0.0,6.14,22.4,28.3
242,0,1,0,22.2,,,,,5.06,20.5,27.5
243,0,1,0,27.3,15.2,12.8133,13.504433333333333,0.3333333333333333,3.1,19.6,13.2
245,0,1,0,23.9,13.9,4.4875,9.6625,0.0,2.11,19.2,35.8
247,0,1,0,23.1,,,,,6.32,19.4,25.3
248,0,1,0,24.9,2.4,0.5267,1.46335,0.0,,20.2,16.2
253,0,1,0,22.8,,,,,7.28,20.1,24.2
256,0,1,0,23.3,5.25,5.25,5.25,0.0,4.14,19.6,22.2
258,0,1,0,23.3,,,,,6.14,20.6,36.7
259,0,1,0,31.4,9.8,9.08,8.993333333333332,0.0,6.13,20.6,34.7
260,0,1,0,29.3,14.2,6.7818,10.4909,0.0,2.16,18.5,45.1
264,1,1,0,26.4,17.3,10.1538,14.184599999999998,0.6666666666666666,1.04,19.6,38.8
268,0,1,0,28.4,6.8188,6.8188,5.006266666666666,0.0,,18.7,20.6
273,0,1,0,31.4,15.9,4.8091,10.8697,0.3333333333333333,1.28,18.7,32.8
275,0,1,0,25.2,14.5,8.6,11.966666666666667,0.0,4.37,18.5,29.8
279,0,1,0,26.3,11.6,3.5,7.8999999999999995,0.0,,19.5,21.8
284,0,1,0,23.6,,,,,,20.9,20.4
285,0,1,0,28.1,22.6,13.2267,16.97556666666667,0.6666666666666666,1.15,20.4,47.1
286,0,1,0,22.1,,,,,4.02,18.3,21.9
289,0,1,0,25.8,10.0,0.9312,4.0104,0.0,,19.1,19.8
291,0,1,0,28.3,13.7667,13.7667,8.422233333333333,0.0,4.27,20.5,23.6
292,0,1,0,28.3,13.7667,13.7667,8.422233333333333,0.0,,18.3,39.0
296,0,1,0,24.1,14.2,14.2,13.85,0.0,2.21,21.4,21.1
298,0,1,0,24.3,16.42,16.42,10.46,0.5,7.2,18.6,33.5
299,1,1,0,23.2,,,,,1.24,21.5,30.9
300,0,1,0,-1.0,,,,,,,25.6
301,0,1,0,24.8,0.0,0.0,0.0,0.0,,,5.7
303,1,1,0,25.4,17.3083,17.3083,15.136099999999999,0.6666666666666666,2.03,18.7,31.7
304,0,1,0,24.5,12.075,12.075,9.591666666666667,0.0,4.04,20.8,22.6
307,0,1,0,25.8,8.3,1.375,4.8375,0.0,,22.1,30.1
308,0,1,0,23.1,,,,,,19.4,18.4
310,0,1,0,26.9,9.4,3.4375,6.679166666666667,0.0,,21.2,30.9
312,0,1,0,26.9,14.9,6.0,11.1,0.0,,21.1,38.4
314,0,1,0,24.7,5.1,0.1,2.5999999999999996,0.0,5.14,19.0,26.3
315,0,1,0,29.1,12.4625,12.4625,9.987499999999999,0.0,,,12.3
316,0,1,0,25.3,8.4,1.1333,4.977766666666667,0.0,1.27,20.6,50.1
319,0,1,0,25.4,8.35,8.35,5.824999999999999,0.0,,,11.0
321,0,1,0,30.9,10.76,10.76,8.253333333333332,0.0,6.22,19.2,28.0
322,0,1,0,23.3,,,,,4.15,22.5,17.3
329,0,1,0,25.3,5.2143,5.2143,5.2143,0.0,,20.5,25.6
330,0,1,0,25.3,5.2143,5.2143,5.2143,0.0,,,14.9
333,0,1,0,23.8,13.3071,13.3071,9.0357,0.0,2.06,18.1,33.4
337,0,1,0,25.3,8.9,2.3188,6.139600000000001,0.0,3.07,18.5,30.4
340,0,1,0,25.4,1.2937,1.2937,0.8468500000000001,0.0,,20.7,37.4
341,0,1,0,24.6,3.7,,3.7,0.0,5.02,19.9,31.6
342,0,1,0,22.4,11.5,11.5,11.5,0.0,,20.7,24.2
343,0,1,0,25.7,4.1063,4.1063,2.4687666666666668,0.0,4.07,19.0,27.8
344,0,1,0,24.3,24.0,7.7,16.833333333333332,0.6666666666666666,1.02,18.6,32.2
345,0,1,0,23.7,0.325,0.325,0.325,0.0,,20.9,21.8
353,0,1,0,26.3,10.7,8.3667,9.555566666666666,0.0,1.31,20.6,27.5
354,0,1,0,22.5,,,,,,18.8,30.2
362,0,1,0,32.9,3.0,0.0,1.0,0.0,4.28,21.1,41.2
366,0,1,0,23.4,,,,,,21.7,20.2
367,0,1,0,30.2,5.6,1.25,3.4166666666666665,0.0,1.08,19.5,26.3
372,0,1,0,28.2,12.1,1.5875,7.795833333333332,0.0,3.09,20.4,43.2
381,0,1,0,22.5,1.3,1.3,1.3,0.0,,20.8,15.9
382,0,1,0,24.1,7.55,7.55,6.875,0.0,4.26,,13.2
385,0,1,0,22.8,5.6,3.6444,4.622199999999999,0.0,6.31,19.1,19.2
386,0,1,0,23.6,2.17,2.17,2.17,0.0,6.09,18.9,34.5
390,0,1,0,26.9,4.1,0.5643,1.5547666666666666,0.0,6.3,21.1,36.2
391,0,1,0,26.4,3.3,0.0,1.65,0.0,,18.7,18.7
392,0,1,0,24.6,,,,,,20.8,22.6
393,0,1,0,22.3,,,,,3.24,21.6,16.5
397,0,1,0,23.7,4.8692,4.8692,4.4346,0.0,6.13,19.0,17.0
398,0,1,0,28.4,5.9,2.6333,3.6111,0.0,3.3,20.6,18.0
399,0,1,0,24.7,,,,,,23.0,16.8
402,0,1,0,26.7,9.1067,9.1067,5.9689000000000005,0.0,4.34,20.9,21.4
403,0,1,0,27.3,9.0,0.0,3.6999999999999997,0.0,5.14,21.6,22.3
409,0,1,0,23.5,7.8154,7.8154,7.8154,0.0,3.22,19.7,35.7
411,0,0,0,23.9,17.6786,17.6786,15.639299999999999,0.5,2.19,20.2,32.6
412,0,0,0,32.8,16.6,6.9562,11.7781,0.5,1.04,20.1,42.2
416,0,0,0,23.7,,,,,,20.9,25.6
417,0,0,0,23.0,,,,,,18.3,37.6
419,0,0,0,27.9,11.8,8.2571,9.085700000000001,0.0,,,9.4
420,1,0,0,30.8,19.1,16.9333,15.811100000000001,0.6666666666666666,,20.0,45.9
421,0,0,0,28.9,13.8,,10.350000000000001,0.0,,20.2,59.9
423,0,0,0,25.0,0.0,0.0,0.0,0.0,,22.3,20.7
424,0,0,0,28.6,6.0,1.4125,3.2375000000000003,0.0,,21.8,27.9
427,0,0,0,25.5,9.78,9.78,6.926666666666667,0.0,,19.7,33.1
428,0,0,0,27.8,16.4312,16.4312,14.710400000000002,0.6666666666666666,2.29,19.0,37.9
431,0,0,0,27.0,15.4,14.8,14.866666666666667,0.3333333333333333,1.04,18.2,47.2
432,0,0,0,21.7,,,,,3.21,21.0,23.5
433,0,0,0,21.6,,,,,4.07,18.9,33.1
438,0,0,0,33.4,1.5,0.2067,0.7022333333333334,0.0,3.24,18.7,46.1
440,0,0,0,24.5,4.2154,4.2154,3.7077,0.0,2.3,19.8,52.2
443,0,0,0,26.6,8.0,6.7938,7.597933333333334,0.0,2.19,21.9,39.9
444,0,0,0,20.7,,,,,3.27,20.0,28.2
445,0,0,0,23.6,,,,,,20.9,32.7
446,1,0,0,32.9,21.6,14.6375,17.445833333333336,0.6666666666666666,6.26,19.2,32.8
448,0,0,0,23.1,0.5833,0.5833,0.5833,0.0,4.36,19.4,40.5
451,0,0,0,24.0,0.9,0.7231,0.81155,0.0,,18.3,60.9
452,0,0,0,24.3,8.5,3.2222,4.4074,0.0,7.35,19.6,37.4
457,0,0,0,23.9,,,,,7.21,20.2,28.9
462,0,0,0,27.7,16.2,15.4667,13.355566666666666,0.6666666666666666,1.2,18.9,38.9
463,0,0,0,23.2,15.375,15.375,15.375,1.0,1.25,21.5,40.6
469,0,0,0,25.7,4.0,1.9733,2.98665,0.0,,22.0,25.3
471,0,0,0,28.2,3.7,0.4125,1.6041666666666667,0.0,,20.5,38.6
472,0,0,0,25.7,6.0812,6.0812,3.5406,0.0,6.36,21.9,28.1
476,0,0,0,27.7,9.9,8.2583,8.119433333333333,0.0,1.26,20.0,36.6
483,0,0,0,22.5,3.025,3.025,3.025,0.0,3.17,17.8,48.4
486,0,0,0,27.5,3.9,3.1538,3.5269,0.0,,22.8,37.7
487,0,0,0,27.5,2.5,1.5286,2.0143,0.0,,21.7,23.4
489,0,0,0,26.4,18.7667,18.7667,15.555566666666666,0.3333333333333333,1.26,20.7,30.1
491,0,0,0,25.4,5.3875,5.3875,3.4937500000000004,0.0,,,5.6
492,0,0,0,25.4,2.5,2.5,2.25,0.0,,,13.5
495,0,0,0,22.1,13.6062,13.6062,13.6062,0.0,1.17,19.4,38.1
501,0,0,0,22.9,13.4313,13.4313,13.4313,0.0,2.17,21.2,33.4
502,0,0,0,27.4,7.1,,5.85,0.0,,19.6,24.1
503,0,0,0,28.6,9.7,6.4733,7.2911,0.0,3.12,20.9,29.3
505,1,0,0,25.3,19.6,15.9167,15.6389,0.6666666666666666,3.2,19.5,34.9
507,0,0,0,32.6,7.1,5.16,4.786666666666666,0.0,,,15.6
510,0,0,0,28.0,3.1,0.0,1.3666666666666665,0.0,4.09,20.2,23.7
512,0,0,0,25.0,2.9,1.6938,2.2969,0.0,,,16.5
513,0,0,0,24.5,12.8,10.4571,11.185700000000002,0.0,2.15,18.8,36.8
516,0,0,0,27.5,3.3,1.1,2.2,0.0,,,3.7
518,0,0,0,25.4,,,,,,19.7,26.6
519,0,0,0,32.1,13.8333,13.8333,11.777766666666666,0.0,,21.4,22.4
520,0,0,0,23.7,4.2286,4.2286,4.2286,0.0,5.2,21.0,25.3
521,1,0,0,28.0,16.9,13.9133,15.904433333333332,0.6666666666666666,3.05,20.2,40.4
524,0,0,0,26.4,13.6714,13.6714,10.957133333333333,0.0,1.05,18.7,51.6
526,0,0,0,25.6,13.9,9.6,10.666666666666666,0.0,2.08,19.9,36.9
528,0,0,0,24.8,14.14,14.14,11.780000000000001,0.0,2.08,20.1,29.0
529,0,0,0,24.2,,,,,2.24,20.5,44.6
530,0,0,0,24.7,14.9,11.8154,9.8718,0.0,2.29,20.0,25.3
531,0,0,0,26.1,,,,,,22.4,42.7
532,0,0,0,24.1,15.4,14.1,13.100000000000001,0.3333333333333333,1.24,18.4,53.3
533,0,0,0,23.5,16.9563,16.9563,14.27815,0.5,2.32,19.7,26.4
537,0,0,0,28.3,7.1812,7.1812,4.6604,0.0,,20.6,12.5
542,0,0,0,35.6,9.4,7.6,8.5,0.0,,,16.1
543,0,0,0,25.6,8.6,2.2286,4.8762,0.0,2.12,20.9,31.6
546,0,0,0,24.4,12.1,8.8125,10.45625,0.0,5.33,20.7,25.4
547,0,0,0,23.6,9.5062,9.5062,9.5062,0.0,5.28,18.9,36.5
551,0,0,0,25.4,0.86,0.86,0.86,0.0,5.22,19.7,36.8
552,1,0,0,28.4,25.6,25.6,21.666666666666668,1.0,2.21,19.7,40.7
553,0,0,0,26.4,7.8,7.425,6.608333333333333,0.0,7.08,19.6,39.1
555,0,0,0,25.0,,,,,,20.3,33.9
556,0,0,0,24.6,,,,,,20.9,36.8
557,0,0,0,21.9,,,,,7.3,21.2,26.7
558,0,0,0,22.0,,,,,6.36,20.3,23.9
559,0,0,0,28.1,3.3,-0.0154,1.6282000000000003,0.0,,20.4,43.2
560,0,0,0,29.0,20.8,17.9875,18.8625,1.0,1.27,18.2,39.3
563,0,0,0,22.9,3.2143,3.2143,3.2143,0.0,,,13.3
564,0,0,0,34.5,18.4,8.96,13.32,0.3333333333333333,2.18,18.8,32.1
565,0,0,0,28.4,15.4,11.8786,10.9262,0.3333333333333333,1.14,19.6,46.3
567,0,0,0,27.5,10.8,-0.3,6.8999999999999995,0.0,4.03,22.8,38.2
568,1,0,0,25.4,12.5,11.5286,12.0143,0.0,2.04,20.6,41.3
570,0,0,0,26.7,6.725,6.725,6.241666666666667,0.0,4.28,20.0,26.6
572,0,0,0,22.9,,,,,6.26,,17.2
574,0,0,0,23.6,6.7444,6.7444,6.7444,0.0,2.27,19.9,42.3
580,0,0,0,23.7,3.3188,3.3188,3.3188,0.0,3.28,22.0,32.5
584,0,0,0,22.5,,,,,1.1,20.8,51.3
586,0,0,0,23.5,,,,,4.04,19.7,24.9
588,0,0,0,22.8,0.0,0.0,0.0,0.0,6.33,,14.8
589,0,0,0,23.3,,,,,,21.6,22.0
590,1,0,0,24.6,14.7867,14.7867,12.29335,0.0,3.02,20.8,34.0
591,0,0,0,29.2,1.2273,1.2273,0.86365,0.0,,21.5,28.8
593,0,0,0,22.3,4.8667,4.8667,4.8667,0.0,6.08,19.5,25.1
602,0,0,0,21.6,,,,,3.18,19.8,31.2
606,0,0,0,21.1,,,,,2.02,19.4,41.9
607,0,0,0,34.2,16.5,11.7714,13.123800000000001,0.3333333333333333,3.18,19.5,34.2
608,0,0,0,24.7,4.9,2.8222,3.8611000000000004,0.0,6.33,19.9,25.2
611,0,0,0,23.7,,,,,6.03,22.0,22.0
615,0,0,0,22.8,2.5562,2.5562,2.5562,0.0,6.35,,18.7
616,0,0,0,22.2,8.5563,8.5563,8.5563,0.0,4.22,19.4,34.4
619,0,0,0,27.4,12.5,,8.7,0.0,,20.6,24.5
621,0,0,0,23.0,-1.0,,-1.0,0.0,,19.3,39.4
625,0,0,0,25.9,10.0,8.3187,9.15935,0.0,,20.2,
629,0,0,0,22.3,6.4692,6.4692,6.4692,0.0,1.12,,17.5
630,1,0,0,25.4,10.3,8.225,9.2625,0.0,5.11,21.7,23.7
632,0,0,0,21.8,,,,,5.13,20.0,32.8
635,0,0,0,22.7,0.0,0.0,0.0,0.0,5.26,21.0,31.3
636,0,0,0,25.3,6.1,5.56,3.8866666666666667,0.0,7.19,18.6,35.5
637,0,0,0,22.6,,,,,6.28,19.9,40.8
638,0,0,0,26.1,6.6,6.2237,6.0412333333333335,0.0,5.29,21.4,34.5
645,0,0,0,24.5,3.6667,3.6667,3.6667,0.0,,21.7,34.7
646,1,0,0,21.2,,,,,1.05,19.5,33.4
648,0,0,0,22.4,,,,,4.24,20.6,45.0
649,0,0,0,29.3,6.1,1.5333,3.7444333333333333,0.0,,21.6,40.7
650,0,0,0,28.6,6.2357,6.2357,5.545233333333333,0.0,6.11,22.9,25.4
651,0,0,0,24.6,10.18,10.18,7.89,0.0,,20.8,24.8
653,0,0,0,22.9,,,,,6.24,22.2,21.7
654,0,0,0,24.0,6.0687,6.0687,3.03435,0.0,,20.2,22.2
655,0,0,0,22.4,7.9273,7.9273,7.9273,0.0,1.21,18.7,36.7
660,0,0,0,24.7,0.1714,0.1714,0.1714,0.0,6.22,20.0,38.4
661,0,0,0,25.2,8.9,6.2,6.233333333333333,0.0,2.28,18.4,33.3
663,0,0,0,28.0,14.335,14.335,11.978333333333333,0.0,4.06,19.2,33.3
669,0,0,0,28.5,14.8,12.5307,13.5769,0.0,2.31,19.8,40.0
671,0,0,0,25.9,1.6,0.0,0.8,0.0,,20.2,47.9
672,0,0,0,23.9,,,,,7.03,19.2,37.9
676,0,0,0,27.1,1.28,1.28,0.4266666666666667,0.0,,19.4,19.3
677,1,0,0,22.5,,,,,1.06,21.8,19.7
681,0,0,0,24.1,2.8083,2.8083,2.50415,0.0,,19.4,20.4
691,0,0,0,22.1,9.85,9.85,9.85,0.0,1.15,19.4,25.1
692,0,0,0,27.3,0.1,0.1,-0.03333333333333333,0.0,,22.6,33.7
695,0,0,0,31.200000000000003,14.7,10.7556,11.485199999999999,0.0,3.27,21.4,42.4
696,0,0,0,25.0,2.2154,2.2154,2.2154,0.0,5.23,22.3,25.8
697,0,0,0,25.5,11.9,1.2333,6.544433333333333,0.0,1.09,18.8,34.1
705,0,0,0,25.9,,,,,,22.2,23.7
709,0,0,0,30.1,11.6,,9.2,0.0,2.5,19.4,25.0
713,0,0,0,21.7,,,,,3.13,21.0,25.9
714,0,0,0,26.3,8.3,7.7687,6.7229,0.0,4.1,19.6,39.7
715,0,0,0,24.5,18.4,14.6312,14.143733333333332,0.3333333333333333,2.3,18.8,31.9
716,0,0,0,24.7,0.0,0.0,0.0,0.0,6.14,,14.5
717,0,0,0,32.3,20.4,16.2333,18.3111,1.0,1.06,19.6,34.4
722,1,0,0,22.4,17.1375,17.1375,17.1375,1.0,1.22,19.6,30.0
723,0,0,0,25.2,6.1,1.4909,2.6969666666666665,0.0,5.07,19.4,60.3
725,0,0,0,21.9,6.9308,6.9308,6.9308,0.0,2.14,19.2,31.7
726,0,0,0,23.7,0.82,0.82,0.82,0.0,7.06,,19.0
727,0,0,0,24.0,0.0,0.0,0.0,0.0,5.31,21.2,23.2
728,0,0,0,22.3,,,,,1.2,21.6,23.7
730,0,0,0,26.8,3.7,1.8267,2.76335,0.0,,21.1,30.5
733,0,0,0,22.8,,,,,7.27,20.0,37.8
734,0,0,0,24.6,4.4,4.0375,4.21875,0.0,6.01,19.9,35.7
735,0,0,0,28.1,9.7125,9.7125,7.570833333333333,0.0,,20.4,60.7
737,1,0,0,29.1,17.5071,17.5071,17.002366666666667,1.0,3.14,18.4,49.5
738,0,0,0,27.4,6.6,2.3,4.449999999999999,0.0,,23.7,26.9
740,0,0,0,24.4,10.875,10.875,9.291666666666666,0.0,4.03,20.6,30.8
745,0,0,0,25.8,8.6467,8.6467,7.415566666666667,0.0,,20.1,20.6
747,0,0,0,27.6,15.5,13.16,14.153333333333334,0.3333333333333333,3.32,19.8,41.8
748,0,0,0,29.1,9.2,3.14,7.18,0.0,5.11,19.4,29.3
755,0,0,0,28.9,4.4,0.0,2.2,0.0,1.07,21.2,36.8
756,0,0,0,26.4,3.2222,3.2222,1.9407333333333332,0.0,,21.7,36.9
757,0,0,0,24.4,0.0,0.0,0.0,0.0,,21.7,28.3
760,0,0,0,24.4,0.0,0.0,0.0,0.0,,19.7,53.4
763,0,0,0,26.0,4.7,4.58,4.193333333333333,0.0,1.23,19.2,29.0
766,0,0,0,22.7,11.2214,11.2214,11.2214,0.0,2.1,19.9,35.1
767,0,0,0,23.8,2.75,2.75,2.75,0.0,,21.0,26.4
770,0,0,0,23.1,4.5333,4.5333,2.26665,0.0,,20.4,32.3
774,0,0,0,27.7,2.35,2.35,2.175,0.0,4.12,21.0,22.4
778,0,0,0,25.4,1.2333,1.2333,1.2333,0.0,,20.7,18.7
779,0,0,0,25.3,4.5,0.0,1.9333333333333333,0.0,,20.6,26.5
780,0,0,0,26.7,5.2,,4.4,0.0,7.1,23.0,22.2
782,0,0,0,26.8,7.1,3.5909,5.396966666666667,0.0,,,12.6
783,0,0,0,25.8,0.6,0.21,0.40499999999999997,0.0,,19.1,33.3
791,0,0,0,23.2,3.8455,3.8455,3.8455,0.0,,19.4,33.1
792,0,0,0,23.2,,,,,6.19,20.4,37.5
793,0,0,0,26.6,8.5813,8.5813,7.0271,0.0,5.37,22.9,26.7
795,0,0,0,24.0,11.4375,11.4375,10.96875,0.0,1.25,21.3,30.6
796,0,0,0,30.5,7.9,,6.35,0.0,3.16,,13.6
798,0,0,0,28.1,5.7,5.025,4.308333333333334,0.0,,,6.3
799,0,0,0,31.200000000000003,14.9,14.2375,14.012500000000001,0.0,5.31,19.5,26.3
803,0,0,0,23.2,8.0062,8.0062,7.5531,0.0,2.24,,18.7
808,0,0,0,25.2,15.2,10.8313,10.810433333333334,0.3333333333333333,3.17,20.5,37.4
809,0,0,0,23.7,7.6077,7.6077,7.6077,0.0,2.02,20.9,32.8
814,1,0,0,27.8,18.1,15.5375,17.1125,1.0,1.07,19.0,30.2
815,0,0,0,23.8,,,,,7.01,21.1,54.7
816,0,0,0,26.8,2.1643,2.1643,1.38215,0.0,6.31,20.1,35.1
818,1,0,0,26.7,11.1,10.2467,10.715566666666666,0.0,1.07,19.9,27.0
820,0,0,0,24.6,4.35,4.35,4.275,0.0,3.29,18.9,30.1
821,0,0,0,31.799999999999997,11.3,4.4,8.0,0.0,3.19,20.0,35.9
823,0,0,0,23.5,5.6,5.2786,5.439299999999999,0.0,1.32,18.7,43.9
825,0,0,0,28.0,11.6,11.6,10.100000000000001,0.0,1.2,20.3,32.4
827,0,0,0,24.2,0.6385,0.6385,0.6385,0.0,,19.5,25.8
829,0,0,0,22.2,,,,,3.25,19.5,27.3
830,0,0,0,25.4,1.8625,1.8625,1.78125,0.0,7.21,20.7,22.4
831,0,0,0,25.3,0.0,-0.125,-0.0625,0.0,,22.6,31.4
832,0,0,0,28.6,19.2,12.4029,14.7343,0.3333333333333333,1.12,19.8,34.5
834,0,0,0,23.9,5.1,4.8545,4.97725,0.0,,19.1,36.5
835,0,0,0,23.9,7.35,7.35,6.375,0.0,2.27,18.1,23.5
839,0,0,0,24.9,0.2462,0.2462,0.2462,0.0,,19.2,32.0
841,0,0,0,26.2,4.6,0.7687,1.7895666666666665,0.0,4.19,19.5,43.1
842,0,0,0,28.4,9.2,,8.3,0.0,1.29,19.7,32.6
845,0,0,0,24.2,11.3,9.35,10.325,0.0,,21.4,45.3
848,0,0,0,24.0,3.9333,3.9333,3.9333,0.0,6.21,21.2,36.8
850,0,0,0,23.2,5.1462,5.1462,5.1462,0.0,5.21,20.4,35.7
852,0,0,0,22.0,,,,,6.21,,8.8
853,0,0,0,30.8,10.3,10.01,9.969999999999999,0.0,2.32,20.0,28.2
856,0,0,0,26.7,9.3,9.3,6.866666666666667,0.0,5.35,18.9,43.6
858,0,0,0,21.5,,,,,1.27,18.8,40.0
859,0,0,0,24.6,2.0125,2.0125,0.8708333333333335,0.0,6.13,,10.6
869,0,0,0,26.6,1.1222,1.1222,0.7611000000000001,0.0,,19.8,19.3
870,0,0,0,28.1,14.0062,14.0062,11.735399999999998,0.0,,20.3,34.8
875,1,0,0,29.1,16.6,15.3187,15.806233333333333,1.0,2.09,18.4,31.6
878,0,0,0,26.7,,,,,5.27,21.0,28.6
880,0,0,0,21.0,,,,,2.17,18.2,25.6
882,0,0,0,25.4,11.3163,11.3163,6.738766666666667,0.0,6.2,,14.2
889,0,0,0,28.0,11.5,8.84,10.28,0.0,1.04,18.2,34.2
892,0,0,0,23.8,6.4062,6.4062,5.4531,0.0,6.35,19.1,41.5
895,0,0,0,21.1,,,,,6.34,18.4,35.6
899,0,0,0,22.6,,,,,6.2,20.9,33.8
900,0,0,0,23.5,,,,,5.35,21.8,38.4
904,0,0,0,24.7,1.0,0.0,0.5,0.0,,21.0,37.5
906,1,0,0,27.5,20.5375,20.5375,17.479166666666668,0.6666666666666666,5.1,18.8,36.1
907,0,0,0,28.3,14.0,13.5417,12.947233333333335,0.0,2.09,20.6,33.2
911,0,0,0,24.2,6.9,4.775,5.8375,0.0,,19.4,29.8
914,0,0,0,31.5,17.1,10.9467,13.515566666666667,0.3333333333333333,3.29,18.8,41.9
915,0,0,0,26.4,6.3,0.0,3.6666666666666665,0.0,5.01,18.7,37.8
917,0,0,0,23.3,,,,,,19.6,24.0
922,1,0,0,22.4,12.1625,12.1625,12.1625,0.0,2.01,18.6,29.7
923,0,0,0,21.0,,,,,2.27,19.2,33.4
926,0,0,0,25.7,14.92,14.92,14.309999999999999,0.0,3.12,,17.7
928,0,0,0,27.5,10.7467,10.7467,7.3822333333333345,0.0,,22.8,38.1
930,0,0,0,24.8,,,,,,21.1,30.5
931,0,0,0,28.6,2.0,0.58,1.29,0.0,,,19.3
935,0,0,0,31.4,3.4,,2.6,0.0,4.05,,19.0
936,0,0,0,25.7,8.9154,8.9154,4.4577,0.0,6.11,21.0,36.0
939,0,0,0,24.9,7.7,7.3643,7.3881000000000006,0.0,3.27,19.2,33.0
940,0,0,0,25.3,5.8,0.6667,2.6555666666666666,0.0,,19.5,25.7
941,0,0,0,27.1,4.1,1.55,2.8249999999999997,0.0,5.34,20.4,31.7
942,0,0,0,25.5,1.5,1.5,1.5,0.0,,,14.2
945,0,0,0,24.4,,,,,,20.6,39.2
946,0,0,0,21.6,,,,,2.25,18.9,36.7
947,0,0,0,22.1,,,,,4.26,19.3,42.3
948,0,0,0,26.6,15.8,12.8427,14.180900000000001,0.3333333333333333,2.24,18.8,42.7
949,0,0,0,22.8,2.9214,2.9214,2.9214,0.0,5.16,19.0,57.2
950,1,0,0,28.7,16.5875,16.5875,15.029166666666667,0.3333333333333333,3.05,19.9,44.2
951,1,0,0,27.3,21.9267,21.9267,19.375566666666668,1.0,5.28,,19.4
952,0,0,0,29.3,11.0,,10.1,0.0,,20.6,30.5
953,0,0,0,23.7,1.23,1.23,1.23,0.0,7.38,20.0,15.8
954,0,0,0,25.4,6.625,6.625,6.625,0.0,,22.7,23.6
955,0,0,0,24.8,2.9312,2.9312,2.9312,0.0,2.25,22.1,21.0
961,0,0,0,25.0,5.0,0.3286,3.009533333333333,0.0,,19.2,32.4
965,0,0,0,27.1,17.1727,17.1727,14.857566666666665,0.6666666666666666,1.21,20.4,46.7
966,0,0,0,28.6,9.6,7.2462,7.582066666666667,0.0,,19.9,39.4
967,0,0,0,26.5,9.5,8.5563,7.718766666666667,0.0,,19.7,34.3
968,0,0,0,26.2,10.2,2.285,5.328333333333333,0.0,2.05,20.4,37.1
970,0,0,1,26.6,3.2,2.8125,2.7708333333333335,0.0,2.13,20.9,36.4
971,0,0,1,24.3,2.54,2.54,2.54,0.0,3.41,20.6,38.1
974,0,0,1,23.1,7.275,7.275,7.275,0.0,4.12,19.4,28.3
976,0,0,1,25.0,2.2,0.0,1.1,0.0,,,7.5
979,0,0,1,26.3,5.9,5.2313,5.0437666666666665,0.0,,19.5,35.2
980,0,0,1,28.0,1.3,0.0,0.6666666666666666,0.0,,,12.0
982,0,0,1,26.6,14.6,8.7308,11.1436,0.0,3.18,,17.4
986,0,0,1,24.7,0.5714,0.5714,0.5714,0.0,,,15.3
989,0,0,1,29.8,2.1,1.3875,1.5625,0.0,4.18,23.1,15.8
990,0,0,1,26.9,6.3,2.2,4.733333333333333,0.0,,,7.1
993,0,0,1,24.1,0.5333,0.5333,0.5333,0.0,,,18.9
998,0,0,1,20.9,,,,,5.03,18.1,27.9
1000,0,0,1,24.2,0.0,0.0,0.0,0.0,4.3,22.4,23.2
1002,0,0,1,28.4,11.35,11.35,7.616666666666667,0.0,5.21,,9.0
1004,0,0,1,29.9,6.5,4.2625,5.654166666666666,0.0,,20.2,19.7
1005,0,0,1,27.7,3.1,0.6867,1.89335,0.0,,,10.8
1008,0,0,1,23.6,0.4714,0.4714,0.4714,0.0,6.11,,5.5
1012,0,0,1,25.3,8.1,4.6063,4.802099999999999,0.0,4.07,,18.0
1013,0,0,1,25.6,0.0,0.0,0.0,0.0,,,5.1
1017,0,0,1,28.5,4.0,,4.0,0.0,,24.7,20.3
1018,0,0,1,22.4,0.6,0.6,0.6,0.0,4.27,18.7,18.7
1020,0,0,1,22.2,3.875,3.875,3.875,0.0,2.11,20.5,20.8
1022,0,0,1,27.4,0.5133,0.5133,0.5133,0.0,,,3.1
1027,0,0,1,26.4,10.5818,10.5818,8.893933333333335,0.0,2.17,21.7,30.7
1029,0,0,1,24.9,9.1562,9.1562,4.2854,0.0,4.37,,11.4
1030,0,0,1,26.2,6.5,6.05,5.75,0.0,,20.5,38.4
1031,0,0,1,29.0,2.9,0.3188,1.6094,0.0,,21.3,24.1
1033,0,0,1,26.1,0.0,0.0,0.0,0.0,,,9.5
1035,0,0,1,26.5,1.9333,1.9333,0.7444333333333333,0.0,,,11.8
1036,0,0,1,28.7,17.4125,17.4125,12.137500000000001,0.3333333333333333,6.28,22.0,32.1
1040,0,0,1,24.9,9.6,4.0231,6.2077,0.0,1.29,20.2,24.6
1041,0,0,1,26.1,,,,,,,14.7
1042,0,0,1,24.5,5.5667,5.5667,5.43335,0.0,3.32,,4.2
1045,0,0,1,26.2,2.7,0.7571,1.72855,0.0,,22.5,22.6
1046,0,0,1,30.8,3.6,0.15,2.0833333333333335,0.0,,18.1,66.4
1047,0,0,1,23.8,1.3222,1.3222,1.3222,0.0,3.27,,19.5
1049,0,0,1,24.0,2.12,2.12,2.12,0.0,,,9.9
1051,0,0,1,23.8,3.3769,3.3769,3.3769,0.0,,19.1,48.9
1052,0,0,1,25.1,4.9313,4.9313,3.26565,0.0,2.2,,10.5
1053,0,0,1,25.8,3.92,3.92,2.3733333333333335,0.0,4.23,,8.8
1058,0,0,1,28.1,13.9,9.4533,10.417766666666667,0.0,1.1,19.4,18.8
1059,0,0,1,27.1,2.0,0.575,1.5250000000000001,0.0,5.31,20.4,31.6
1060,0,0,1,29.1,1.4,0.0,0.8333333333333334,0.0,,,9.6
1061,0,0,1,25.6,,,,,,,19.5
1063,0,0,1,26.7,13.7,8.8125,11.270833333333334,0.0,1.23,22.0,29.5
1064,0,0,1,24.1,6.2,2.0625,4.13125,0.0,4.35,,12.3
1068,0,0,1,27.2,0.0,0.0,0.0,0.0,,20.5,25.3
1072,0,0,1,27.7,6.2,2.33,3.91,0.0,7.29,,4.9
1073,0,0,1,27.6,16.0,15.6375,15.845833333333331,1.0,5.02,21.9,23.2
1075,0,0,1,26.9,7.5,5.8063,6.3021,0.0,2.12,21.2,31.7
1081,0,0,1,23.1,4.12,4.12,4.12,0.0,4.09,19.4,26.2
1082,0,0,1,27.8,9.3187,9.3187,6.006233333333333,0.0,1.25,,15.6
1086,0,0,1,26.5,12.3,10.3786,11.339300000000001,0.0,2.04,18.7,20.1
1087,0,0,1,-1.0,,,,,,,12.9
1088,0,0,1,21.8,,,,,3.17,21.1,21.8
1089,0,0,1,25.3,,,,,,,4.5
1090,0,0,1,25.0,8.1,2.5312,4.743733333333333,0.0,4.01,,19.1
1094,0,0,1,24.4,3.7,2.5625,3.13125,0.0,2.25,19.7,42.7
1095,0,0,1,27.7,2.7,0.0,1.35,0.0,,,16.6
1098,0,0,1,31.1,10.1,4.5786,7.226200000000001,0.0,,20.3,23.9
1099,0,0,1,23.3,,,,,,,11.1
1100,0,0,1,24.1,,,,,4.36,23.4,20.0
1101,0,0,1,27.5,9.4,4.1188,6.0396,0.0,,22.8,23.4
1108,0,0,1,29.4,8.3,3.6133,5.037766666666667,0.0,5.37,22.6,22.2
1109,0,0,1,34.1,12.1,8.4933,10.864433333333332,0.0,3.25,21.4,17.4
1110,0,0,1,23.8,,,,,,21.0,21.9
1117,0,0,1,26.8,3.5,0.1,1.9333333333333333,0.0,5.1,,14.2
1120,0,0,1,24.2,4.1,,4.1,0.0,,20.5,48.8
1121,0,0,1,27.0,5.6,2.4312,3.443733333333333,0.0,5.24,19.3,18.1
1123,0,0,1,34.5,8.975,8.975,7.825,0.0,3.31,22.8,15.9
1124,0,0,1,25.5,,,,,,,10.3
1125,0,0,1,23.6,,,,,4.19,,7.4
1128,0,0,1,26.5,1.5,0.5812,1.1270666666666667,0.0,,,13.5
1129,0,0,1,25.8,9.3467,9.3467,7.215566666666668,0.0,3.36,18.0,33.0
1130,0,0,1,29.1,6.4385,6.4385,4.946166666666667,0.0,3.34,23.4,28.2
1132,0,0,1,25.3,1.4,,1.4,0.0,,,8.6
1134,0,0,1,28.9,5.6,0.0,3.1,0.0,2.1,18.1,48.3
1139,0,0,1,24.4,1.5,,1.5,0.0,3.05,21.7,20.6
1140,0,0,1,24.3,1.1,1.1,1.1,0.0,3.3,22.6,30.5
1143,0,0,1,24.7,1.1286,1.1286,1.1286,0.0,,23.0,17.6
1144,0,0,1,24.1,10.8,1.9467,6.37335,0.0,6.03,,16.7
1145,0,0,1,24.2,0.9286,0.9286,0.9286,0.0,3.22,,19.6
1147,0,0,1,25.5,,,,,,,8.0
1148,0,0,1,22.6,,,,,,21.9,21.1
1149,0,0,1,26.1,0.0,0.0,0.0,0.0,,,14.2
1151,0,0,1,20.6,,,,,1.04,19.9,24.1
1152,0,0,1,31.5,9.5,5.45,7.449999999999999,0.0,2.11,,11.5
1153,0,0,1,23.2,,,,,4.22,18.4,21.5
1157,0,0,1,33.5,4.4,1.95,2.75,0.0,5.28,,13.7
1160,0,0,1,21.6,,,,,5.01,,7.5
1161,0,0,1,32.9,3.6,0.8312,1.8770666666666667,0.0,4.07,21.1,14.2
1163,0,0,1,37.0,3.1,2.58,2.36,0.0,1.28,21.3,26.1
1166,1,0,1,25.7,13.8,12.15,10.883333333333333,0.0,3.22,,18.0
1168,0,0,1,27.6,0.0,0.0,0.0,0.0,7.33,22.8,31.7
1169,0,0,1,25.6,,,,,,21.8,21.5
1171,0,0,1,28.7,4.2,,4.1,0.0,,,9.8
1175,0,0,1,27.1,3.7,2.6889,3.1963000000000004,0.0,2.23,19.4,48.8
1179,0,0,1,25.6,10.62,10.62,7.539999999999999,0.0,2.1,21.9,21.5
1180,0,0,1,23.2,,,,,,,7.4
1181,0,0,1,24.5,,,,,,22.8,24.5
1182,0,0,1,29.2,3.6,1.9909,2.863633333333333,0.0,5.07,19.5,37.6
1187,0,0,1,25.0,,,,,,23.3,17.6
1188,0,0,1,28.3,5.0,4.1444,4.281466666666667,0.0,5.35,20.6,21.2
1191,0,0,1,27.2,4.9,1.9667,3.0889,0.0,3.32,,6.4
1193,0,0,1,23.5,9.9533,9.9533,8.42665,0.0,1.2,19.8,27.0
1194,0,0,1,22.1,,,,,5.18,18.4,19.7
1195,0,0,1,23.9,0.0,0.0,0.0,0.0,,20.2,18.5
1196,0,0,1,26.5,12.1,9.4,9.166666666666666,0.0,1.19,,15.2
1199,0,0,1,22.6,,,,,2.23,19.9,24.8
1200,0,0,1,27.1,3.2538,3.2538,2.0269,0.0,,22.3,18.9
1203,0,0,1,23.8,0.6857,0.6857,0.6857,0.0,,,3.5
1205,0,0,1,29.3,5.0357,5.0357,2.81785,0.0,3.34,,10.5
1206,0,0,1,26.0,6.5,0.0,3.8333333333333335,0.0,,,12.4
1207,0,0,1,32.0,10.1,9.3313,9.71565,0.0,2.1,18.3,19.1
1209,0,0,1,27.1,11.0375,11.0375,5.8125,0.0,,21.4,38.0
1210,0,0,1,26.3,6.0,3.0938,3.5979333333333336,0.0,,21.6,29.6
1211,0,0,1,31.4,7.4,1.1733,4.257766666666667,0.0,6.33,21.7,38.8
1212,0,0,1,25.4,3.9,2.575,3.2375,0.0,7.32,,15.2
1218,0,0,1,23.4,0.0,0.0,0.0,0.0,,19.7,19.7
1220,0,0,1,28.3,1.1625,1.1625,1.1625,0.0,,,12.4
1222,0,0,1,24.5,0.0,0.0,0.0,0.0,7.37,,9.2
1223,0,0,1,23.9,10.9563,10.9563,8.82815,0.0,1.08,21.2,24.0
1224,0,0,1,26.5,1.1,0.6455,0.87275,0.0,,20.8,22.6
1225,0,0,1,30.7,9.9138,9.9138,6.337933333333335,0.0,,23.0,
1226,0,0,1,27.8,0.25,0.25,0.25,0.0,6.02,,14.4
1229,0,0,1,25.9,3.9,,3.9,0.0,7.14,21.2,19.6
1230,0,0,1,21.0,,,,,3.19,,8.2
1232,0,0,1,24.1,,,,,,22.4,21.5
1233,1,0,1,31.6,20.8507,20.8507,18.383566666666667,1.0,3.01,22.9,27.6
1234,0,0,1,22.4,,,,,3.33,,11.3
1235,0,0,1,25.7,2.3,0.125,1.2125,0.0,4.19,,5.7
1239,0,0,1,25.8,3.2,2.775,2.658333333333333,0.0,5.2,21.1,24.1
1240,0,0,1,24.1,0.0,0.0,0.0,0.0,6.27,21.4,14.7
1242,0,0,1,28.4,11.5,8.5467,8.248899999999999,0.0,4.12,22.7,15.6
1243,0,0,1,28.6,4.19,4.19,2.596666666666667,0.0,3.21,20.9,11.5
1248,0,0,1,24.9,12.3,3.8188,8.3396,0.0,4.2,,10.3
1251,0,0,1,30.5,17.5,7.0455,12.915166666666666,0.3333333333333333,2.03,21.8,31.8
1252,0,0,1,24.7,1.4,0.0,0.7,0.0,5.03,,15.6
