id,0,1
Deebo Samuel,0.37666374,0.62333626
Derrick Henry,0.37793082,0.6220692
Tyreek Hill,0.38373595,0.61626405
Justin Jefferson,0.3850029,0.6149971
Christian McCaffrey,0.3850029,0.6149971
Alvin Kamara,0.3870139,0.6129861
Chris Godwin,0.3870139,0.6129861
Jonathan Taylor,0.3888163,0.6111837
Davante Adams,0.3902539,0.6097461
Cooper Kupp,0.3902539,0.6097461
Stefon Diggs,0.40058064,0.59941936
Austin Ekeler,0.41130888,0.5886911
Dalvin Cook,0.41204476,0.58795524
Travis Kelce,0.42134303,0.578657
Aaron Jones,0.42456132,0.5754387
Jaylen Waddle,0.46353424,0.53646576
Josh Jacobs,0.47173387,0.52826613
David Montgomery,0.4744128,0.5255872
Hunter Renfrow,0.47594327,0.52405673
D'Andre Swift,0.48473018,0.5152698
Tee Higgins,0.49259955,0.50740045
Mike Evans,0.49762726,0.50237274
Mike Williams,0.49798822,0.5020118
Robert Woods,0.50211704,0.49788296
Nick Chubb,0.5104863,0.4895137
Elijah Mitchell,0.5113376,0.48866242
Tyler Lockett,0.5128828,0.48711717
CeeDee Lamb,0.51401246,0.48598757
Keenan Allen,0.51774514,0.4822549
Adam Thielen,0.5246194,0.4753806
Najee Harris,0.52945405,0.47054595
Joe Mixon,0.52945405,0.47054595
Mark Andrews,0.543077,0.45692304
Ja'Marr Chase,0.5431356,0.45686442
Diontae Johnson,0.5518764,0.44812357
Leonard Fournette,0.55579436,0.4442056
D.J. Moore,0.5667955,0.43320447
D.K. Metcalf,0.57081914,0.42918086
James Robinson,0.5735755,0.42642447
James Conner,0.5740645,0.4259355
Antonio Gibson,0.5760517,0.42394832
Antonio Brown,0.5771346,0.42286542
A.J. Brown,0.5792301,0.42076987
George Kittle,0.58631146,0.41368857
Elijah Moore,0.5999294,0.4000706
Ezekiel Elliott,0.61341196,0.38658804
Amon-Ra St. Brown,0.6140566,0.3859434
DeAndre Hopkins,0.61488235,0.38511765
Calvin Ridley,0.6350163,0.36498368
Amari Cooper,0.6382044,0.3617956
Chris Carson,0.64308774,0.35691223
Darren Waller,0.64308774,0.35691223
Kareem Hunt,0.6471017,0.3528983
Javonte Williams,0.6583438,0.3416562
Marquise Brown,0.6585598,0.34144017
Henry Ruggs,0.6601429,0.3398571
Rob Gronkowski,0.66542554,0.3345745
Darrell Henderson,0.66956186,0.33043817
Michael Pittman,0.6708629,0.32913712
Brandin Cooks,0.6736075,0.32639247
Damien Harris,0.6758995,0.32410052
Cordarrelle Patterson,0.6843456,0.31565437
Clyde Edwards-Helaire,0.6884979,0.3115021
Reggie Bush,0.6973252,0.30267474
A.J. Green,0.6973252,0.30267474
Trent Richardson,0.6973252,0.30267474
Larry Fitzgerald,0.6973252,0.30267474
Sammy Watkins,0.6973252,0.30267474
Ronnie Brown,0.6973252,0.30267474
Darren McFadden,0.6973252,0.30267474
Andre Johnson,0.6973252,0.30267474
Kyle Pitts,0.6973252,0.30267474
Calvin Johnson,0.6973252,0.30267474
Terry McLaurin,0.6996,0.30040005
Wes Hills,0.7052814,0.29471865
Michael Thomas,0.7052814,0.29471865
Saquon Barkley,0.70674205,0.29325795
Chase Edmonds,0.7171792,0.2828208
T.J. Hockenson,0.72505164,0.2749484
Christian Kirk,0.72505164,0.2749484
Melvin Gordon,0.7258426,0.27415738
Darnell Mooney,0.73219925,0.26780075
Dalton Schultz,0.73434114,0.26565883
Duke Johnson,0.74613553,0.25386447
Rashaad Penny,0.74613553,0.25386447
Brandon Aiyuk,0.75729984,0.24270014
Chase Claypool,0.75982314,0.24017686
Devin Singletary,0.76255554,0.23744446
Miles Sanders,0.76291096,0.23708902
Julio Jones,0.76634216,0.23365784
J.J. Nelson,0.76634216,0.23365784
Russell Gage,0.76713765,0.23286232
Todd Gurley,0.76963615,0.23036386
J.D. McKissic,0.7760003,0.22399966
Corey Davis,0.7760003,0.22399966
Tyler Boyd,0.7762834,0.22371659
Sterling Shepard,0.7762834,0.22371659
Jarvis Landry,0.7762834,0.22371659
Allen Robinson,0.77922106,0.22077894
Marvin Jones,0.77922106,0.22077894
DeVante Parker,0.7844696,0.21553038
Kenyan Drake,0.7844696,0.21553038
Michael Carter,0.7964515,0.20354848
Darrel Williams,0.79889244,0.20110756
Dallas Goedert,0.79889244,0.20110756
Dominique Jones,0.8016091,0.19839089
Tim White,0.8016091,0.19839089
Ventell Bryant,0.8016091,0.19839089
Tommylee Lewis,0.8016091,0.19839089
Victor Bolden,0.8016091,0.19839089
Tom Kennedy,0.8016091,0.19839089
Walter Powell,0.8016091,0.19839089
Vyncint Smith,0.8016091,0.19839089
Terrace Marshall,0.8016091,0.19839089
Delanie Walker,0.8016091,0.19839089
Tim Patrick,0.8016091,0.19839089
Vincent Jackson,0.8016091,0.19839089
Dawson Knox,0.8016091,0.19839089
Terrance Williams,0.8016091,0.19839089
Victor Cruz,0.8016091,0.19839089
Terry Godwin,0.8016091,0.19839089
Tony Brown,0.8016091,0.19839089
Tevin Jones,0.8016091,0.19839089
Dominique Dafney,0.8016091,0.19839089
Vincent Brown,0.8016091,0.19839089
Van Jefferson,0.8016091,0.19839089
Tony Washington,0.8016091,0.19839089
Tyron Johnson,0.8016091,0.19839089
Travis Rudolph,0.8016091,0.19839089
Trevor Davis,0.8016091,0.19839089
Deon Yelder,0.8016091,0.19839089
Wes Welker,0.8016091,0.19839089
Trent Taylor,0.8016091,0.19839089
Trent Sherfield,0.8016091,0.19839089
Trey Quinn,0.8016091,0.19839089
Trinity Benson,0.8016091,0.19839089
Tutu Atwell,0.8016091,0.19839089
Tre'Quan Smith,0.8016091,0.19839089
Tre McBride,0.8016091,0.19839089
Tylan Wallace,0.8016091,0.19839089
Tyrie Cleveland,0.8016091,0.19839089
Travis Fulgham,0.8016091,0.19839089
Tyler Johnson,0.8016091,0.19839089
Dennis Pitta,0.8016091,0.19839089
Derek Carrier,0.8016091,0.19839089
Travis Benjamin,0.8016091,0.19839089
Devin Asiasi,0.8016091,0.19839089
Tyrell Williams,0.8016091,0.19839089
Torrey Smith,0.8016091,0.19839089
Trenton Irwin,0.8016091,0.19839089
Dion Sims,0.8016091,0.19839089
Wendall Williams,0.8016091,0.19839089
Daniel Helm,0.8016091,0.19839089
Will Fuller,0.8016091,0.19839089
David Ausberry,0.8016091,0.19839089
Chris Myarick,0.8016091,0.19839089
Chris Herndon,0.8016091,0.19839089
Chris Gragg,0.8016091,0.19839089
Chase Ford,0.8016091,0.19839089
Chase Coffman,0.8016091,0.19839089
Charlie Woerner,0.8016091,0.19839089
Charles Jones,0.8016091,0.19839089
Charles Clay,0.8016091,0.19839089
Cethan Carter,0.8016091,0.19839089
Cameron Brate,0.8016091,0.19839089
Caleb Wilson,0.8016091,0.19839089
C.J. Uzomah,0.8016091,0.19839089
C.J. Fiedorowicz,0.8016091,0.19839089
Brycen Hopkins,0.8016091,0.19839089
Brian Parker,0.8016091,0.19839089
Clay Harbor,0.8016091,0.19839089
Clive Walford,0.8016091,0.19839089
Coby Fleener,0.8016091,0.19839089
Darrell Daniels,0.8016091,0.19839089
Daniel Brown,0.8016091,0.19839089
Dante Rosario,0.8016091,0.19839089
Dan Arnold,0.8016091,0.19839089
Dalton Keene,0.8016091,0.19839089
D.J. Tialavea,0.8016091,0.19839089
Crockett Gillmore,0.8016091,0.19839089
Craig Stevens,0.8016091,0.19839089
Codey McElroy,0.8016091,0.19839089
Cooper Helfet,0.8016091,0.19839089
Colin Thompson,0.8016091,0.19839089
Cole Wick,0.8016091,0.19839089
Cole Kmet,0.8016091,0.19839089
Cole Hikutini,0.8016091,0.19839089
Colby Parkinson,0.8016091,0.19839089
Brevin Jordan,0.8016091,0.19839089
Brent Celek,0.8016091,0.19839089
David Wells,0.8016091,0.19839089
Brandon Williams,0.8016091,0.19839089
Anthony Fasano,0.8016091,0.19839089
Andrew Quarless,0.8016091,0.19839089
Andrew Beck,0.8016091,0.19839089
Daniel Fells,0.8016091,0.19839089
Alex Ellis,0.8016091,0.19839089
Albert Okwuegbunam,0.8016091,0.19839089
Alan Cross,0.8016091,0.19839089
Adrien Robinson,0.8016091,0.19839089
Adam Trautman,0.8016091,0.19839089
Adam Shaheen,0.8016091,0.19839089
David Njoku,0.8016091,0.19839089
A.J. Derby,0.8016091,0.19839089
Zay Jones,0.8016091,0.19839089
Zach Pascal,0.8016091,0.19839089
Willie Snead,0.8016091,0.19839089
Anthony Firkser,0.8016091,0.19839089
David Grinnage,0.8016091,0.19839089
Antony Auclair,0.8016091,0.19839089
Blake Bell,0.8016091,0.19839089
Brandon Pettigrew,0.8016091,0.19839089
Brandon Myers,0.8016091,0.19839089
Brandon Dillon,0.8016091,0.19839089
Brandon Bostick,0.8016091,0.19839089
Braedon Bowman,0.8016091,0.19839089
Blake Jarwin,0.8016091,0.19839089
Ben Watson,0.8016091,0.19839089
Asante Cleveland,0.8016091,0.19839089
Ben Koyack,0.8016091,0.19839089
Ben Ellefson,0.8016091,0.19839089
Ben Braunecker,0.8016091,0.19839089
Austin Traylor,0.8016091,0.19839089
Austin Seferian-Jenkins,0.8016091,0.19839089
Austin Hooper,0.8016091,0.19839089
David Morgan,0.8016091,0.19839089
A.J. Dillon,0.8016091,0.19839089
Ted Ginn,0.8016091,0.19839089
Michael Gallup,0.8016091,0.19839089
Michael Crabtree,0.8016091,0.19839089
Michael Clark,0.8016091,0.19839089
Michael Campanaro,0.8016091,0.19839089
Mecole Hardman,0.8016091,0.19839089
Max McCaffrey,0.8016091,0.19839089
Maurice Harris,0.8016091,0.19839089
Matt Hazel,0.8016091,0.19839089
Marvin Hall,0.8016091,0.19839089
Martavis Bryant,0.8016091,0.19839089
Marquise Goodwin,0.8016091,0.19839089
Marquis Bundy,0.8016091,0.19839089
Marquez Valdes-Scantling,0.8016091,0.19839089
Marquez Stevenson,0.8016091,0.19839089
Marquez Callaway,0.8016091,0.19839089
Marquess Wilson,0.8016091,0.19839089
Marques Colston,0.8016091,0.19839089
Marqise Lee,0.8016091,0.19839089
Michael Floyd,0.8016091,0.19839089
Michael Walker,0.8016091,0.19839089
Markus Wheaton,0.8016091,0.19839089
Mike A. Williams,0.8016091,0.19839089
Nsimba Webster,0.8016091,0.19839089
Noah Brown,0.8016091,0.19839089
Nico Collins,0.8016091,0.19839089
Nick Williams,0.8016091,0.19839089
Nick Westbrook-Ikhine,0.8016091,0.19839089
Nick Toon,0.8016091,0.19839089
Nelson Agholor,0.8016091,0.19839089
Nate Washington,0.8016091,0.19839089
N'Keal Harry,0.8016091,0.19839089
Myles White,0.8016091,0.19839089
Mohamed Sanu,0.8016091,0.19839089
Miles Boykin,0.8016091,0.19839089
Miles Austin,0.8016091,0.19839089
Mike Wallace,0.8016091,0.19839089
Mike Thomas,0.8016091,0.19839089
Mike Strachan,0.8016091,0.19839089
Mike Brown,0.8016091,0.19839089
Marlon Brown,0.8016091,0.19839089
Marken Michel,0.8016091,0.19839089
Olabisi Johnson,0.8016091,0.19839089
Laquon Treadwell,0.8016091,0.19839089
Lance Lenoir,0.8016091,0.19839089
Kristian Wilkerson,0.8016091,0.19839089
Krishawn Hogan,0.8016091,0.19839089
Kris Durham,0.8016091,0.19839089
Kirk Merritt,0.8016091,0.19839089
Khadarel Hodge,0.8016091,0.19839089
Kevin White,0.8016091,0.19839089
Kevin Smith,0.8016091,0.19839089
Kevin Ogletree,0.8016091,0.19839089
Kevin Norwood,0.8016091,0.19839089
Kevin Dorsey,0.8016091,0.19839089
Keshawn Martin,0.8016091,0.19839089
Keon Hatcher,0.8016091,0.19839089
Kenny Stills,0.8016091,0.19839089
Kenny Golladay,0.8016091,0.19839089
Kenny Britt,0.8016091,0.19839089
Kendrick Bourne,0.8016091,0.19839089
Lance Moore,0.8016091,0.19839089
Larry Pinkard,0.8016091,0.19839089
Mario Alford,0.8016091,0.19839089
Laviska Shenault,0.8016091,0.19839089
Marcus Kemp,0.8016091,0.19839089
Marcus Johnson,0.8016091,0.19839089
Marcus Easley,0.8016091,0.19839089
Marcell Ateman,0.8016091,0.19839089
Malik Turner,0.8016091,0.19839089
Malik Taylor,0.8016091,0.19839089
Malcom Floyd,0.8016091,0.19839089
Malcolm Perry,0.8016091,0.19839089
Malcolm Mitchell,0.8016091,0.19839089
Mack Hollins,0.8016091,0.19839089
Lynn Bowden,0.8016091,0.19839089
Lucky Whitehead,0.8016091,0.19839089
Louis Murphy,0.8016091,0.19839089
Lil'Jordan Humphrey,0.8016091,0.19839089
Leonte Carroo,0.8016091,0.19839089
Leonard Hankerson,0.8016091,0.19839089
Lawrence Cager,0.8016091,0.19839089
Odell Beckham,0.8016091,0.19839089
Olamide Zaccheaus,0.8016091,0.19839089
Taywan Taylor,0.8016091,0.19839089
Shi Smith,0.8016091,0.19839089
Shane Wynn,0.8016091,0.19839089
Seyi Ajirotutu,0.8016091,0.19839089
Seth Williams,0.8016091,0.19839089
Seth Roberts,0.8016091,0.19839089
Seantavius Jones,0.8016091,0.19839089
Scott Miller,0.8016091,0.19839089
Santonio Holmes,0.8016091,0.19839089
Santana Moss,0.8016091,0.19839089
Sammie Coates,0.8016091,0.19839089
Saalim Hakim,0.8016091,0.19839089
Ryan Switzer,0.8016091,0.19839089
Ryan Grant,0.8016091,0.19839089
Ryan Broyles,0.8016091,0.19839089
Russell Shepard,0.8016091,0.19839089
Rueben Randle,0.8016091,0.19839089
Rondale Moore,0.8016091,0.19839089
Roger Lewis,0.8016091,0.19839089
Shelton Gibson,0.8016091,0.19839089
Simi Fehoko,0.8016091,0.19839089
Roddy White,0.8016091,0.19839089
Solomon Patton,0.8016091,0.19839089
Taylor Gabriel,0.8016091,0.19839089
Tavarres King,0.8016091,0.19839089
Tarik Black,0.8016091,0.19839089
Tanner Gentry,0.8016091,0.19839089
Tajae Sharpe,0.8016091,0.19839089
T.Y. Hilton,0.8016091,0.19839089
T.J. Jones,0.8016091,0.19839089
T.J. Graham,0.8016091,0.19839089
Steven Sims,0.8016091,0.19839089
Steven Mitchell,0.8016091,0.19839089
Steve Smith,0.8016091,0.19839089
Steve Johnson,0.8016091,0.19839089
Stedman Bailey,0.8016091,0.19839089
Stanley Morgan,0.8016091,0.19839089
Drew Sample,0.8016091,0.19839089
Stacy Coley,0.8016091,0.19839089
Spencer Schnell,0.8016091,0.19839089
Rodney Adams,0.8016091,0.19839089
Rod Streater,0.8016091,0.19839089
Parris Campbell,0.8016091,0.19839089
Rashad Greene,0.8016091,0.19839089
Racey McMath,0.8016091,0.19839089
Quinton Patton,0.8016091,0.19839089
Quintez Cephus,0.8016091,0.19839089
Quincy Enunwa,0.8016091,0.19839089
Quez Watkins,0.8016091,0.19839089
Quan Bray,0.8016091,0.19839089
Quadree Henderson,0.8016091,0.19839089
Preston Williams,0.8016091,0.19839089
Preston Parker,0.8016091,0.19839089
Pierre Garcon,0.8016091,0.19839089
Phillip Dorsett,0.8016091,0.19839089
Pharoh Cooper,0.8016091,0.19839089
Percy Harvin,0.8016091,0.19839089
Penny Hart,0.8016091,0.19839089
Paul Turner,0.8016091,0.19839089
Paul Richardson,0.8016091,0.19839089
Paul McRoberts,0.8016091,0.19839089
Randall Cobb,0.8016091,0.19839089
Rashad Ross,0.8016091,0.19839089
Robert Meachem,0.8016091,0.19839089
Rashard Higgins,0.8016091,0.19839089
Robert Herron,0.8016091,0.19839089
Robert Foster,0.8016091,0.19839089
Robert Davis,0.8016091,0.19839089
Robby Anderson,0.8016091,0.19839089
River Cracraft,0.8016091,0.19839089
Rishard Matthews,0.8016091,0.19839089
Riley Ridley,0.8016091,0.19839089
Riley McCarron,0.8016091,0.19839089
Riley Cooper,0.8016091,0.19839089
Rico Richardson,0.8016091,0.19839089
Richie James,0.8016091,0.19839089
Ricardo Louis,0.8016091,0.19839089
Reggie Wayne,0.8016091,0.19839089
Reggie Begelton,0.8016091,0.19839089
Ray-Ray McCloud,0.8016091,0.19839089
Rashod Bateman,0.8016091,0.19839089
Rashawn Scott,0.8016091,0.19839089
Donald Parham,0.8016091,0.19839089
Gerald Christian,0.8016091,0.19839089
Durham Smythe,0.8016091,0.19839089
Kevin Brown,0.8016091,0.19839089
Max Borghi,0.8016091,0.19839089
Mataeo Durant,0.8016091,0.19839089
Master Teague,0.8016091,0.19839089
Leddie Brown,0.8016091,0.19839089
L.D. Brown,0.8016091,0.19839089
Kyren Williams,0.8016091,0.19839089
Kevin Marks,0.8016091,0.19839089
Kevin Harris,0.8016091,0.19839089
Kenneth Walker,0.8016091,0.19839089
Rachaad White,0.8016091,0.19839089
Kennedy Brooks,0.8016091,0.19839089
Keaontay Ingram,0.8016091,0.19839089
Julius Chestnut,0.8016091,0.19839089
Joshua Mack,0.8016091,0.19839089
Jerrion Ealy,0.8016091,0.19839089
Jerome Ford,0.8016091,0.19839089
Jeremiah Hall,0.8016091,0.19839089
Jaylen Warren,0.8016091,0.19839089
Pierre Strong,0.8016091,0.19839089
Raheem Blackshear,0.8016091,0.19839089
Braylon Sanders,0.8016091,0.19839089
Tyler Badie,0.8016091,0.19839089
Alec Pierce,0.8016091,0.19839089
Zonovan Knight,0.8016091,0.19839089
Zander Horvath,0.8016091,0.19839089
Zamir White,0.8016091,0.19839089
ZaQuandre White,0.8016091,0.19839089
Vavae Malepeai,0.8016091,0.19839089
Tyrion Davis-Price,0.8016091,0.19839089
Tyler Goodson,0.8016091,0.19839089
Tyler Allgeier,0.8016091,0.19839089
Ronnie Rivers,0.8016091,0.19839089
Ty Chandler,0.8016091,0.19839089
Trestan Ebner,0.8016091,0.19839089
T.J. Pledger,0.8016091,0.19839089
Stephon Huderson,0.8016091,0.19839089
Stephen Carr,0.8016091,0.19839089
Snoop Conner,0.8016091,0.19839089
Sincere McCormick,0.8016091,0.19839089
Shermari Jones,0.8016091,0.19839089
Jashaun Corbin,0.8016091,0.19839089
James Cook,0.8016091,0.19839089
Isiah Pacheco,0.8016091,0.19839089
Vance McDonald,0.8016091,0.19839089
Zach Gentry,0.8016091,0.19839089
Zach Ertz,0.8016091,0.19839089
Xavier Grimble,0.8016091,0.19839089
Will Tye,0.8016091,0.19839089
Will Dissly,0.8016091,0.19839089
Virgil Green,0.8016091,0.19839089
Vince Mayle,0.8016091,0.19839089
Vernon Davis,0.8016091,0.19839089
Tyler Kroft,0.8016091,0.19839089
Isaiah Spiller,0.8016091,0.19839089
Tyler Higbee,0.8016091,0.19839089
Tyler Eifert,0.8016091,0.19839089
Tyler Davis,0.8016091,0.19839089
Tyler Conklin,0.8016091,0.19839089
Troy Niklas,0.8016091,0.19839089
Troy Fumagalli,0.8016091,0.19839089
Trey Burton,0.8016091,0.19839089
Trevon Wesco,0.8016091,0.19839089
Zach Miller,0.8016091,0.19839089
Zach Miller,0.8016091,0.19839089
Zach Sudfeld,0.8016091,0.19839089
Abram Smith,0.8016091,0.19839089
Hassan Haskins,0.8016091,0.19839089
Greg Bell,0.8016091,0.19839089
Deon McIntosh,0.8016091,0.19839089
Deandre Torrey,0.8016091,0.19839089
De'Montre Tuggle,0.8016091,0.19839089
Dameon Pierce,0.8016091,0.19839089
D'Vonte Price,0.8016091,0.19839089
Connor Heyward,0.8016091,0.19839089
Charles Williams,0.8016091,0.19839089
Cam'Ron Harris,0.8016091,0.19839089
C.J. Verdell,0.8016091,0.19839089
Bryant Koback,0.8016091,0.19839089
Brittain Brown,0.8016091,0.19839089
Brian Robinson,0.8016091,0.19839089
Breece Hall,0.8016091,0.19839089
BJ Baylor,0.8016091,0.19839089
B.J. Smith,0.8016091,0.19839089
Bo Melton,0.8016091,0.19839089
Calvin Austin,0.8016091,0.19839089
Tony Poljan,0.8016091,0.19839089
Velus Jones,0.8016091,0.19839089
Chig Okonkwo,0.8016091,0.19839089
Chase Allen,0.8016091,0.19839089
Charlie Kolar,0.8016091,0.19839089
Cade Otton,0.8016091,0.19839089
Braden Galloway,0.8016091,0.19839089
Austin Allen,0.8016091,0.19839089
Andrew Ogletree,0.8016091,0.19839089
Wan'Dale Robinson,0.8016091,0.19839089
Tyson Morris,0.8016091,0.19839089
Daniel Bellinger,0.8016091,0.19839089
Tyquan Thornton,0.8016091,0.19839089
Ty Fryfogle,0.8016091,0.19839089
Treylon Burks,0.8016091,0.19839089
Tre Turner,0.8016091,0.19839089
Slade Bolden,0.8016091,0.19839089
Skyy Moore,0.8016091,0.19839089
Samori Toure,0.8016091,0.19839089
Romeo Doubs,0.8016091,0.19839089
Cole Turner,0.8016091,0.19839089
Derrick Deese,0.8016091,0.19839089
Calvin Jackson,0.8016091,0.19839089
Ko Kieft,0.8016091,0.19839089
Trey McBride,0.8016091,0.19839089
Teagan Quitoriano,0.8016091,0.19839089
Stone Smartt,0.8016091,0.19839089
Seth Green,0.8016091,0.19839089
Rodney Williams,0.8016091,0.19839089
Peyton Hendershot,0.8016091,0.19839089
Nick Muse,0.8016091,0.19839089
Lucas Krull,0.8016091,0.19839089
John FitzPatrick,0.8016091,0.19839089
Gerrit Prince,0.8016091,0.19839089
Jeremy Ruckert,0.8016091,0.19839089
Jelani Woods,0.8016091,0.19839089
James Mitchell,0.8016091,0.19839089
Jalen Wydermyer,0.8016091,0.19839089
Jake Ferguson,0.8016091,0.19839089
Isaiah Likely,0.8016091,0.19839089
Greg Dulcich,0.8016091,0.19839089
Grant Calcaterra,0.8016091,0.19839089
Reggie Roberson,0.8016091,0.19839089
Montrell Washington,0.8016091,0.19839089
Mike Woods,0.8016091,0.19839089
Demetris Robertson,0.8016091,0.19839089
Isaiah Weston,0.8016091,0.19839089
George Pickens,0.8016091,0.19839089
Garrett Wilson,0.8016091,0.19839089
Erik Ezukanma,0.8016091,0.19839089
Emeka Emezie,0.8016091,0.19839089
Drake London,0.8016091,0.19839089
Dontario Drummond,0.8016091,0.19839089
Devon Williams,0.8016091,0.19839089
Dee Anderson,0.8016091,0.19839089
Mike Harley,0.8016091,0.19839089
David Bell,0.8016091,0.19839089
Dareke Young,0.8016091,0.19839089
Danny Gray,0.8016091,0.19839089
Dai'Jean Dixon,0.8016091,0.19839089
Dahu Green,0.8016091,0.19839089
Christian Watson,0.8016091,0.19839089
Chris Olave,0.8016091,0.19839089
Charleston Rambo,0.8016091,0.19839089
Jahan Dotson,0.8016091,0.19839089
Jaivon Heiligh,0.8016091,0.19839089
Jalen Nailor,0.8016091,0.19839089
Jalen Tolbert,0.8016091,0.19839089
Makai Polk,0.8016091,0.19839089
Luke Little,0.8016091,0.19839089
Kyle Philips,0.8016091,0.19839089
Khalil Shakir,0.8016091,0.19839089
Kevin Austin,0.8016091,0.19839089
Kendric Pryor,0.8016091,0.19839089
Keith Corbin,0.8016091,0.19839089
Kaylon Geiger,0.8016091,0.19839089
Justyn Ross,0.8016091,0.19839089
Josh Johnson,0.8016091,0.19839089
Johnny Johnson,0.8016091,0.19839089
John Metchie,0.8016091,0.19839089
Jerreth Sterns,0.8016091,0.19839089
Jequez Ezzard,0.8016091,0.19839089
Jaquarii Roberson,0.8016091,0.19839089
Jameson Williams,0.8016091,0.19839089
Jalen Virgil,0.8016091,0.19839089
Tre McKitty,0.8016091,0.19839089
Tony Moeaki,0.8016091,0.19839089
Dwayne Allen,0.8016091,0.19839089
James O'Shaughnessy,0.8016091,0.19839089
Jerell Adams,0.8016091,0.19839089
Jeff Heuerman,0.8016091,0.19839089
Jeff Cumberland,0.8016091,0.19839089
Je'Ron Hamm,0.8016091,0.19839089
Jason Witten,0.8016091,0.19839089
Jason Croom,0.8016091,0.19839089
Jared Pinkney,0.8016091,0.19839089
Jared Cook,0.8016091,0.19839089
James Hanna,0.8016091,0.19839089
Jermaine Gresham,0.8016091,0.19839089
James Casey,0.8016091,0.19839089
Jake Stoneburner,0.8016091,0.19839089
Jake Butt,0.8016091,0.19839089
Jaeden Graham,0.8016091,0.19839089
Jacob Tamme,0.8016091,0.19839089
Jacob Hollister,0.8016091,0.19839089
Jacob Harris,0.8016091,0.19839089
Jack Stoll,0.8016091,0.19839089
Jeremy Sprinkle,0.8016091,0.19839089
Jerome Cunningham,0.8016091,0.19839089
Josiah Deguara,0.8016091,0.19839089
Jordan Akins,0.8016091,0.19839089
Josh Hill,0.8016091,0.19839089
Joseph Fauria,0.8016091,0.19839089
Jordan Thomas,0.8016091,0.19839089
Jordan Reed,0.8016091,0.19839089
Jordan Matthews,0.8016091,0.19839089
Jordan Leggett,0.8016091,0.19839089
Jordan Franks,0.8016091,0.19839089
Jordan Cameron,0.8016091,0.19839089
Jonnu Smith,0.8016091,0.19839089
Jesper Horsted,0.8016091,0.19839089
Johnny Mundt,0.8016091,0.19839089
John Phillips,0.8016091,0.19839089
John Carlson,0.8016091,0.19839089
John Bates,0.8016091,0.19839089
Jody Fortson,0.8016091,0.19839089
Jimmy Graham,0.8016091,0.19839089
Jim Dray,0.8016091,0.19839089
Jesse James,0.8016091,0.19839089
Jack Doyle,0.8016091,0.19839089
Jace Sternberger,0.8016091,0.19839089
Jace Amaro,0.8016091,0.19839089
Foster Moreau,0.8016091,0.19839089
Geoff Swaim,0.8016091,0.19839089
Gavin Escobar,0.8016091,0.19839089
Gator Hoskins,0.8016091,0.19839089
Gary Barnidge,0.8016091,0.19839089
Garrett Griffin,0.8016091,0.19839089
Garrett Graham,0.8016091,0.19839089
Garrett Celek,0.8016091,0.19839089
Gabe Holmes,0.8016091,0.19839089
Evan Engram,0.8016091,0.19839089
J.P. Holtz,0.8016091,0.19839089
Evan Baylis,0.8016091,0.19839089
Ethan Wolf,0.8016091,0.19839089
Eric Tomlinson,0.8016091,0.19839089
Eric Saubert,0.8016091,0.19839089
Eric Ebron,0.8016091,0.19839089
Emanuel Byrd,0.8016091,0.19839089
Ed Dickson,0.8016091,0.19839089
E.J. Bibbs,0.8016091,0.19839089
Kenbrell Thompkins,0.8016091,0.19839089
Gerald Everett,0.8016091,0.19839089
Gerell Robinson,0.8016091,0.19839089
Greg Olsen,0.8016091,0.19839089
J.J. Arcega-Whiteside,0.8016091,0.19839089
Isaac Nauta,0.8016091,0.19839089
Irv Smith,0.8016091,0.19839089
Ifeanyi Momah,0.8016091,0.19839089
Ian Thomas,0.8016091,0.19839089
Ian Bunting,0.8016091,0.19839089
Hunter Long,0.8016091,0.19839089
Hunter Kampmoyer,0.8016091,0.19839089
Hunter Henry,0.8016091,0.19839089
Hunter Bryant,0.8016091,0.19839089
Henry Krieger-Coble,0.8016091,0.19839089
Heath Miller,0.8016091,0.19839089
Hayden Hurst,0.8016091,0.19839089
Harrison Bryant,0.8016091,0.19839089
Hale Hentges,0.8016091,0.19839089
Hakeem Valles,0.8016091,0.19839089
Hakeem Butler,0.8016091,0.19839089
Josh Oliver,0.8016091,0.19839089
Julius Thomas,0.8016091,0.19839089
Tommy Tremble,0.8016091,0.19839089
Orson Charles,0.8016091,0.19839089
Richard Rodgers,0.8016091,0.19839089
Rhett Ellison,0.8016091,0.19839089
Reggie Gilliam,0.8016091,0.19839089
Randall Telfer,0.8016091,0.19839089
Phillip Supernaw,0.8016091,0.19839089
Pharaoh Brown,0.8016091,0.19839089
Pat Freiermuth,0.8016091,0.19839089
Owen Daniels,0.8016091,0.19839089
O.J. Howard,0.8016091,0.19839089
Rob Housler,0.8016091,0.19839089
Noah Togiai,0.8016091,0.19839089
Noah Gray,0.8016091,0.19839089
Noah Fant,0.8016091,0.19839089
Niles Paul,0.8016091,0.19839089
Nick Vannett,0.8016091,0.19839089
Nick O'Leary,0.8016091,0.19839089
Nick Keizer,0.8016091,0.19839089
Nick Boyle,0.8016091,0.19839089
Ricky Seals-Jones,0.8016091,0.19839089
Robert Tonyan,0.8016091,0.19839089
Justin Perillo,0.8016091,0.19839089
Stephen Anderson,0.8016091,0.19839089
Tommy Sweeney,0.8016091,0.19839089
Tommy Stevens,0.8016091,0.19839089
Timothy Wright,0.8016091,0.19839089
Temarrick Hemingway,0.8016091,0.19839089
Taysom Hill,0.8016091,0.19839089
Tanner Hudson,0.8016091,0.19839089
Stephen Sullivan,0.8016091,0.19839089
Stephen Carlson,0.8016091,0.19839089
Seth Devalve,0.8016091,0.19839089
Ross Dwelley,0.8016091,0.19839089
Sean McKeon,0.8016091,0.19839089
Sean McGrath,0.8016091,0.19839089
Sean Culkin,0.8016091,0.19839089
Scott Simonson,0.8016091,0.19839089
Scott Chandler,0.8016091,0.19839089
Ryan Malleck,0.8016091,0.19839089
Ryan Izzo,0.8016091,0.19839089
Ryan Griffin,0.8016091,0.19839089
Nick Bowers,0.8016091,0.19839089
Nic Jacobs,0.8016091,0.19839089
Neal Sterling,0.8016091,0.19839089
Kylen Granson,0.8016091,0.19839089
Luke Stocker,0.8016091,0.19839089
Luke Farrell,0.8016091,0.19839089
Logan Paulsen,0.8016091,0.19839089
Levine Toilolo,0.8016091,0.19839089
Lee Smith,0.8016091,0.19839089
Larry Donnell,0.8016091,0.19839089
Lance Kendricks,0.8016091,0.19839089
Ladarius Green,0.8016091,0.19839089
Kyle Rudolph,0.8016091,0.19839089
Nate Becker,0.8016091,0.19839089
Khari Lee,0.8016091,0.19839089
Kevin Rader,0.8016091,0.19839089
Kenny Yeboah,0.8016091,0.19839089
Kendall Blanton,0.8016091,0.19839089
Kellen Davis,0.8016091,0.19839089
Kahale Warring,0.8016091,0.19839089
Kaden Smith,0.8016091,0.19839089
Juwan Johnson,0.8016091,0.19839089
Luke Willson,0.8016091,0.19839089
Marcedes Lewis,0.8016091,0.19839089
Marcel Jensen,0.8016091,0.19839089
Marcus Baugh,0.8016091,0.19839089
Mychal Rivera,0.8016091,0.19839089
MyCole Pruitt,0.8016091,0.19839089
Mitchell Wilcox,0.8016091,0.19839089
Miller Forristall,0.8016091,0.19839089
Mike Gesicki,0.8016091,0.19839089
Mickey Shuler,0.8016091,0.19839089
Michael Roberts,0.8016091,0.19839089
Michael Hoomanawanui,0.8016091,0.19839089
Maxx Williams,0.8016091,0.19839089
Matthew Mulligan,0.8016091,0.19839089
Matt Sokol,0.8016091,0.19839089
Matt Lengel,0.8016091,0.19839089
Matt LaCosse,0.8016091,0.19839089
Matt Flanagan,0.8016091,0.19839089
Matt Bushman,0.8016091,0.19839089
Mason Schreck,0.8016091,0.19839089
Martellus Bennett,0.8016091,0.19839089
Kendall Wright,0.8016091,0.19839089
Jordan Payton,0.8016091,0.19839089
Kelvin Harmon,0.8016091,0.19839089
Lamical Perine,0.8016091,0.19839089
LaMichael James,0.8016091,0.19839089
Kylin Hill,0.8016091,0.19839089
Kyle Juszczyk,0.8016091,0.19839089
Knowshon Moreno,0.8016091,0.19839089
Knile Davis,0.8016091,0.19839089
Khiry Robinson,0.8016091,0.19839089
Khari Blasingame,0.8016091,0.19839089
Khalil Herbert,0.8016091,0.19839089
Kerwynn Williams,0.8016091,0.19839089
Kerryon Johnson,0.8016091,0.19839089
Kerrith Whyte,0.8016091,0.19839089
Kenneth Gainwell,0.8016091,0.19839089
Kenneth Farrow,0.8016091,0.19839089
Kenneth Dixon,0.8016091,0.19839089
Kenjon Barner,0.8016091,0.19839089
Kene Nwangwu,0.8016091,0.19839089
Kendall Hunter,0.8016091,0.19839089
Lamar Miller,0.8016091,0.19839089
Lance Dunbar,0.8016091,0.19839089
Matt Asiata,0.8016091,0.19839089
Larry Rountree,0.8016091,0.19839089
Marquez Williams,0.8016091,0.19839089
Marlon Mack,0.8016091,0.19839089
Mark Walton,0.8016091,0.19839089
Mark Ingram,0.8016091,0.19839089
Marion Grice,0.8016091,0.19839089
Marcus Murphy,0.8016091,0.19839089
Marcel Reece,0.8016091,0.19839089
Malcolm Johnson,0.8016091,0.19839089
Malcolm Brown,0.8016091,0.19839089
Mack Brown,0.8016091,0.19839089
Lorenzo Taliaferro,0.8016091,0.19839089
Levante Bellamy,0.8016091,0.19839089
LeShun Daniels,0.8016091,0.19839089
LeSean McCoy,0.8016091,0.19839089
LeGarrette Blount,0.8016091,0.19839089
Le'Veon Bell,0.8016091,0.19839089
Latavius Murray,0.8016091,0.19839089
Kendall Gaskins,0.8016091,0.19839089
Keith Ford,0.8016091,0.19839089
Ke'Shawn Vaughn,0.8016091,0.19839089
Karlos Williams,0.8016091,0.19839089
Jonathan Williams,0.8016091,0.19839089
Jonathan Ward,0.8016091,0.19839089
Jonathan Stewart,0.8016091,0.19839089
Jonathan Grimes,0.8016091,0.19839089
Jonathan Dwyer,0.8016091,0.19839089
Jonas Gray,0.8016091,0.19839089
Jon Hilliman,0.8016091,0.19839089
Joique Bell,0.8016091,0.19839089
John Kuhn,0.8016091,0.19839089
John Kelly,0.8016091,0.19839089
John Crockett,0.8016091,0.19839089
Joey Iosefa,0.8016091,0.19839089
Joe Kerridge,0.8016091,0.19839089
Joe Banyard,0.8016091,0.19839089
Jermar Jefferson,0.8016091,0.19839089
Jeremy Stewart,0.8016091,0.19839089
Jeremy McNichols,0.8016091,0.19839089
Jordan Howard,0.8016091,0.19839089
Jordan Scarlett,0.8016091,0.19839089
Jordan Todman,0.8016091,0.19839089
Justice Hill,0.8016091,0.19839089
Kapri Bibbs,0.8016091,0.19839089
Kalen Ballage,0.8016091,0.19839089
Ka'Deem Carey,0.8016091,0.19839089
Juwan Thompson,0.8016091,0.19839089
Justin Jackson,0.8016091,0.19839089
Justin Forsett,0.8016091,0.19839089
Justin Davis,0.8016091,0.19839089
Joshua Kelley,0.8016091,0.19839089
Jordan Wilkins,0.8016091,0.19839089
Josh Robinson,0.8016091,0.19839089
Josh Johnson,0.8016091,0.19839089
Josh Johnson,0.8016091,0.19839089
Josh Harris,0.8016091,0.19839089
Josh Ferguson,0.8016091,0.19839089
Josh Adams,0.8016091,0.19839089
Joseph Randle,0.8016091,0.19839089
Marshawn Lynch,0.8016091,0.19839089
Matt Breida,0.8016091,0.19839089
Jeremy Hill,0.8016091,0.19839089
Shaun Draughn,0.8016091,0.19839089
Sewo Olonilua,0.8016091,0.19839089
Senorise Perry,0.8016091,0.19839089
Scottie Phillips,0.8016091,0.19839089
Samaje Perine,0.8016091,0.19839089
Salvon Ahmed,0.8016091,0.19839089
Ryquell Armstead,0.8016091,0.19839089
Ryan Nall,0.8016091,0.19839089
Ryan Mathews,0.8016091,0.19839089
Ryan Hewitt,0.8016091,0.19839089
Royce Freeman,0.8016091,0.19839089
Roy Helu,0.8016091,0.19839089
Ronnie Hillman,0.8016091,0.19839089
Ronald Jones,0.8016091,0.19839089
Rodney Smith,0.8016091,0.19839089
Rodney Smith,0.8016091,0.19839089
Rodney Smith,0.8016091,0.19839089
Rodney Smith,0.8016091,0.19839089
Shane Vereen,0.8016091,0.19839089
Shaun Wilson,0.8016091,0.19839089
Matt Forte,0.8016091,0.19839089
Shonn Greene,0.8016091,0.19839089
Terrance West,0.8016091,0.19839089
Tavon Austin,0.8016091,0.19839089
Tavien Feaster,0.8016091,0.19839089
Tauren Poole,0.8016091,0.19839089
Tarik Cohen,0.8016091,0.19839089
Taquan Mizzell,0.8016091,0.19839089
Taiwan Jones,0.8016091,0.19839089
T.J. Yeldon,0.8016091,0.19839089
T.J. Logan,0.8016091,0.19839089
Storm Johnson,0.8016091,0.19839089
Steven Jackson,0.8016091,0.19839089
Stevan Ridley,0.8016091,0.19839089
Stepfan Taylor,0.8016091,0.19839089
Spencer Ware,0.8016091,0.19839089
Spencer Brown,0.8016091,0.19839089
Sony Michel,0.8016091,0.19839089
Silas Redd,0.8016091,0.19839089
Rod Smith,0.8016091,0.19839089
Roc Thomas,0.8016091,0.19839089
Robert Turbin,0.8016091,0.19839089
Robert Hughes,0.8016091,0.19839089
Nathan Cottrell,0.8016091,0.19839089
Nate McCrary,0.8016091,0.19839089
Myles Gaskin,0.8016091,0.19839089
Montee Ball,0.8016091,0.19839089
Mike Tolbert,0.8016091,0.19839089
Mike James,0.8016091,0.19839089
Mike Gillislee,0.8016091,0.19839089
Mike Davis,0.8016091,0.19839089
Mike Davis,0.8016091,0.19839089
Mike Burton,0.8016091,0.19839089
Mike Boone,0.8016091,0.19839089
Michael Warren,0.8016091,0.19839089
Michael Cox,0.8016091,0.19839089
Mekhi Sargent,0.8016091,0.19839089
Maurice Jones-Drew,0.8016091,0.19839089
Matthew Dayes,0.8016091,0.19839089
Matt Jones,0.8016091,0.19839089
Nick Bawden,0.8016091,0.19839089
Nyheim Hines,0.8016091,0.19839089
Orleans Darkwa,0.8016091,0.19839089
Raheem Mostert,0.8016091,0.19839089
Rob Kelley,0.8016091,0.19839089
Rico Dowdle,0.8016091,0.19839089
Rhamondre Stevenson,0.8016091,0.19839089
Rex Burkhead,0.8016091,0.19839089
Reggie Bonnafon,0.8016091,0.19839089
Raymond Calais,0.8016091,0.19839089
Rashad Jennings,0.8016091,0.19839089
Qadree Ollison,0.8016091,0.19839089
Patrick DiMarco,0.8016091,0.19839089
Pierre Thomas,0.8016091,0.19839089
Phillip Lindsay,0.8016091,0.19839089
Peyton Hillis,0.8016091,0.19839089
Peyton Barber,0.8016091,0.19839089
Paul Perkins,0.8016091,0.19839089
Patrick Taylor,0.8016091,0.19839089
Patrick Laird,0.8016091,0.19839089
Jeremy Langford,0.8016091,0.19839089
Jeremy Cox,0.8016091,0.19839089
Terrence Magee,0.8016091,0.19839089
Chris Thompson,0.8016091,0.19839089
Chris Ogbonnaya,0.8016091,0.19839089
Chris Johnson,0.8016091,0.19839089
Chris Ivory,0.8016091,0.19839089
Chris Evans,0.8016091,0.19839089
Charles Sims,0.8016091,0.19839089
Charcandrick West,0.8016091,0.19839089
Cedric Peerman,0.8016091,0.19839089
Carlos Hyde,0.8016091,0.19839089
Cameron Artis-Payne,0.8016091,0.19839089
Cam Akers,0.8016091,0.19839089
C.J. Spiller,0.8016091,0.19839089
C.J. Prosise,0.8016091,0.19839089
C.J. Ham,0.8016091,0.19839089
C.J. Anderson,0.8016091,0.19839089
Byron Marshall,0.8016091,0.19839089
Buddy Howell,0.8016091,0.19839089
Bryce Brown,0.8016091,0.19839089
Chris Polk,0.8016091,0.19839089
Christine Michael,0.8016091,0.19839089
Darius Jackson,0.8016091,0.19839089
Chuba Hubbard,0.8016091,0.19839089
Dare Ogunbowale,0.8016091,0.19839089
Danny Woodhead,0.8016091,0.19839089
Daniel Thomas,0.8016091,0.19839089
Daniel Lasco,0.8016091,0.19839089
Dan Vitale,0.8016091,0.19839089
Dan Herron,0.8016091,0.19839089
Damien Williams,0.8016091,0.19839089
Damarea Crockett,0.8016091,0.19839089
Dalyn Dawkins,0.8016091,0.19839089
D.J. Foster,0.8016091,0.19839089
D'Onta Foreman,0.8016091,0.19839089
D'Ernest Johnson,0.8016091,0.19839089
Cyrus Gray,0.8016091,0.19839089
Craig Reynolds,0.8016091,0.19839089
Corey Grant,0.8016091,0.19839089
Corey Clement,0.8016091,0.19839089
Cierre Wood,0.8016091,0.19839089
Bronson Hill,0.8016091,0.19839089
Brian Hill,0.8016091,0.19839089
Brandon Wilds,0.8016091,0.19839089
Brandon Burks,0.8016091,0.19839089
Anthony Dixon,0.8016091,0.19839089
Andy Janovich,0.8016091,0.19839089
Andre Williams,0.8016091,0.19839089
Andre Ellington,0.8016091,0.19839089
Ameer Abdullah,0.8016091,0.19839089
Alonzo Harris,0.8016091,0.19839089
Alfred Morris,0.8016091,0.19839089
Alfred Blue,0.8016091,0.19839089
Alfonso Smith,0.8016091,0.19839089
Alexander Mattison,0.8016091,0.19839089
Alex Collins,0.8016091,0.19839089
Alex Armah,0.8016091,0.19839089
Alec Ingold,0.8016091,0.19839089
Akeem Hunt,0.8016091,0.19839089
Ahmad Bradshaw,0.8016091,0.19839089
Adrian Peterson,0.8016091,0.19839089
Aaron Ripkowski,0.8016091,0.19839089
Anthony McFarland,0.8016091,0.19839089
Anthony Sherman,0.8016091,0.19839089
Antone Smith,0.8016091,0.19839089
Bilal Powell,0.8016091,0.19839089
Brandon Bolden,0.8016091,0.19839089
Branden Oliver,0.8016091,0.19839089
Bralon Addison,0.8016091,0.19839089
Boston Scott,0.8016091,0.19839089
Bobby Rainey,0.8016091,0.19839089
Bo Scarbrough,0.8016091,0.19839089
Bishop Sankey,0.8016091,0.19839089
Bernard Pierce,0.8016091,0.19839089
Antonio Andrews,0.8016091,0.19839089
Benny Snell,0.8016091,0.19839089
Benny Cunningham,0.8016091,0.19839089
Ben Tate,0.8016091,0.19839089
Austin Walter,0.8016091,0.19839089
Austin Johnson,0.8016091,0.19839089
Artavis Pierce,0.8016091,0.19839089
Arian Foster,0.8016091,0.19839089
Darius Bradwell,0.8016091,0.19839089
Darren Sproles,0.8016091,0.19839089
Jeff Wilson,0.8016091,0.19839089
Jackie Battle,0.8016091,0.19839089
JaMycal Hasty,0.8016091,0.19839089
J.K. Dobbins,0.8016091,0.19839089
J.J. Taylor,0.8016091,0.19839089
Ito Smith,0.8016091,0.19839089
Isaiah Pead,0.8016091,0.19839089
Isaiah Crowell,0.8016091,0.19839089
Gus Edwards,0.8016091,0.19839089
Glenn Winston,0.8016091,0.19839089
Giovani Bernard,0.8016091,0.19839089
George Winn,0.8016091,0.19839089
George Farmer,0.8016091,0.19839089
George Atkinson III,0.8016091,0.19839089
Gary Brightwell,0.8016091,0.19839089
Gabe Nabers,0.8016091,0.19839089
Fred Jackson,0.8016091,0.19839089
Frank Gore,0.8016091,0.19839089
Fozzy Whittaker,0.8016091,0.19839089
JaQuan Hardy,0.8016091,0.19839089
Jacques Patrick,0.8016091,0.19839089
Darrin Reaves,0.8016091,0.19839089
Jacquizz Rodgers,0.8016091,0.19839089
Jaylen Samuels,0.8016091,0.19839089
Jay Prosch,0.8016091,0.19839089
Jay Ajayi,0.8016091,0.19839089
Javorius Allen,0.8016091,0.19839089
Javon Leake,0.8016091,0.19839089
Jason Huntley,0.8016091,0.19839089
Jaret Patterson,0.8016091,0.19839089
Jamize Olawale,0.8016091,0.19839089
James White,0.8016091,0.19839089
James Starks,0.8016091,0.19839089
Jamaal Williams,0.8016091,0.19839089
Jamaal Charles,0.8016091,0.19839089
Jalston Fowler,0.8016091,0.19839089
Jalen Richard,0.8016091,0.19839089
Jalen Parmele,0.8016091,0.19839089
Jakob Johnson,0.8016091,0.19839089
Jake Funk,0.8016091,0.19839089
Fitzgerald Toussaint,0.8016091,0.19839089
Eno Benjamin,0.8016091,0.19839089
Elijhaa Penny,0.8016091,0.19839089
Elijah McGuire,0.8016091,0.19839089
Derrick Coleman,0.8016091,0.19839089
Derek Watt,0.8016091,0.19839089
Deon Jackson,0.8016091,0.19839089
DeeJay Dallas,0.8016091,0.19839089
DeMarco Murray,0.8016091,0.19839089
DeAngelo Williams,0.8016091,0.19839089
DeAndre Washington,0.8016091,0.19839089
De'Veon Smith,0.8016091,0.19839089
De'Lance Turner,0.8016091,0.19839089
De'Angelo Henderson,0.8016091,0.19839089
David Williams,0.8016091,0.19839089
David Johnson,0.8016091,0.19839089
David Fluellen,0.8016091,0.19839089
David Cobb,0.8016091,0.19839089
Daryl Richardson,0.8016091,0.19839089
Darwin Thompson,0.8016091,0.19839089
Darrynton Evans,0.8016091,0.19839089
Derrick Gore,0.8016091,0.19839089
Derrius Guice,0.8016091,0.19839089
Detrez Newsome,0.8016091,0.19839089
Dontrell Hilliard,0.8016091,0.19839089
Elijah Holyfield,0.8016091,0.19839089
Edwin Baker,0.8016091,0.19839089
Eddie Lacy,0.8016091,0.19839089
Dwayne Washington,0.8016091,0.19839089
DuJuan Harris,0.8016091,0.19839089
Dri Archer,0.8016091,0.19839089
Doug Martin,0.8016091,0.19839089
Donald Brown,0.8016091,0.19839089
Devante Mays,0.8016091,0.19839089
Don Jackson,0.8016091,0.19839089
Dion Lewis,0.8016091,0.19839089
Dexter Williams,0.8016091,0.19839089
Dexter McCluster,0.8016091,0.19839089
Devontae Booker,0.8016091,0.19839089
Devonta Freeman,0.8016091,0.19839089
Devine Ozigbo,0.8016091,0.19839089
Terrell Watson,0.8016091,0.19839089
Terron Ward,0.8016091,0.19839089
Kelvin Benjamin,0.8016091,0.19839089
Harry Douglas,0.8016091,0.19839089
Griff Whalen,0.8016091,0.19839089
Greg Ward,0.8016091,0.19839089
Greg Salas,0.8016091,0.19839089
Greg Little,0.8016091,0.19839089
Greg Jennings,0.8016091,0.19839089
Greg Dortch,0.8016091,0.19839089
Golden Tate,0.8016091,0.19839089
Geronimo Allison,0.8016091,0.19839089
Geremy Davis,0.8016091,0.19839089
Gehrig Dieter,0.8016091,0.19839089
Gabriel Davis,0.8016091,0.19839089
Freddie Swain,0.8016091,0.19839089
Freddie Martino,0.8016091,0.19839089
Fred Brown,0.8016091,0.19839089
Frankie Hammond,0.8016091,0.19839089
Frank Darby,0.8016091,0.19839089
Eric Weems,0.8016091,0.19839089
Hakeem Nicks,0.8016091,0.19839089
Hunter Sharp,0.8016091,0.19839089
Jalen Camp,0.8016091,0.19839089
Ihmir Smith-Marsette,0.8016091,0.19839089
Jakobi Meyers,0.8016091,0.19839089
Jakeem Grant,0.8016091,0.19839089
Jake Kumerow,0.8016091,0.19839089
Jaelon Darden,0.8016091,0.19839089
Jaelen Strong,0.8016091,0.19839089
Ja'Marcus Bradley,0.8016091,0.19839089
J.J. Jones,0.8016091,0.19839089
J'Mon Moore,0.8016091,0.19839089
Ishmael Hyman,0.8016091,0.19839089
Isaiah Zuber,0.8016091,0.19839089
Isaiah Wright,0.8016091,0.19839089
Isaiah McKenzie,0.8016091,0.19839089
Isaiah Hodgins,0.8016091,0.19839089
Isaiah Ford,0.8016091,0.19839089
Isaiah Coulter,0.8016091,0.19839089
Isaiah Burse,0.8016091,0.19839089
Isaac Whitney,0.8016091,0.19839089
Eric Decker,0.8016091,0.19839089
Equanimeous St. Brown,0.8016091,0.19839089
Emmanuel Sanders,0.8016091,0.19839089
Eli Rogers,0.8016091,0.19839089
Devin Street,0.8016091,0.19839089
Devin Smith,0.8016091,0.19839089
Devin Funchess,0.8016091,0.19839089
Devin Duvernay,0.8016091,0.19839089
Derrick Willies,0.8016091,0.19839089
Derek Hagan,0.8016091,0.19839089
Deonte Thompson,0.8016091,0.19839089
Deontay Burnett,0.8016091,0.19839089
Deon Cain,0.8016091,0.19839089
Denzel Mims,0.8016091,0.19839089
Denarius Moore,0.8016091,0.19839089
Demetric Felton,0.8016091,0.19839089
Demaryius Thomas,0.8016091,0.19839089
Demarcus Robinson,0.8016091,0.19839089
Demarcus Ayers,0.8016091,0.19839089
Dede Westbrook,0.8016091,0.19839089
DeVier Posey,0.8016091,0.19839089
Devonta Smith,0.8016091,0.19839089
Dez Bryant,0.8016091,0.19839089
Dez Fitzpatrick,0.8016091,0.19839089
Dorial Green-Beckham,0.8016091,0.19839089
Eddie Royal,0.8016091,0.19839089
Ed Eagan,0.8016091,0.19839089
Dyami Brown,0.8016091,0.19839089
Dwayne Harris,0.8016091,0.19839089
Dwayne Bowe,0.8016091,0.19839089
Duke Williams,0.8016091,0.19839089
Doug Baldwin,0.8016091,0.19839089
Dontrelle Inman,0.8016091,0.19839089
Dezmin Lewis,0.8016091,0.19839089
Donteea Dye,0.8016091,0.19839089
Donte Moncrief,0.8016091,0.19839089
Donovan Peoples-Jones,0.8016091,0.19839089
Donnie Avery,0.8016091,0.19839089
Diontae Spencer,0.8016091,0.19839089
Dillon Stoner,0.8016091,0.19839089
Dezmon Patmon,0.8016091,0.19839089
Jaleel Scott,0.8016091,0.19839089
Jalen Guyton,0.8016091,0.19839089
DeMichael Harris,0.8016091,0.19839089
Justin Brown,0.8016091,0.19839089
JuWann Winfree,0.8016091,0.19839089
JuJu Smith-Schuster,0.8016091,0.19839089
Josh Reynolds,0.8016091,0.19839089
Josh Palmer,0.8016091,0.19839089
Josh Morgan,0.8016091,0.19839089
Josh Malone,0.8016091,0.19839089
Josh Huff,0.8016091,0.19839089
Josh Gordon,0.8016091,0.19839089
Josh Doctson,0.8016091,0.19839089
Josh Bellamy,0.8016091,0.19839089
Jordy Nelson,0.8016091,0.19839089
Jordan Veasy,0.8016091,0.19839089
Jordan Taylor,0.8016091,0.19839089
Jordan Norwood,0.8016091,0.19839089
Jordan Leslie,0.8016091,0.19839089
Jonathan Krause,0.8016091,0.19839089
Johnny Holton,0.8016091,0.19839089
Junior Hemingway,0.8016091,0.19839089
Justin Hardy,0.8016091,0.19839089
Jalen Reagor,0.8016091,0.19839089
Justin Hunter,0.8016091,0.19839089
Keke Coutee,0.8016091,0.19839089
Keith Mumphery,0.8016091,0.19839089
Keith Kirkwood,0.8016091,0.19839089
Keelan Doss,0.8016091,0.19839089
Keelan Cole,0.8016091,0.19839089
KeeSean Johnson,0.8016091,0.19839089
Kawaan Baker,0.8016091,0.19839089
Kasen Williams,0.8016091,0.19839089
Kamar Aiken,0.8016091,0.19839089
Kalif Raymond,0.8016091,0.19839089
Kaelin Clay,0.8016091,0.19839089
Kadarius Toney,0.8016091,0.19839089
K.J. Osborn,0.8016091,0.19839089
K.J. Hill,0.8016091,0.19839089
K.J. Hamler,0.8016091,0.19839089
K.J. Brent,0.8016091,0.19839089
Justin Watson,0.8016091,0.19839089
John Ursua,0.8016091,0.19839089
John Ross,0.8016091,0.19839089
John Hightower,0.8016091,0.19839089
John Brown,0.8016091,0.19839089
Javon Wims,0.8016091,0.19839089
Jauan Jennings,0.8016091,0.19839089
Jason Moore,0.8016091,0.19839089
Jason Avant,0.8016091,0.19839089
Jarrett Boykin,0.8016091,0.19839089
Jaron Brown,0.8016091,0.19839089
Jarius Wright,0.8016091,0.19839089
Jared Abbrederis,0.8016091,0.19839089
Janarion Grant,0.8016091,0.19839089
Jamison Crowder,0.8016091,0.19839089
James Wright,0.8016091,0.19839089
James Washington,0.8016091,0.19839089
James Proche,0.8016091,0.19839089
James Jones,0.8016091,0.19839089
Jalin Marshall,0.8016091,0.19839089
Jalen Tolliver,0.8016091,0.19839089
Jalen Saunders,0.8016091,0.19839089
Javontee Herndon,0.8016091,0.19839089
Jawill Davis,0.8016091,0.19839089
Jaydon Mickens,0.8016091,0.19839089
Jermaine Kearse,0.8016091,0.19839089
Joe Reed,0.8016091,0.19839089
Joe Morgan,0.8016091,0.19839089
JoJo Natson,0.8016091,0.19839089
Jerry Jeudy,0.8016091,0.19839089
Jerricho Cotchery,0.8016091,0.19839089
Jerrel Jernigan,0.8016091,0.19839089
Jerome Simpson,0.8016091,0.19839089
Jeremy Ross,0.8016091,0.19839089
Jeff Badet,0.8016091,0.19839089
Jeremy Maclin,0.8016091,0.19839089
Jeremy Kerley,0.8016091,0.19839089
Jeremy Butler,0.8016091,0.19839089
Jehu Chesson,0.8016091,0.19839089
Jeff Smith,0.8016091,0.19839089
Jeff Maehl,0.8016091,0.19839089
Jeff Janis,0.8016091,0.19839089
DeSean Jackson,0.8016091,0.19839089
DeAndrew White,0.8016091,0.19839089
Tevin Coleman,0.8016091,0.19839089
Anquan Boldin,0.8016091,0.19839089
Andy Isabella,0.8016091,0.19839089
Andrew Hawkins,0.8016091,0.19839089
Andre Roberts,0.8016091,0.19839089
Andre Patton,0.8016091,0.19839089
Andre Holmes,0.8016091,0.19839089
Andre Caldwell,0.8016091,0.19839089
Amari Rodgers,0.8016091,0.19839089
Amara Darboh,0.8016091,0.19839089
Alshon Jeffery,0.8016091,0.19839089
Allen Lazard,0.8016091,0.19839089
Allen Hurns,0.8016091,0.19839089
Alexander Hollins,0.8016091,0.19839089
Alex Erickson,0.8016091,0.19839089
Alex Bachman,0.8016091,0.19839089
Aldrick Robinson,0.8016091,0.19839089
Albert Wilson,0.8016091,0.19839089
Adam Humphries,0.8016091,0.19839089
Andy Jones,0.8016091,0.19839089
Anthony Miller,0.8016091,0.19839089
Brandon LaFell,0.8016091,0.19839089
Anthony Schwartz,0.8016091,0.19839089
Brandon Coleman,0.8016091,0.19839089
Bradley Marquez,0.8016091,0.19839089
Bobo Wilson,0.8016091,0.19839089
Bernard Reedy,0.8016091,0.19839089
Bennie Fowler,0.8016091,0.19839089
Ben Skowronek,0.8016091,0.19839089
Ben Edwards,0.8016091,0.19839089
Austin Pettis,0.8016091,0.19839089
Austin Mack,0.8016091,0.19839089
Austin Carr,0.8016091,0.19839089
Auden Tate,0.8016091,0.19839089
Ashton Dulin,0.8016091,0.19839089
Arrelious Benn,0.8016091,0.19839089
ArDarius Stewart,0.8016091,0.19839089
Antonio Gandy-Golden,0.8016091,0.19839089
Antonio Callaway,0.8016091,0.19839089
Antoine Wesley,0.8016091,0.19839089
Ace Sanders,0.8016091,0.19839089
Aaron Parker,0.8016091,0.19839089
Aaron Fuller,0.8016091,0.19839089
Aaron Dobson,0.8016091,0.19839089
Trey Edmunds,0.8016091,0.19839089
Trenton Cannon,0.8016091,0.19839089
Tre Mason,0.8016091,0.19839089
Tre Madden,0.8016091,0.19839089
Trayveon Williams,0.8016091,0.19839089
Travis Homer,0.8016091,0.19839089
Travaris Cadet,0.8016091,0.19839089
Tra Carson,0.8016091,0.19839089
Tony Pollard,0.8016091,0.19839089
Tony Jones,0.8016091,0.19839089
Tony Brooks-James,0.8016091,0.19839089
Tommy Bohanon,0.8016091,0.19839089
Toby Gerhart,0.8016091,0.19839089
Tion Green,0.8016091,0.19839089
Tim Hightower,0.8016091,0.19839089
Thomas Rawls,0.8016091,0.19839089
Theo Riddick,0.8016091,0.19839089
Trey Ragas,0.8016091,0.19839089
Trey Sermon,0.8016091,0.19839089
Trey Watts,0.8016091,0.19839089
Xavier Jones,0.8016091,0.19839089
Aaron Burbridge,0.8016091,0.19839089
A.J. Jenkins,0.8016091,0.19839089
Zurlon Tipton,0.8016091,0.19839089
Zack Moss,0.8016091,0.19839089
Zach Zenner,0.8016091,0.19839089
Zach Line,0.8016091,0.19839089
Zac Stacy,0.8016091,0.19839089
Wendell Smallwood,0.8016091,0.19839089
Trey Williams,0.8016091,0.19839089
Wayne Gallman,0.8016091,0.19839089
Tyler Varga,0.8016091,0.19839089
Tyler Ervin,0.8016091,0.19839089
Ty'Son Williams,0.8016091,0.19839089
Ty Montgomery,0.8016091,0.19839089
Ty Johnson,0.8016091,0.19839089
Troymaine Pope,0.8016091,0.19839089
Brandon Gibson,0.8016091,0.19839089
Brandon Lloyd,0.8016091,0.19839089
DeAndre Smelter,0.8016091,0.19839089
Damion Ratley,0.8016091,0.19839089
Damaris Johnson,0.8016091,0.19839089
DaeSean Hamilton,0.8016091,0.19839089
Da'Mari Scott,0.8016091,0.19839089
D.J. Montgomery,0.8016091,0.19839089
D.J. Chark,0.8016091,0.19839089
D'Wayne Eskridge,0.8016091,0.19839089
Curtis Samuel,0.8016091,0.19839089
Courtney Roby,0.8016091,0.19839089
Courtland Sutton,0.8016091,0.19839089
Corey Washington,0.8016091,0.19839089
Corey Coleman,0.8016091,0.19839089
Corey Brown,0.8016091,0.19839089
Collin Johnson,0.8016091,0.19839089
Cole Beasley,0.8016091,0.19839089
Cody Thompson,0.8016091,0.19839089
Cody Latimer,0.8016091,0.19839089
Cody Hollister,0.8016091,0.19839089
Damiere Byrd,0.8016091,0.19839089
Damion Willis,0.8016091,0.19839089
Brandon Marshall,0.8016091,0.19839089
Dane Sanzenbacher,0.8016091,0.19839089
DeAndre Carter,0.8016091,0.19839089
Dazz Newsome,0.8016091,0.19839089
Dax Milne,0.8016091,0.19839089
Davion Davis,0.8016091,0.19839089
David Sills,0.8016091,0.19839089
David Nelson,0.8016091,0.19839089
David Moore,0.8016091,0.19839089
Daurice Fountain,0.8016091,0.19839089
Darvin Kidsy,0.8016091,0.19839089
Darrius Shepherd,0.8016091,0.19839089
Darrius Heyward-Bey,0.8016091,0.19839089
Darius Slayton,0.8016091,0.19839089
Darius Powe,0.8016091,0.19839089
Darius Jennings,0.8016091,0.19839089
Dante Pettis,0.8016091,0.19839089
Danny Amendola,0.8016091,0.19839089
Daniel Braverman,0.8016091,0.19839089
Cody Core,0.8016091,0.19839089
Cobi Hamilton,0.8016091,0.19839089
Christian Blake,0.8016091,0.19839089
Chris Owusu,0.8016091,0.19839089
Bryce Treggs,0.8016091,0.19839089
Bryan Walters,0.8016091,0.19839089
Bryan Edwards,0.8016091,0.19839089
Bruce Ellington,0.8016091,0.19839089
Brittan Golden,0.8016091,0.19839089
Brice Butler,0.8016091,0.19839089
Brian Tyms,0.8016091,0.19839089
Brian Quick,0.8016091,0.19839089
Brian Hartline,0.8016091,0.19839089
Breshad Perriman,0.8016091,0.19839089
Brenton Bersin,0.8016091,0.19839089
Brendan Langley,0.8016091,0.19839089
Braxton Miller,0.8016091,0.19839089
Braxton Berrios,0.8016091,0.19839089
Brandon Zylstra,0.8016091,0.19839089
Brandon Tate,0.8016091,0.19839089
Brandon Powell,0.8016091,0.19839089
Byron Pringle,0.8016091,0.19839089
C.J. Board,0.8016091,0.19839089
Cam Phillips,0.8016091,0.19839089
Chester Rogers,0.8016091,0.19839089
Chris Moore,0.8016091,0.19839089
Chris Matthews,0.8016091,0.19839089
Chris Lacy,0.8016091,0.19839089
Chris Hogan,0.8016091,0.19839089
Chris Harper,0.8016091,0.19839089
Chris Givens,0.8016091,0.19839089
Chris Conley,0.8016091,0.19839089
Charone Peake,0.8016091,0.19839089
Cam Sims,0.8016091,0.19839089
Charles Johnson,0.8016091,0.19839089
Chad Williams,0.8016091,0.19839089
Chad Hansen,0.8016091,0.19839089
Chad Beebe,0.8016091,0.19839089
Cecil Shorts,0.8016091,0.19839089
Cameron Meredith,0.8016091,0.19839089
Cameron Batson,0.8016091,0.19839089
Travis Etienne,0.8016091,0.19839089
