,y,starter,age,max_pts,last_pts,3_yr_trail_avg_fppg,hit_rate,Draft Pick,breakout_age,konami,supporting_cast,games_played_rate
0,0,0,26.7,57.4,,8.2,0.0,5.24,21.0,0.0,1.2083442485,0.4375
1,0,1,33.5,382.4,382.4,21.666666666666668,1.0,1.24,19.8,0.14583333333333334,1.0035154178999999,1.0
2,0,1,33.1,273.6,228.0,15.800000000000002,0.0,1.01,19.3,0.17499999999999996,1.1441696867,0.9583333333333334
3,0,1,29.6,268.8,268.8,17.03333333333333,0.0,2.03,20.9,0.2435897435897436,1.2083442485,0.9375
4,0,0,28.0,117.0,,10.2,0.0,,21.3,0.0,0.277540434,0.375
5,0,1,35.3,305.6,259.0,18.866666666666667,0.3333333333333333,1.11,19.5,0.023809523809523808,1.9794076242,0.875
6,0,0,27.6,136.8,78.6,12.066666666666668,0.0,1.1,19.9,0.15277777777777776,1.028203938,0.3125
7,0,1,25.4,332.8,281.6,17.166666666666668,0.3333333333333333,1.03,20.7,0.10416666666666667,1.106448229,0.9583333333333334
8,0,0,24.0,-0.4,-0.4,-0.1,0.0,5.11,19.2,0.0,1.0035154178999999,0.25
9,0,1,31.6,173.8,79.8,13.733333333333334,0.0,,,0.0,1.0529708056,0.6458333333333334
10,0,0,26.5,184.5,184.5,9.700000000000001,0.0,2.25,20.8,0.0861111111111111,0.8033221049,0.5625
11,0,0,26.0,37.2,37.2,6.2,0.0,4.04,22.3,0.0,0.2662623675,0.375
12,0,0,23.5,,,,,3.4,21.8,,0.0947646483,
13,1,1,28.1,398.4,264.0,20.333333333333332,0.3333333333333333,1.01,21.3,0.4384920634920635,0.5719568341,0.9375
14,0,1,37.4,320.0,250.5,18.166666666666668,0.3333333333333333,1.01,22.7,0.020833333333333332,1.028203938,0.7708333333333334
15,0,1,24.4,222.4,222.4,13.9,0.0,1.02,21.7,0.125,0.8253748931,1.0
16,0,1,29.299999999999997,122.0,122.0,11.199999999999998,0.0,,19.6,0.03333333333333333,0.9336590863,0.3541666666666667
17,0,0,31.9,162.0,-0.2,7.000000000000001,0.0,2.26,20.2,0.0,1.106448229,0.3958333333333333
18,0,0,30.700000000000003,11.8,0.6,2.1666666666666665,0.0,,19.9,0.0,1.874284162,0.10416666666666667
19,0,0,24.1,77.4,77.4,8.6,0.0,3.31,20.3,0.0,0.3425393674,0.5625
20,0,0,23.5,,,,,,20.8,,1.272160383,
21,0,1,23.8,291.2,291.2,18.2,0.0,4.37,20.1,0.375,1.272160383,1.0
22,0,0,26.7,0.9,0.9,0.9,0.0,6.07,21.9,0.0,0.7199928405,0.0625
23,0,1,21.4,,,,,2.2,19.7,,0.3425393674,
24,0,0,34.0,50.5,19.5,4.8,0.0,6.39,19.2,0.0,0.5719568341,0.2708333333333333
25,0,1,26.2,284.8,264.0,16.066666666666666,0.0,2.04,20.4,0.0,0.34877035840000004,0.9791666666666666
26,0,1,21.7,,,,,1.12,20.0,,0.7287257937999999,
27,0,1,38.4,347.2,347.2,20.933333333333334,1.0,2.01,19.6,0.08472222222222221,1.874284162,0.9791666666666666
28,0,0,33.1,98.1,12.5,4.5,0.0,2.11,20.3,0.0,1.028203938,0.4166666666666667
29,0,0,27.200000000000003,61.6,5.5,9.0,0.0,1.16,21.5,0.16666666666666666,0.34877035840000004,0.2708333333333333
30,0,1,36.4,300.8,240.0,17.166666666666668,0.3333333333333333,1.01,20.7,0.020833333333333332,0.84989761,1.0
31,0,0,26.7,163.8,9.0,12.4,0.0,2.07,19.9,0.023809523809523808,0.84989761,0.3541666666666667
32,0,1,24.5,28.2,28.2,9.4,0.0,3.29,21.7,0.3333333333333333,0.3953166294,0.1875
33,0,0,24.4,,,,,6.16,20.6,,0.425421046,
34,0,1,23.4,286.4,268.8,17.35,0.0,1.01,19.7,0.21875,0.7543707696999999,1.0
35,0,1,22.6,60.2,60.2,8.6,0.0,1.01,18.9,0.14285714285714285,0.823807037,0.4375
36,0,1,34.1,265.5,52.0,14.6,0.0,1.11,20.4,0.06666666666666667,0.7199928405,0.7291666666666666
37,0,0,25.6,34.8,34.8,2.6999999999999997,0.0,2.3,19.8,0.0,1.0529708056,0.3125
38,0,0,24.0,,,,,,,,1.0035154178999999,
39,0,1,32.4,275.2,249.6,16.666666666666668,0.0,1.18,21.6,0.18333333333333335,0.3353696014,0.875
40,0,0,30.6,1.6,0.4,0.5666666666666668,0.0,6.3,21.8,0.0,1.044655412,0.14583333333333334
41,0,1,37.9,140.8,56.0,13.5,0.0,3.16,,0.13257575757575757,0.2662623675,0.5
42,0,0,34.0,6.4,-0.1,1.1666666666666667,0.0,2.17,22.3,0.0,1.732971184,0.08333333333333333
43,0,0,24.6,18.6,18.6,6.2,0.0,5.25,20.9,0.3333333333333333,0.3425393674,0.1875
44,0,1,28.799999999999997,312.0,312.0,18.166666666666668,0.6666666666666666,4.07,21.0,0.1875,0.384924301,0.7916666666666666
45,0,0,28.200000000000003,35.7,35.7,4.4,0.0,4.18,21.4,0.0,1.9794076242,0.4375
46,0,1,23.6,268.5,268.5,17.85,0.0,1.02,18.9,0.15,1.149503421,0.84375
47,0,0,35.1,72.0,17.6,7.433333333333333,0.0,7.16,,0.0,1.149503421,0.3125
48,0,0,32.8,57.6,57.6,5.033333333333333,0.0,,22.1,0.0,1.1441696867,0.14583333333333334
49,0,1,32.1,350.4,350.4,18.633333333333333,0.3333333333333333,1.03,20.3,0.0,1.238299979,1.0
50,0,1,29.299999999999997,302.4,288.0,17.733333333333334,0.3333333333333333,1.01,19.6,0.10416666666666667,0.425421046,1.0
51,0,0,27.5,166.4,7.0,11.9,0.0,3.11,21.7,0.0,0.382557265,0.4166666666666667
52,0,1,22.8,,,,,1.02,22.0,,0.382557265,
53,0,0,23.7,,,,,6.12,19.9,,0.8253748931,
54,0,0,23.1,,,,,5.28,21.3,,1.044655412,
55,0,0,28.4,129.6,28.0,13.233333333333334,0.0,3.25,20.6,0.030303030303030304,0.8253748931,0.4375
56,0,0,21.7,,,,,1.1,19.0,,1.1441696867,
57,0,0,23.3,29.4,29.4,9.8,0.0,1.26,20.6,0.0,0.8033221049,0.1875
58,0,1,35.5,292.8,280.0,17.833333333333332,0.0,1.04,18.7,0.0,1.732971184,1.0
59,1,1,28.5,344.0,275.2,19.866666666666664,0.6666666666666666,3.12,19.8,0.16666666666666666,0.277540434,1.0
60,0,0,34.5,300.8,154.0,15.133333333333333,0.3333333333333333,7.36,20.8,0.09722222222222221,0.7543707696999999,0.875
61,0,0,29.0,74.9,-0.4,5.966666666666666,0.0,3.1,21.3,0.047619047619047616,0.3353696014,0.2916666666666667
62,0,0,29.6,226.5,226.5,15.0,0.0,1.01,19.8,0.0,0.9336590863,0.90625
63,0,0,29.799999999999997,11.0,11.0,2.7,0.0,,22.0,0.0,0.3953166294,0.125
64,0,0,25.1,1.2,-0.3,0.44999999999999996,0.0,3.25,20.4,0.0,0.823807037,0.0625
65,0,0,30.0,24.0,,3.8,0.0,5.21,23.3,0.0,1.044655412,0.15625
66,0,0,24.2,,,,,,19.5,,1.0529708056,
67,0,0,24.6,208.0,,13.7,0.0,1.32,18.8,0.13221153846153846,0.9336590863,0.90625
68,0,1,39.8,352.0,258.0,20.466666666666665,0.3333333333333333,6.33,21.1,0.0625,1.0529708056,0.9166666666666666
69,0,0,27.1,17.7,17.7,3.3000000000000003,0.0,4.35,23.4,0.0,0.7287257937999999,0.15625
70,0,1,25.4,196.0,196.0,6.95,0.0,,21.7,0.0,0.8033221049,0.46875
71,0,0,25.4,,,,,,18.7,,1.1441696867,
72,0,1,27.799999999999997,274.4,273.0,12.5,0.0,6.15,20.1,0.22857142857142856,1.044655412,0.625
0,0,0,27.7,57.4,2.6,4.75,0.0,5.24,21.0,0.0,0.43841489380000004,0.28125
1,1,1,34.5,382.4,135.8,20.7,0.75,1.24,19.8,0.10416666666666667,0.9203711711000001,0.8125
2,0,1,34.1,300.0,300.0,17.433333333333334,0.0,1.01,19.3,0.17500000000000002,0.35202614,0.9583333333333334
3,1,1,28.700000000000003,368.0,,20.6,0.6666666666666666,1.01,20.0,0.06666666666666667,0.1647881491,0.6875
4,0,1,30.6,268.8,222.4,16.666666666666668,0.0,2.03,20.9,0.16025641025641027,1.2658407537,0.9375
5,0,1,23.1,,,,,1.01,18.4,,0.979294445,
6,1,1,36.3,305.6,270.0,18.5,0.25,1.11,19.5,0.023809523809523808,1.4347483159,0.8541666666666666
7,0,0,28.6,136.8,65.5,14.433333333333335,0.0,1.1,19.9,0.15277777777777776,0.391666609,0.3958333333333333
8,0,1,26.4,332.8,256.0,18.133333333333336,0.25,1.03,20.7,0.14583333333333334,0.6828343385,1.0
9,0,0,34.6,68.4,,11.4,0.0,1.22,26.9,0.16666666666666666,1.453912719,0.375
10,0,0,32.6,173.8,68.0,11.966666666666667,0.0,,,0.03333333333333333,0.6030633473,0.5625
11,0,0,27.5,184.5,69.0,13.033333333333333,0.0,2.25,20.8,0.14166666666666664,0.3597320288,0.6041666666666666
12,0,0,24.5,94.8,94.8,15.8,0.0,3.4,21.8,0.5,0.0572145041,0.375
13,0,1,29.1,398.4,313.6,20.7,0.5,1.01,21.3,0.4444444444444444,1.1435146175,0.9791666666666666
14,0,1,25.4,280.8,280.8,17.75,0.0,1.02,21.7,0.0625,0.613854431,0.90625
15,0,1,30.299999999999997,243.0,243.0,12.433333333333332,0.0,,19.6,0.05555555555555556,0.282928595,0.625
16,0,0,32.9,162.0,-0.4,3.4666666666666672,0.0,2.26,20.2,0.0,1.882310745,0.375
17,0,0,24.2,,,,,7.35,21.4,,0.282928595,
18,0,0,31.700000000000003,11.8,-0.2,0.13333333333333333,0.0,,19.9,0.0,0.210312202,0.08333333333333333
19,0,0,25.1,77.4,3.9,4.95,0.0,3.31,20.3,0.0,0.6828343385,0.375
20,0,0,31.799999999999997,66.0,,4.4,0.0,3.21,20.0,0.0,0.35202614,0.125
21,0,1,24.8,291.2,273.6,17.65,0.0,4.37,20.1,0.375,1.121162168,1.0
22,0,0,22.4,198.0,198.0,13.2,0.0,2.2,19.7,0.3333333333333333,0.9203711711000001,0.9375
23,0,0,35.0,50.5,0.6,1.5,0.0,6.39,19.2,0.0,0.43841489380000004,0.22916666666666666
24,0,1,27.2,284.8,213.0,16.533333333333335,0.0,2.04,20.4,0.0,0.1514303575,0.9583333333333334
25,1,1,22.7,172.9,172.9,24.7,0.0,1.12,20.0,0.2857142857142857,1.453912719,0.4375
26,1,1,39.4,347.2,270.4,19.9,0.75,2.01,19.6,0.10555555555555556,2.4631804674,0.9791666666666666
27,0,1,37.4,300.8,201.0,15.733333333333333,0.25,1.01,20.7,0.022222222222222223,1.4860026805,0.9791666666666666
28,0,0,26.9,,,,,6.38,22.1,,1.1435146175,
29,0,0,27.7,163.8,9.6,10.1,0.0,2.07,19.9,0.0,1.7302943713,0.10416666666666667
30,0,0,25.5,212.8,212.8,11.350000000000001,0.0,3.29,21.7,0.29166666666666663,0.1647881491,0.59375
31,0,1,24.4,286.4,210.6,16.96666666666667,0.0,1.01,19.7,0.17147435897435895,0.9871694123,0.9375
32,1,1,23.6,262.5,262.5,13.05,0.0,1.01,18.9,0.10476190476190475,2.7133516,0.6875
33,0,0,25.1,,,,,6.32,18.4,,1.2658407537,
34,0,1,26.6,91.8,91.8,7.0,0.0,2.3,19.8,0.05555555555555555,0.0572145041,0.3333333333333333
35,0,1,33.4,275.2,196.8,15.033333333333331,0.0,1.18,21.6,0.1625,0.3011904777,0.875
36,0,0,31.6,5.7,5.7,0.6666666666666666,0.0,6.3,21.8,0.0,1.453912719,0.1875
37,0,1,22.0,,,,,1.07,20.3,,0.43841489380000004,
38,0,0,32.1,2.0,,1.0,0.0,5.25,19.3,0.0,0.1514303575,0.125
39,0,0,38.9,214.5,214.5,14.733333333333334,0.0,3.16,,0.16987179487179485,0.09808106330000001,0.5416666666666666
40,0,1,21.3,,,,,1.1,18.6,,1.1380384197,
41,0,0,23.4,,,,,4.29,19.6,,1.4347483159,
42,0,1,29.799999999999997,312.0,291.2,18.833333333333332,0.5,4.07,21.0,0.2708333333333333,0.950096483,1.0
43,0,0,22.2,,,,,,18.5,,1.1435146175,
44,0,0,23.2,,,,,4.08,,,1.4860026805,
45,0,0,21.4,,,,,1.32,18.7,,0.3011904777,
46,0,1,24.6,268.5,225.0,16.900000000000002,0.0,1.02,18.9,0.2111111111111111,0.391666609,0.875
47,0,0,31.6,150.3,,6.550000000000001,0.0,1.05,21.8,0.0,0.35202614,0.15625
48,0,0,27.7,84.7,,6.7,0.0,4.01,20.0,0.0,1.2658407537,0.3125
49,0,0,36.1,72.0,4.4,5.2,0.0,7.16,,0.0,0.248624697,0.2916666666666667
50,1,1,33.1,350.4,240.0,17.466666666666665,0.25,1.03,20.3,0.0,1.240182599,1.0
51,0,0,37.0,30.6,,7.7,0.0,3.27,21.2,0.0,1.240182599,0.15625
52,0,1,30.299999999999997,302.4,280.0,18.133333333333333,0.25,1.01,19.6,0.0625,0.248624697,1.0
53,0,0,28.5,166.4,38.8,9.833333333333334,0.0,3.11,21.7,0.0,1.1380384197,0.375
54,0,1,23.8,139.2,139.2,11.6,0.0,1.02,22.0,0.16666666666666666,0.210312202,0.75
55,0,0,24.7,7.6,7.6,7.6,0.0,6.12,19.9,0.0,0.613854431,0.0625
56,0,0,24.1,15.2,15.2,3.8,0.0,5.28,21.3,0.0,0.1514303575,0.25
57,0,0,29.4,129.6,35.7,9.533333333333333,0.0,3.25,20.6,0.030303030303030304,0.613854431,0.4166666666666667
58,0,0,23.2,,,,,,20.5,,0.0572145041,
59,1,1,22.7,11.4,11.4,11.4,0.0,1.1,19.0,0.0,1.882310745,0.0625
60,0,1,36.5,292.8,280.0,17.766666666666666,0.0,1.04,18.7,0.0,1.7302943713,1.0
61,0,0,28.299999999999997,213.2,,15.149999999999999,0.0,1.02,18.6,0.2,0.3011904777,0.5625
62,1,1,29.5,355.2,355.2,20.3,0.75,3.12,19.8,0.10416666666666667,0.39660931,1.0
63,0,0,35.5,300.8,76.8,14.200000000000001,0.25,7.36,20.8,0.041666666666666664,0.9871694123,0.75
64,0,1,29.9,291.2,,16.05,0.0,1.08,22.1,0.06971153846153846,0.3597320288,0.90625
65,0,0,30.6,226.5,27.0,14.5,0.0,1.01,19.8,0.0,1.1380384197,0.6458333333333334
66,0,1,21.0,,,,,1.03,19.3,,0.09808106330000001,
67,0,0,26.1,5.0,5.0,0.6333333333333333,0.0,3.25,20.4,0.0,2.7133516,0.14583333333333334
68,0,0,25.2,0.6,0.6,0.6,0.0,,19.5,0.0,1.1435146175,0.0625
69,0,0,25.6,208.0,-1.3,5.85,0.0,1.32,18.8,0.09375,2.4631804674,0.53125
70,0,1,40.8,352.0,299.2,20.733333333333334,0.25,6.33,21.1,0.0625,0.6030633473,0.9166666666666666
71,0,0,28.799999999999997,274.4,226.5,17.633333333333333,0.0,6.15,20.1,0.31746031746031744,0.979294445,0.9166666666666666
0,0,0,28.7,57.4,0.2,0.7000000000000001,0.0,5.24,21.0,0.0,1.411583048,0.22916666666666666
1,0,1,35.5,382.4,308.8,20.866666666666664,0.8,1.24,19.8,0.125,1.6655400967,0.8875
2,0,0,31.6,8.0,,,0.0,,,,1.1231145789,0.0625
3,0,1,31.6,268.8,185.9,15.866666666666667,0.0,2.03,20.9,0.08333333333333333,1.1498790899,0.9
4,0,1,24.1,250.6,250.6,17.9,0.0,1.01,18.4,0.0,1.769267342,0.875
5,0,1,37.3,348.8,348.8,19.433333333333334,0.4,1.11,19.5,0.0863095238095238,0.7269112773999999,0.9125
6,0,0,27.4,332.8,184.6,15.933333333333332,0.2,1.03,20.7,0.12980769230769232,2.2585922193,0.9375
7,0,0,26.7,,,,,6.26,21.0,,0.2987871706,
8,0,0,26.0,133.1,,6.0,0.0,5.11,19.2,0.09090909090909091,0.785084413,0.46875
9,0,0,33.6,173.8,-0.5,6.666666666666667,0.0,,,0.03333333333333333,0.5689515514,0.575
10,0,1,30.1,398.4,291.2,19.333333333333332,0.4,1.01,21.3,0.33134920634920634,0.9395197313,0.9375
11,0,1,26.4,280.8,198.0,17.833333333333332,0.0,1.02,21.7,0.041666666666666664,0.778733767,0.8333333333333334
12,0,1,31.299999999999997,243.0,230.4,14.266666666666666,0.0,,19.6,0.09722222222222222,0.2406214888,0.6
13,0,0,32.7,31.6,31.6,2.766666666666667,0.0,,19.9,0.0,0.8752547502,0.125
14,0,0,32.8,66.0,30.3,10.1,0.0,3.21,20.0,0.0,0.2406214888,0.20833333333333334
15,1,1,25.8,291.2,289.6,17.8,0.0,4.37,20.1,0.375,1.3672748755,1.0
16,0,0,22.0,,,,,1.06,19.3,,1.1231145789,
17,0,0,23.8,,,,,,20.1,,0.90746441,
18,0,1,28.2,284.8,224.0,15.266666666666666,0.0,2.04,20.4,0.020833333333333332,0.9405057676,0.975
19,1,1,23.7,340.8,340.8,23.0,0.5,1.12,20.0,0.29910714285714285,1.411583048,0.71875
20,0,0,23.1,,,,,,,,0.7269112773999999,
21,0,1,40.4,347.2,307.5,19.7,0.8,2.01,19.6,0.1722222222222222,1.8311776282999999,0.975
22,0,0,21.6,,,,,2.1,18.8,,0.2987871706,
23,0,0,22.1,,,,,1.15,21.3,,0.2406214888,
24,0,1,38.4,300.8,244.8,14.566666666666668,0.2,1.01,20.7,0.04305555555555555,1.1231145789,0.9875
25,0,0,23.0,,,,,6.05,21.3,,0.8273158045,
26,0,0,27.9,1.6,1.6,1.6,0.0,6.38,22.1,0.0,1.769267342,0.0625
27,0,1,26.5,212.8,-0.8,7.500000000000001,0.0,3.29,21.7,0.19444444444444442,0.5689515514,0.4791666666666667
28,1,1,25.4,286.4,210.1,17.366666666666667,0.0,1.01,19.7,0.07677738927738928,1.4759710513000002,0.875
29,0,1,24.6,318.4,318.4,15.333333333333334,0.3333333333333333,1.01,18.9,0.1115079365079365,2.2585922193,0.7916666666666666
30,0,0,22.8,,,,,4.31,19.1,,0.4814857578,
31,0,0,26.1,84.8,84.8,10.6,0.0,6.32,18.4,0.25,0.90746441,0.5
32,0,1,27.6,91.8,48.9,12.466666666666669,0.0,2.3,19.8,0.05555555555555555,1.2251278941,0.3
33,0,1,34.4,275.2,143.1,14.6,0.0,1.18,21.6,0.0625,0.2987871706,0.8375
34,0,1,23.0,218.4,218.4,18.2,0.0,1.07,20.3,0.6666666666666666,0.5556589212,0.75
35,0,0,39.9,214.5,24.8,11.299999999999999,0.0,3.16,,0.12820512820512822,0.778733767,0.5125
36,0,0,22.3,124.6,124.6,8.9,0.0,1.1,18.6,0.0,0.8038293556999999,0.875
37,0,1,30.799999999999997,312.0,286.4,18.533333333333335,0.4,4.07,21.0,0.1875,1.1433455532,0.875
38,0,0,23.2,26.6,26.6,13.3,0.0,,18.5,0.5,0.9395197313,0.125
39,0,1,21.8,,,,,1.01,21.1,,0.785084413,
40,1,1,22.4,160.0,160.0,10.0,0.0,1.32,18.7,0.3125,0.5752644051,1.0
41,0,0,24.4,,,,,6.25,19.7,,0.3020582951,
42,0,1,25.6,268.5,183.4,15.333333333333334,0.0,1.02,18.9,0.2031746031746032,0.851660339,0.875
43,0,0,23.9,,,,,3.12,20.1,,0.7269112773999999,
44,0,0,28.7,84.7,21.1,16.6,0.0,4.01,20.0,0.0,0.5556589212,0.1875
45,0,0,34.8,57.6,,13.0,0.0,,22.1,0.0,1.806034975,0.171875
46,0,1,34.1,356.8,356.8,19.733333333333334,0.4,1.03,20.3,0.0625,1.207519497,1.0
47,0,0,38.0,30.6,0.0,0.05,0.0,3.27,21.2,0.0,1.207519497,0.140625
48,0,1,31.299999999999997,302.4,222.4,16.466666666666665,0.2,1.01,19.6,0.041666666666666664,0.90746441,1.0
49,0,0,29.5,166.4,11.0,7.3999999999999995,0.0,3.11,21.7,0.0,0.9405057676,0.325
50,0,1,24.8,267.4,267.4,15.350000000000001,0.0,1.02,22.0,0.19047619047619047,0.8752547502,0.8125
51,0,1,30.4,129.6,79.0,11.633333333333335,0.0,3.25,20.6,0.0,0.8273158045,0.4125
52,0,0,24.2,131.2,131.2,16.4,0.0,,20.5,0.0,1.2251278941,0.5
53,0,1,23.7,427.2,427.2,19.05,0.5,1.1,19.0,0.0625,1.806034975,0.53125
54,0,1,37.5,292.8,286.4,17.633333333333333,0.0,1.04,18.7,0.0,2.454905589,1.0
55,0,0,29.299999999999997,213.2,0.8,7.15,0.0,1.02,18.6,0.2,0.5752644051,0.453125
56,1,1,30.5,355.2,304.0,19.466666666666665,0.8,3.12,19.8,0.08333333333333333,1.3292676854,1.0
57,0,0,24.4,,,,,4.02,21.7,,1.1498790899,
58,0,1,36.5,300.8,176.0,15.266666666666666,0.2,7.36,20.8,0.08333333333333333,0.8038293556999999,0.7
59,0,0,29.5,,,,,,22.8,,1.4759710513000002,
60,0,0,30.9,291.2,148.5,14.45,0.0,1.08,22.1,0.038461538461538464,0.851660339,0.875
61,0,1,22.0,183.3,183.3,14.1,0.0,1.03,19.3,0.07692307692307693,0.3020582951,0.8125
62,0,0,27.1,5.0,0.0,0.2333333333333333,0.0,3.25,20.4,0.0,1.1433455532,0.15625
63,0,0,26.6,208.0,8.4,0.4,0.0,1.32,18.8,0.0,1.8311776282999999,0.53125
64,0,0,24.7,,,,,,,,1.6655400967,
65,0,1,41.8,352.0,291.2,19.46666666666667,0.2,6.33,21.1,0.041666666666666664,0.4814857578,0.95
66,0,0,23.8,,,,,6.24,21.0,,0.5752644051,
67,0,0,27.4,196.0,,13.35,0.0,,21.7,0.045454545454545456,0.3020582951,0.5416666666666666
68,0,0,29.799999999999997,274.4,43.6,14.733333333333333,0.0,6.15,20.1,0.3055555555555556,2.454905589,0.6125
69,0,0,24.2,,,,,3.36,22.4,,0.9395197313,
0,0,0,29.7,57.4,17.8,3.4333333333333336,0.0,5.24,21.0,0.16666666666666666,1.1363971377,0.203125
1,1,1,36.5,382.4,276.8,18.666666666666668,0.6666666666666666,1.24,19.8,0.0625,1.6447431918,0.90625
2,0,0,36.1,300.0,,17.15,0.0,1.01,19.3,0.08333333333333334,0.1972780629,0.8875
3,0,0,32.6,268.8,213.2,15.733333333333333,0.0,2.03,20.9,0.10256410256410257,1.081859506,0.8854166666666666
4,0,1,25.1,250.6,248.0,16.7,0.0,1.01,18.4,0.09375,1.3971281353,0.9375
5,0,0,23.5,,,,,7.17,,,1.081859506,
6,0,1,38.3,348.8,13.8,15.566666666666665,0.3333333333333333,1.11,19.5,0.0625,0.462750911,0.78125
7,0,0,30.6,136.8,,8.85,0.0,1.1,19.9,0.0,2.5155224836,0.35
8,0,0,27.7,34.5,34.5,11.5,0.0,6.26,21.0,0.0,1.3433576617,0.1875
9,0,0,23.9,,,,,,19.2,,0.529149176,
10,0,0,34.6,173.8,25.2,4.333333333333333,0.0,,,0.03333333333333333,0.1547827431,0.5208333333333334
11,0,0,26.5,94.8,,16.1,0.0,3.4,21.8,0.35,1.3955015304,0.34375
12,0,1,31.1,398.4,17.6,16.400000000000002,0.3333333333333333,1.01,21.3,0.22023809523809523,0.1547827431,0.8020833333333334
13,0,1,27.4,280.8,278.4,19.0,0.0,1.02,21.7,0.020833333333333332,0.80291736,0.875
14,0,0,32.3,243.0,108.0,13.800000000000002,0.0,,19.6,0.09722222222222221,1.3971281353,0.6041666666666666
15,0,0,34.9,162.0,,0.65,0.0,2.26,20.2,0.0,1.7492877441999999,0.275
16,0,0,33.7,31.6,27.9,5.666666666666667,0.0,,19.9,0.0,0.5663337206,0.13541666666666666
17,0,0,25.4,,,,,,,,1.3224260173,
18,0,0,33.8,66.0,5.2,7.65,0.0,3.21,20.0,0.0,1.0542549417,0.171875
19,0,1,26.8,347.2,347.2,18.96666666666667,0.25,4.37,20.1,0.3125,1.081859506,1.0
20,0,1,23.0,223.6,223.6,17.2,0.0,1.06,19.3,0.15384615384615385,1.0542549417,0.8125
21,0,0,24.8,60.5,60.5,12.1,0.0,,20.1,0.0,0.5663337206,0.3125
22,0,1,29.2,284.8,252.8,14.666666666666666,0.0,2.04,20.4,0.0625,1.5893643043999999,0.9791666666666666
23,1,1,24.7,340.8,330.0,22.666666666666668,0.6666666666666666,1.12,20.0,0.3549603174603175,1.1363971377,0.7916666666666666
24,0,1,41.4,347.2,228.8,19.400000000000002,0.6666666666666666,2.01,19.6,0.16085858585858584,1.2958184643,0.9270833333333334
25,0,1,22.6,71.0,71.0,14.2,0.0,2.1,18.8,0.0,0.529149176,0.3125
26,0,1,23.1,81.9,81.9,9.1,0.0,1.15,21.3,0.0,0.1972780629,0.5625
27,0,0,24.7,,,,,5.28,,,2.0395018190000003,
28,0,1,24.0,229.6,229.6,16.4,0.0,6.05,21.3,0.0,0.613354873,0.875
29,0,0,28.9,1.6,-0.5,0.75,0.0,6.38,22.1,0.0,1.3971281353,0.1875
30,0,0,29.7,163.8,,2.1999999999999997,0.0,2.07,19.9,0.0,2.0651604843,0.2875
31,0,0,27.5,220.5,220.5,9.266666666666667,0.0,3.29,21.7,0.1722222222222222,0.691655632,0.59375
32,0,0,24.1,,,,,6.1,23.4,,0.613354873,
33,0,0,21.8,,,,,2.21,18.1,,0.80291736,
34,0,0,26.4,328.0,328.0,18.599999999999998,0.2,1.01,19.7,0.07677738927738928,1.2958184643,0.9
35,0,1,25.6,318.4,264.0,17.966666666666665,0.25,1.01,18.9,0.10555555555555556,1.311421597,0.84375
36,0,0,23.8,-0.6,-0.6,-0.2,0.0,4.31,19.1,0.0,0.1547827431,0.1875
37,0,0,27.1,84.8,61.2,15.5,0.0,6.32,18.4,0.29166666666666663,0.529149176,0.34375
38,0,1,28.6,256.0,256.0,15.866666666666667,0.0,2.3,19.8,0.07638888888888888,1.3955015304,0.4166666666666667
39,0,1,23.5,,,,,1.01,21.7,,1.3433576617,
40,0,0,35.4,275.2,88.0,13.066666666666668,0.0,1.18,21.6,0.020833333333333332,0.3696471813,0.78125
41,0,0,33.6,5.7,,1.25,0.0,6.3,21.8,0.0,1.0542549417,0.15
42,0,0,24.6,,,,,,20.9,,1.311421597,
43,1,1,24.0,291.2,291.2,18.2,0.0,1.07,20.3,0.6145833333333333,0.9675985626,0.875
44,0,0,25.4,2.0,,0.4,0.0,4.29,19.6,0.0,0.462750911,0.3125
45,1,0,22.2,,,,,1.06,18.5,,2.0395018190000003,
46,0,0,23.3,,,,,,,,0.529149176,
47,1,1,31.799999999999997,312.0,249.0,17.566666666666666,0.3333333333333333,4.07,21.0,0.12638888888888888,1.674383238,0.8854166666666666
48,0,0,24.2,193.7,193.7,14.100000000000001,0.0,,18.5,0.3269230769230769,0.1972780629,0.46875
49,1,1,22.8,291.2,291.2,18.2,0.0,1.01,21.1,0.25,1.3224260173,1.0
50,1,1,23.4,423.0,423.0,19.1,0.5,1.32,18.7,0.38958333333333334,0.820716865,0.96875
51,0,0,24.5,,,,,7.31,20.8,,1.329435846,
52,0,0,26.6,268.5,86.8,13.5,0.0,1.02,18.9,0.15873015873015872,1.5893643043999999,0.7875
53,0,0,24.9,118.0,118.0,11.8,0.0,3.12,20.1,0.0,0.462750911,0.625
54,0,0,29.7,84.7,9.0,12.8,0.0,4.01,20.0,0.0,0.9675985626,0.175
55,0,1,35.1,356.8,279.0,18.633333333333333,0.3333333333333333,1.03,20.3,0.08472222222222221,1.5121190163,0.9895833333333334
56,0,0,39.0,32.0,32.0,3.2,0.0,3.27,21.2,0.0,1.5121190163,0.175
57,0,1,32.3,302.4,171.2,17.599999999999998,0.16666666666666666,1.01,19.6,0.0,0.5663337206,0.9166666666666666
58,0,0,30.5,166.4,4.2,5.766666666666667,0.0,3.11,21.7,0.0,0.613354873,0.2916666666666667
59,0,1,25.8,267.4,211.5,14.933333333333335,0.0,1.02,22.0,0.1714285714285714,1.0041943043,0.8541666666666666
60,0,0,26.7,7.6,,4.949999999999999,0.0,6.12,19.9,0.0,0.80291736,0.09375
61,0,0,26.1,20.0,,4.4,0.0,5.28,21.3,0.125,1.5893643043999999,0.25
62,0,0,31.4,129.6,37.6,10.1,0.0,3.25,20.6,0.0,1.0041943043,0.3854166666666667
63,0,0,25.2,131.2,-0.3,8.049999999999999,0.0,,20.5,0.0,1.3955015304,0.28125
64,0,0,25.3,,,,,,18.5,,1.1170299849,
65,1,1,24.7,427.2,289.8,19.599999999999998,0.3333333333333333,1.1,19.0,0.08928571428571429,1.7492877441999999,0.6458333333333334
66,0,1,38.5,292.8,252.8,17.066666666666666,0.0,1.04,18.7,0.0,0.691655632,1.0
67,0,0,30.299999999999997,213.2,16.8,1.5999999999999999,0.0,1.02,18.6,0.0,0.820716865,0.4375
68,1,1,31.5,355.2,331.2,20.633333333333336,0.8333333333333334,3.12,19.8,0.125,2.0651604843,1.0
69,0,0,25.4,26.7,26.7,8.9,0.0,4.02,21.7,0.0,2.5155224836,0.1875
70,0,1,37.5,300.8,252.0,17.2,0.16666666666666666,7.36,20.8,0.1722222222222222,0.4293176128,0.7395833333333334
71,1,1,31.9,291.2,228.0,16.25,0.0,1.08,22.1,0.16666666666666666,1.329435846,0.85
72,0,1,23.0,196.3,196.3,14.6,0.0,1.03,19.3,0.11538461538461539,0.3696471813,0.8125
73,0,0,27.2,17.0,,2.0,0.0,,19.5,0.0,0.1972780629,0.1875
74,0,1,27.6,208.0,92.7,3.7000000000000006,0.0,1.32,18.8,0.0,1.1170299849,0.5375
75,0,0,25.7,0.0,0.0,0.0,0.0,,,0.0,1.6447431918,0.1875
76,1,1,42.8,352.0,270.4,17.933333333333334,0.16666666666666666,6.33,21.1,0.10416666666666667,2.5155224836,0.9583333333333334
77,0,0,24.8,0.1,0.1,0.1,0.0,6.24,21.0,0.0,0.820716865,0.0625
78,0,0,22.3,,,,,1.05,20.5,,0.4293176128,
79,0,0,28.4,-2.0,,-2.0,0.0,,18.7,0.0,1.0041943043,0.0625
80,0,0,22.3,,,,,,21.6,,0.820716865,
81,0,1,30.799999999999997,274.4,6.0,9.166666666666666,0.0,6.15,20.1,0.1722222222222222,2.0395018190000003,0.5520833333333334
0,1,1,37.5,388.2592,388.2592,20.288733333333337,0.7142857142857143,1.24,19.8,0.125,1.802440512,0.9196428571428571
1,0,1,33.6,268.8,144.8997,15.490899999999998,0.0,2.03,20.9,0.10256410256410257,0.5334131512,0.8571428571428571
2,0,1,26.1,256.6208,256.6208,16.4796,0.0,1.01,18.4,0.08333333333333333,0.8893041395,0.9583333333333334
3,0,1,39.3,348.8,277.2195,15.727100000000002,0.2857142857142857,1.11,19.5,0.0625,0.6725705174000001,0.8035714285714286
4,0,0,31.6,136.8,15.32,4.215,0.0,1.1,19.9,0.0,2.9821219406,0.3333333333333333
5,0,0,28.7,53.7,53.7,11.120000000000001,0.0,6.26,21.0,0.0,1.7668351902000001,0.25
6,0,0,24.9,15.3,15.3,5.1,0.0,,19.2,0.0,0.4467719115,0.1875
7,0,0,35.6,173.8,3.0,3.0666666666666664,0.0,,,0.0,0.17694450290000002,0.45535714285714285
8,0,0,27.5,94.8,52.2798,12.55665,0.0,3.4,21.8,0.1,0.7378496639000001,0.3541666666666667
9,0,0,32.1,398.4,270.9795,15.888433333333333,0.2857142857142857,1.01,21.3,0.36190476190476195,1.0709873943000001,0.8214285714285714
10,0,1,28.4,280.8,213.3996,17.727766666666668,0.0,1.02,21.7,0.15972222222222224,0.9350926802,0.85
11,0,0,33.3,243.0,1.84,8.706666666666669,0.0,,19.6,0.075,0.8893041395,0.5357142857142857
12,0,0,35.9,162.0,23.7201,4.70335,0.0,2.26,20.2,0.16666666666666666,2.2035640638,0.2604166666666667
13,0,0,34.7,31.6,14.16,6.913333333333334,0.0,,19.9,0.0,1.8078298734,0.15178571428571427
14,0,0,26.4,8.7,8.7,2.175,0.0,,,0.0,1.1218152021,0.25
15,0,0,34.8,66.0,19.2,6.7,0.0,3.21,20.0,0.0,1.1218152021,0.1875
16,0,0,27.5,1.4,,,0.0,,20.8,,1.0771049973,0.125
17,1,1,27.8,347.2,139.64,22.575999999999997,0.2,4.37,20.1,0.3875,1.0771049973,0.8625
18,0,1,24.0,223.6,190.0206,15.38645,0.0,1.06,19.3,0.11263736263736264,0.6520534330000001,0.84375
19,0,0,25.8,60.5,2.76,7.43,0.0,,20.1,0.0,0.940532783,0.1875
20,0,0,22.6,,,,,3.03,20.9,,0.4944087894,
21,0,0,26.4,,,,,3.23,18.6,,1.1571183207,
22,0,1,30.2,284.8,281.12,15.790000000000001,0.0,2.04,20.4,0.125,1.432677679,0.9821428571428571
23,0,0,23.6,196.3195,196.3195,14.650749999999999,0.0,2.1,18.8,0.11538461538461539,0.4467719115,0.5625
24,0,0,23.4,,,,,,20.7,,0.954576227,
25,0,0,25.0,229.6,165.6603,17.40335,0.0,6.05,21.3,0.05555555555555555,0.4009713891,0.71875
26,0,0,29.9,15.52,15.52,5.673333333333333,0.0,6.38,22.1,0.0,0.792143299,0.14583333333333334
27,0,0,30.7,163.8,1.12,0.36000000000000004,0.0,2.07,19.9,0.0,1.547497519,0.25
28,0,0,23.2,,,,,4.28,20.4,,0.9055157186999999,
29,0,0,23.5,,,,,4.16,21.8,,0.9350926802,
30,0,0,28.5,220.5,20.5799,5.456966666666666,0.0,3.29,21.7,0.17979797979797976,0.8527606398,0.6125
31,0,0,22.8,,,,,5.22,19.1,,1.1571183207,
32,1,1,22.8,113.4405,113.4405,7.5627,0.0,2.21,18.1,0.2,0.4009713891,0.9375
33,0,1,27.4,328.0,2.4,13.4,0.16666666666666666,1.01,19.7,0.05113636363636364,0.9055157186999999,0.7916666666666666
34,0,1,26.6,318.4,252.9795,17.7551,0.2,1.01,18.9,0.1722222222222222,0.940532783,0.8625
35,0,0,28.1,84.8,32.0799,13.897766666666667,0.0,6.32,18.4,0.19444444444444442,0.4944087894,0.2916666666666667
36,0,1,29.6,256.0,69.3402,14.618899999999998,0.0,2.3,19.8,0.020833333333333332,1.7207524305,0.4107142857142857
37,1,1,24.5,178.72,178.72,17.872,0.0,1.01,21.7,0.3,1.7668351902000001,0.625
38,0,0,36.4,275.2,57.76,12.817333333333332,0.0,1.18,21.6,0.0,0.4009713891,0.7142857142857143
39,0,0,25.6,13.84,13.84,13.84,0.0,,20.9,0.0,2.0312559945,0.0625
40,0,0,22.6,,,,,1.26,19.8,,1.802440512,
41,1,1,25.0,406.0608,406.0608,20.59293333333333,0.3333333333333333,1.07,20.3,0.5763888888888888,1.1571183207,0.9166666666666666
42,0,0,35.1,49.6,,12.4,0.0,5.25,19.3,0.25,1.7207524305,0.1875
43,0,0,24.3,124.6,,6.75,0.0,1.1,18.6,0.0,0.954576227,0.59375
44,0,0,22.2,,,,,1.11,20.5,,0.5334131512,
45,1,1,23.2,342.84,342.84,22.856,1.0,1.06,18.5,0.3333333333333333,1.8078298734,0.9375
46,0,0,21.9,,,,,3.02,19.2,,2.015515303,
47,0,0,24.3,-0.78,-0.78,-0.78,0.0,,,0.0,0.4467719115,0.0625
48,0,0,28.6,38.8,,,0.0,5.25,20.9,,1.7192847141,0.21875
49,1,1,32.8,319.2,319.2,18.150000000000002,0.42857142857142855,4.07,21.0,0.06388888888888888,2.015515303,0.9017857142857143
50,0,0,25.9,,,,,,21.1,,1.802440512,
51,0,0,25.2,193.7,46.0,13.233333333333334,0.0,,18.5,0.30128205128205127,0.792143299,0.3958333333333333
52,1,1,23.8,390.7408,390.7408,21.31065,0.5,1.01,21.1,0.46875,1.1218152021,1.0
53,0,1,24.4,423.0,341.7795,20.328433333333333,0.6666666666666666,1.32,18.7,0.4152777777777778,0.48366311679999996,0.9583333333333334
54,0,0,25.5,1.2798,1.2798,0.2133,0.0,7.31,20.8,0.0,1.7192847141,0.375
55,0,1,22.7,,,,,1.15,22.0,,0.17694450290000002,
56,0,0,27.6,268.5,26.84,17.44666666666667,0.0,1.02,18.9,0.38095238095238093,1.432677679,0.6666666666666666
57,0,0,25.9,118.0,19.36,7.836,0.0,3.12,20.1,0.0,0.6725705174000001,0.46875
58,0,1,36.1,356.8,293.44,19.74666666666667,0.2857142857142857,1.03,20.3,0.12638888888888888,0.954576227,0.9910714285714286
59,1,1,33.3,302.4,270.56,17.403333333333332,0.14285714285714285,1.01,19.6,0.0,2.0312559945,0.9285714285714286
60,0,0,31.5,166.4,65.58,6.905333333333334,0.0,3.11,21.7,0.0,0.6520534330000001,0.29464285714285715
61,0,0,26.2,,,,,5.34,21.5,,0.46876919370000003,
62,0,0,26.8,267.4,161.7,16.456666666666667,0.0,1.02,22.0,0.1492063492063492,1.1571183207,0.796875
63,0,0,27.1,20.0,1.9,3.45,0.0,5.28,21.3,0.125,1.432677679,0.1875
64,0,0,32.4,129.6,112.1796,12.5548,0.0,3.25,20.6,0.037037037037037035,0.5334131512,0.4107142857142857
65,0,0,26.2,131.2,128.28,9.642666666666665,0.0,,20.5,0.0,0.8893041395,0.3958333333333333
66,0,0,26.3,13.52,13.52,3.38,0.0,,18.5,0.0,1.0709873943000001,0.25
67,1,1,25.7,427.2,380.4,24.25333333333333,0.5,1.1,19.0,0.13373015873015873,2.2035640638,0.71875
68,0,1,32.5,372.7808,372.7808,20.9996,0.8571428571428571,3.12,19.8,0.10416666666666667,1.547497519,1.0
69,0,1,38.5,300.8,161.7399,18.9237,0.14285714285714285,7.36,20.8,0.24629629629629626,0.792143299,0.7142857142857143
70,0,1,32.9,351.36,351.36,18.153333333333332,0.16666666666666666,1.08,22.1,0.2569444444444444,1.7192847141,0.875
71,0,1,24.0,196.3,145.02,13.761666666666665,0.0,1.03,19.3,0.13247863247863248,1.0709873943000001,0.7916666666666666
72,0,0,22.7,,,,,6.33,19.9,,0.9350926802,
73,0,0,29.1,5.0,,0.1,0.0,3.25,20.4,0.0,2.015515303,0.1625
74,0,0,28.2,17.0,11.68,7.54,0.0,,19.5,0.0,0.792143299,0.14583333333333334
75,0,1,28.6,252.2205,252.2205,9.738233333333334,0.0,1.32,18.8,0.1111111111111111,0.4467719115,0.6041666666666666
76,0,0,26.7,0.0,-0.9,-0.05625,0.0,,,0.0,0.940532783,0.34375
77,1,1,43.8,352.0,349.92,18.99,0.2857142857142857,6.33,21.1,0.16666666666666666,2.9821219406,0.9642857142857143
78,0,1,21.7,,,,,1.01,19.9,,0.7378496639000001,
79,0,0,29.4,196.0,,0.1,0.0,,21.7,0.0,0.9055157186999999,0.421875
80,0,0,21.1,,,,,1.03,,,1.7207524305,
81,0,1,23.3,140.46,140.46,14.046,0.0,1.05,20.5,0.3,0.8527606398,0.625
82,0,0,23.3,2.9,2.9,1.45,0.0,,21.6,0.0,0.48366311679999996,0.125
83,0,1,31.799999999999997,274.4,9.02,5.636666666666667,0.0,6.15,20.1,0.08333333333333333,0.4944087894,0.49107142857142855
84,0,1,21.8,,,,,1.02,19.1,,0.46876919370000003,
