,y,starter,age,max_pts,avg_pts,last_pts,3_yr_trail_avg_fppg,hit_rate,Draft Pick,supporting_cast,breakout_age,konami,games_played_rate,id,year
0,0,0,26.7,57.4,57.4,,8.2,0.0,5.24,1.122148465,21.0,0.0,0.4375,A.J. McCarron,2017
1,0,1,29.6,268.8,253.23333333333335,268.8,17.03333333333333,0.0,2.03,1.122148465,20.9,0.2435897435897436,0.9375,Andy Dalton,2017
2,0,1,33.5,382.4,346.6666666666667,382.4,21.666666666666668,1.0,1.24,1.407870924,19.8,0.14583333333333334,1.0,Aaron Rodgers,2017
3,0,0,24.0,-0.4,-0.4,-0.4,-0.1,0.0,5.11,1.407870924,19.2,0.0,0.25,Brett Hundley,2017
4,0,0,24.0,,,,,,,1.407870924,,,,Joe Callahan,2017
5,0,1,33.1,273.6,242.70000000000002,228.0,15.800000000000002,0.0,1.01,1.37049463,19.3,0.17499999999999996,0.9583333333333334,Alex Smith,2017
6,0,0,32.8,57.6,19.533333333333335,57.6,5.033333333333333,0.0,,1.37049463,22.1,0.0,0.14583333333333334,Matt Moore,2017
7,0,0,21.7,,,,,,1.1,1.37049463,19.0,,,Patrick Mahomes,2017
8,0,0,25.4,,,,,,,1.37049463,18.7,,,Tyler Bray,2017
9,0,0,28.0,117.0,69.6,,10.2,0.0,,0.96977156,21.3,0.0,0.375,Austin Davis,2017
10,1,1,28.5,344.0,317.8666666666666,275.2,19.866666666666664,0.6666666666666666,3.12,0.96977156,19.8,0.16666666666666666,1.0,Russell Wilson,2017
11,0,1,35.3,305.6,264.2,259.0,18.866666666666667,0.3333333333333333,1.11,1.582947849,19.5,0.023809523809523808,0.875,Ben Roethlisberger,2017
12,0,0,28.200000000000003,35.7,30.8,35.7,4.4,0.0,4.18,1.582947849,21.4,0.0,0.4375,Landry Jones,2017
13,0,0,27.6,136.8,73.8,78.6,12.066666666666668,0.0,1.1,1.326758717,19.9,0.15277777777777776,0.3125,Blaine Gabbert,2017
14,0,1,37.4,320.0,225.76666666666665,250.5,18.166666666666668,0.3333333333333333,1.01,1.326758717,22.7,0.020833333333333332,0.7708333333333334,Carson Palmer,2017
15,0,0,33.1,98.1,37.06666666666666,12.5,4.5,0.0,2.11,1.326758717,20.3,0.0,0.4166666666666667,Drew Stanton,2017
16,0,1,25.4,332.8,265.93333333333334,281.6,17.166666666666668,0.3333333333333333,1.03,1.35007508,20.7,0.10416666666666667,0.9583333333333334,Blake Bortles,2017
17,0,0,31.9,162.0,64.33333333333333,-0.2,7.000000000000001,0.0,2.26,1.35007508,20.2,0.0,0.3958333333333333,Chad Henne,2017
18,0,1,31.6,173.8,141.00000000000003,79.8,13.733333333333334,0.0,,1.263522129,,0.0,0.6458333333333334,Brian Hoyer,2017
19,0,0,25.6,34.8,15.466666666666667,34.8,2.6999999999999997,0.0,2.3,1.263522129,19.8,0.0,0.3125,Jimmy Garoppolo,2017
20,0,0,24.2,,,,,,,1.263522129,19.5,,,Taylor Heinicke,2017
21,0,1,39.8,352.0,298.8,258.0,20.466666666666665,0.3333333333333333,6.33,1.263522129,21.1,0.0625,0.9166666666666666,Tom Brady,2017
22,0,0,26.5,184.5,104.3,184.5,9.700000000000001,0.0,2.25,0.81090946,20.8,0.0861111111111111,0.5625,Brock Osweiler,2017
23,0,0,23.3,29.4,29.4,29.4,9.8,0.0,1.26,0.81090946,20.6,0.0,0.1875,Paxton Lynch,2017
24,0,1,25.4,196.0,97.95,196.0,6.95,0.0,,0.81090946,21.7,0.0,0.46875,Trevor Siemian,2017
25,0,0,26.0,37.2,37.2,37.2,6.2,0.0,4.04,0.251081002,22.3,0.0,0.375,Bryce Petty,2017
26,0,1,37.9,140.8,109.60000000000001,56.0,13.5,0.0,3.16,0.251081002,,0.13257575757575757,0.5,Josh McCown,2017
27,0,0,23.5,,,,,,3.4,0.25281337,21.8,,,C.J. Beathard,2017
28,1,1,28.1,398.4,307.1333333333333,264.0,20.333333333333332,0.3333333333333333,1.01,1.15566084,21.3,0.4384920634920635,0.9375,Cam Newton,2017
29,0,0,34.0,50.5,23.733333333333334,19.5,4.8,0.0,6.39,1.15566084,19.2,0.0,0.2708333333333333,Derek Anderson,2017
30,0,1,24.4,222.4,222.4,222.4,13.9,0.0,1.02,1.063232543,21.7,0.125,1.0,Carson Wentz,2017
31,0,0,23.7,,,,,,6.12,1.063232543,19.9,,,Nate Sudfeld,2017
32,0,0,28.4,129.6,87.36666666666667,28.0,13.233333333333334,0.0,3.25,1.063232543,20.6,0.030303030303030304,0.4375,Nick Foles,2017
33,0,1,29.299999999999997,122.0,63.833333333333336,122.0,11.199999999999998,0.0,,1.21773825,19.6,0.03333333333333333,0.3541666666666667,Case Keenum,2017
34,0,0,29.6,226.5,217.55,226.5,15.0,0.0,1.01,1.21773825,19.8,0.0,0.90625,Sam Bradford,2017
35,0,0,24.6,208.0,197.6,,13.7,0.0,1.32,1.21773825,18.8,0.13221153846153846,0.90625,Teddy Bridgewater,2017
36,0,0,30.700000000000003,11.8,4.133333333333334,0.6,2.1666666666666665,0.0,,1.883465621,19.9,0.0,0.10416666666666667,Chase Daniel,2017
37,0,1,38.4,347.2,327.90000000000003,347.2,20.933333333333334,1.0,2.01,1.883465621,19.6,0.08472222222222221,0.9791666666666666,Drew Brees,2017
38,0,0,24.1,77.4,77.4,77.4,8.6,0.0,3.31,0.87028766,20.3,0.0,0.5625,Cody Kessler,2017
39,0,1,21.4,,,,,,2.2,0.87028766,19.7,,,DeShone Kizer,2017
40,0,0,24.6,18.6,18.6,18.6,6.2,0.0,5.25,0.87028766,20.9,0.3333333333333333,0.1875,Kevin Hogan,2017
41,0,0,23.5,,,,,,,1.933728443,20.8,,,Cooper Rush,2017
42,0,1,23.8,291.2,291.2,291.2,18.2,0.0,4.37,1.933728443,20.1,0.375,1.0,Dak Prescott,2017
43,0,0,26.7,0.9,0.9,0.9,0.9,0.0,6.07,1.137161289,21.9,0.0,0.0625,David Fales,2017
44,0,1,34.1,265.5,184.33333333333334,52.0,14.6,0.0,1.11,1.137161289,20.4,0.06666666666666667,0.7291666666666666,Jay Cutler,2017
45,0,1,26.2,284.8,251.20000000000002,264.0,16.066666666666666,0.0,2.04,0.55503232,20.4,0.0,0.9791666666666666,Derek Carr,2017
46,0,0,27.200000000000003,61.6,36.36666666666667,5.5,9.0,0.0,1.16,0.55503232,21.5,0.16666666666666666,0.2708333333333333,E.J. Manuel,2017
47,0,1,21.7,,,,,,1.12,1.128393706,20.0,,,Deshaun Watson,2017
48,0,0,27.1,17.7,9.549999999999999,17.7,3.3000000000000003,0.0,4.35,1.128393706,23.4,0.0,0.15625,Tom Savage,2017
49,0,1,36.4,300.8,274.6666666666667,240.0,17.166666666666668,0.3333333333333333,1.01,1.391491875,20.7,0.020833333333333332,1.0,Eli Manning,2017
50,0,0,26.7,163.8,64.60000000000001,9.0,12.4,0.0,2.07,1.391491875,19.9,0.023809523809523808,0.3541666666666667,Geno Smith,2017
51,0,1,24.5,28.2,28.2,28.2,9.4,0.0,3.29,0.957222797,21.7,0.3333333333333333,0.1875,Jacoby Brissett,2017
52,0,0,29.799999999999997,11.0,5.4,11.0,2.7,0.0,,0.957222797,22.0,0.0,0.125,Scott Tolzien,2017
53,0,0,24.4,,,,,,6.16,1.140351055,20.6,,,Jake Rudock,2017
54,0,1,29.299999999999997,302.4,283.73333333333335,288.0,17.733333333333334,0.3333333333333333,1.01,1.140351055,19.6,0.10416666666666667,1.0,Matthew Stafford,2017
55,0,1,23.4,286.4,277.6,268.8,17.35,0.0,1.01,1.11735931,19.7,0.21875,1.0,Jameis Winston,2017
56,0,0,34.5,300.8,214.0,154.0,15.133333333333333,0.3333333333333333,7.36,1.11735931,20.8,0.09722222222222221,0.875,Ryan Fitzpatrick,2017
57,0,1,22.6,60.2,60.2,60.2,8.6,0.0,1.01,1.374959572,18.9,0.14285714285714285,0.4375,Jared Goff,2017
58,0,0,25.1,1.2,0.44999999999999996,-0.3,0.44999999999999996,0.0,3.25,1.374959572,20.4,0.0,0.0625,Sean Mannion,2017
59,0,1,32.4,275.2,232.26666666666665,249.6,16.666666666666668,0.0,1.18,0.602106281,21.6,0.18333333333333335,0.875,Joe Flacco,2017
60,0,0,29.0,74.9,32.13333333333333,-0.4,5.966666666666666,0.0,3.1,0.602106281,21.3,0.047619047619047616,0.2916666666666667,Ryan Mallett,2017
61,0,0,30.6,1.6,0.6666666666666666,0.4,0.5666666666666668,0.0,6.3,0.96866311,21.8,0.0,0.14583333333333334,Joe Webb,2017
62,0,0,23.1,,,,,,5.28,0.96866311,21.3,,,Nathan Peterman,2017
63,0,0,30.0,24.0,12.8,,3.8,0.0,5.21,0.96866311,23.3,0.0,0.15625,T.J. Yates,2017
64,0,1,27.799999999999997,274.4,182.36666666666665,273.0,12.5,0.0,6.15,0.96866311,20.1,0.22857142857142856,0.625,Tyrod Taylor,2017
65,0,0,34.0,6.4,2.233333333333334,-0.1,1.1666666666666667,0.0,2.17,1.09560712,22.3,0.0,0.08333333333333333,Kellen Clemens,2017
66,0,1,35.5,292.8,285.3333333333333,280.0,17.833333333333332,0.0,1.04,1.09560712,18.7,0.0,1.0,Philip Rivers,2017
67,0,1,28.799999999999997,312.0,236.66666666666666,312.0,18.166666666666668,0.6666666666666666,4.07,0.851239854,21.0,0.1875,0.7916666666666666,Kirk Cousins,2017
68,0,1,23.6,268.5,241.05,268.5,17.85,0.0,1.02,1.533409537,18.9,0.15,0.84375,Marcus Mariota,2017
69,0,0,35.1,72.0,38.76666666666667,17.6,7.433333333333333,0.0,7.16,1.533409537,,0.0,0.3125,Matt Cassel,2017
70,0,1,32.1,350.4,298.1333333333333,350.4,18.633333333333333,0.3333333333333333,1.03,1.9356944,20.3,0.0,1.0,Matt Ryan,2017
71,0,0,27.5,166.4,89.60000000000001,7.0,11.9,0.0,3.11,0.759392533,21.7,0.0,0.4166666666666667,Mike Glennon,2017
72,0,1,22.8,,,,,,1.02,0.759392533,22.0,,,Mitchell Trubisky,2017
0,0,0,27.7,57.4,30.0,2.6,4.75,0.0,5.24,0.6417359970000001,21.0,0.0,0.28125,A.J. McCarron,2018
1,0,0,35.0,50.5,17.95,0.6,1.5,0.0,6.39,0.6417359970000001,19.2,0.0,0.25,Derek Anderson,2018
2,0,1,22.0,,,,,,1.07,0.6417359970000001,20.3,,,Josh Allen,2018
3,1,1,34.5,382.4,293.95,135.8,20.7,0.75,1.24,1.087887432,19.8,0.10416666666666667,0.859375,Aaron Rodgers,2018
4,0,0,22.4,198.0,198.0,198.0,13.2,0.0,2.2,1.087887432,19.7,0.3333333333333333,0.9375,DeShone Kizer,2018
5,0,1,34.1,300.0,257.025,300.0,17.433333333333334,0.0,1.01,0.6591259780000001,19.3,0.17500000000000002,0.953125,Alex Smith,2018
6,0,0,31.799999999999997,66.0,37.4,,4.4,0.0,3.21,0.6591259780000001,20.0,0.0,0.21875,Colt McCoy,2018
7,0,0,31.6,150.3,62.93333333333334,,6.550000000000001,0.0,1.05,0.6591259780000001,21.8,0.0,0.2916666666666667,Mark Sanchez,2018
8,1,1,28.700000000000003,368.0,275.06666666666666,,20.6,0.6666666666666666,1.01,0.634443823,20.0,0.06666666666666667,0.7916666666666666,Andrew Luck,2018
9,0,0,25.5,212.8,120.5,212.8,11.350000000000001,0.0,3.29,0.634443823,21.7,0.29166666666666663,0.59375,Jacoby Brissett,2018
10,0,1,30.6,268.8,245.525,222.4,16.666666666666668,0.0,2.03,0.904149959,20.9,0.16025641025641027,0.953125,Andy Dalton,2018
11,0,0,25.1,,,,,,6.32,0.904149959,18.4,,,Jeff Driskel,2018
12,0,0,27.7,84.7,29.533333333333335,,6.7,0.0,4.01,0.904149959,20.0,0.0,0.22916666666666666,Matt Barkley,2018
13,0,1,23.1,,,,,,1.01,1.590642064,18.4,,,Baker Mayfield,2018
14,0,0,28.799999999999997,274.4,193.39999999999998,226.5,17.633333333333333,0.0,6.15,1.590642064,20.1,0.31746031746031744,0.703125,Tyrod Taylor,2018
15,1,1,36.3,305.6,265.65,270.0,18.5,0.25,1.11,1.437954871,19.5,0.023809523809523808,0.890625,Ben Roethlisberger,2018
16,0,0,23.4,,,,,,4.29,1.437954871,19.6,,,Joshua Dobbs,2018
17,0,0,28.6,136.8,71.725,65.5,14.433333333333335,0.0,1.1,0.738946277,19.9,0.15277777777777776,0.3125,Blaine Gabbert,2018
18,0,1,24.6,268.5,235.70000000000002,225.0,16.900000000000002,0.0,1.02,0.738946277,18.9,0.2111111111111111,0.875,Marcus Mariota,2018
19,0,1,26.4,332.8,263.45000000000005,256.0,18.133333333333336,0.25,1.03,0.861946731,20.7,0.14583333333333334,0.96875,Blake Bortles,2018
20,0,0,25.1,77.4,40.650000000000006,3.9,4.95,0.0,3.31,0.861946731,20.3,0.0,0.375,Cody Kessler,2018
21,0,0,34.6,68.4,45.2,,11.4,0.0,1.22,1.107937445,26.9,0.16666666666666666,0.3125,Brandon Weeden,2018
22,1,1,22.7,172.9,172.9,172.9,24.7,0.0,1.12,1.107937445,20.0,0.2857142857142857,0.4375,Deshaun Watson,2018
23,0,0,31.6,5.7,1.925,5.7,0.6666666666666666,0.0,6.3,1.107937445,21.8,0.0,0.15625,Joe Webb,2018
24,0,0,32.6,173.8,122.75000000000001,68.0,11.966666666666667,0.0,,1.015516674,,0.03333333333333333,0.640625,Brian Hoyer,2018
25,0,1,40.8,352.0,298.9,299.2,20.733333333333334,0.25,6.33,1.015516674,21.1,0.0625,0.9375,Tom Brady,2018
26,0,0,27.5,184.5,95.475,69.0,13.033333333333333,0.0,2.25,0.648341569,20.8,0.14166666666666664,0.515625,Brock Osweiler,2018
27,0,1,29.9,291.2,252.86666666666665,,16.05,0.0,1.08,0.648341569,22.1,0.06971153846153846,0.9375,Ryan Tannehill,2018
28,0,0,24.5,94.8,94.8,94.8,15.8,0.0,3.4,0.189780585,21.8,0.5,0.375,C.J. Beathard,2018
29,0,1,26.6,91.8,34.55,91.8,7.0,0.0,2.3,0.189780585,19.8,0.05555555555555555,0.328125,Jimmy Garoppolo,2018
30,0,0,23.2,,,,,,,0.189780585,20.5,,,Nick Mullens,2018
31,0,1,29.1,398.4,308.75,313.6,20.7,0.5,1.01,1.653784566,21.3,0.4444444444444444,0.953125,Cam Newton,2018
32,0,0,26.9,,,,,,6.38,1.653784566,22.1,,,Garrett Gilbert,2018
33,0,0,22.2,,,,,,,1.653784566,18.5,,,Kyle Allen,2018
34,0,0,25.2,0.6,0.6,0.6,0.6,0.0,,1.653784566,19.5,0.0,0.0625,Taylor Heinicke,2018
35,0,1,25.4,280.8,251.60000000000002,280.8,17.75,0.0,1.02,1.216297214,21.7,0.0625,0.90625,Carson Wentz,2018
36,0,0,24.7,7.6,7.6,7.6,7.6,0.0,6.12,1.216297214,19.9,0.0,0.0625,Nate Sudfeld,2018
37,0,0,29.4,129.6,74.45,35.7,9.533333333333333,0.0,3.25,1.216297214,20.6,0.030303030303030304,0.4375,Nick Foles,2018
38,0,1,30.299999999999997,243.0,108.625,243.0,12.433333333333332,0.0,,0.4714195439999999,19.6,0.05555555555555556,0.5,Case Keenum,2018
39,0,0,24.2,,,,,,7.35,0.4714195439999999,21.4,,,Chad Kelly,2018
40,0,0,32.9,162.0,48.15,-0.4,3.4666666666666672,0.0,2.26,2.27614162,20.2,0.0,0.328125,Chad Henne,2018
41,1,1,22.7,11.4,11.4,11.4,11.4,0.0,1.1,2.27614162,19.0,0.0,0.0625,Patrick Mahomes,2018
42,0,0,31.700000000000003,11.8,3.0500000000000003,-0.2,0.13333333333333333,0.0,,0.839956293,19.9,0.0,0.09375,Chase Daniel,2018
43,0,1,23.8,139.2,139.2,139.2,11.6,0.0,1.02,0.839956293,22.0,0.16666666666666666,0.75,Mitchell Trubisky,2018
44,0,1,24.8,291.2,282.4,273.6,17.65,0.0,4.37,1.298836498,20.1,0.375,1.0,Dak Prescott,2018
45,0,1,27.2,284.8,241.65,213.0,16.533333333333335,0.0,2.04,0.29658088,20.4,0.0,0.96875,Derek Carr,2018
46,0,0,32.1,2.0,2.0,,1.0,0.0,5.25,0.29658088,19.3,0.0,0.125,Josh Johnson,2018
47,0,0,24.1,15.2,15.2,15.2,3.8,0.0,5.28,0.29658088,21.3,0.0,0.25,Nathan Peterman,2018
48,1,1,39.4,347.2,313.525,270.4,19.9,0.75,2.01,2.345428517,19.6,0.10555555555555556,0.984375,Drew Brees,2018
49,0,0,25.6,208.0,131.29999999999998,-1.3,5.85,0.0,1.32,2.345428517,18.8,0.09375,0.625,Teddy Bridgewater,2018
50,0,1,37.4,300.8,256.25,201.0,15.733333333333333,0.25,1.01,1.388428417,20.7,0.022222222222222223,0.984375,Eli Manning,2018
51,0,0,23.2,,,,,,4.08,1.388428417,,,,Kyle Lauletta,2018
52,0,0,27.7,163.8,50.85,9.6,10.1,0.0,2.07,1.57443667,19.9,0.0,0.296875,Geno Smith,2018
53,0,1,36.5,292.8,284.0,280.0,17.766666666666666,0.0,1.04,1.57443667,18.7,0.0,1.0,Philip Rivers,2018
54,0,1,24.4,286.4,255.26666666666668,210.6,16.96666666666667,0.0,1.01,1.080716811,19.7,0.17147435897435895,0.9375,Jameis Winston,2018
55,0,0,35.5,300.8,179.7,76.8,14.200000000000001,0.25,7.36,1.080716811,20.8,0.041666666666666664,0.75,Ryan Fitzpatrick,2018
56,1,1,23.6,262.5,161.35,262.5,13.05,0.0,1.01,2.01116402,18.9,0.10476190476190475,0.6875,Jared Goff,2018
57,0,0,26.1,5.0,1.9666666666666668,5.0,0.6333333333333333,0.0,3.25,2.01116402,20.4,0.0,0.14583333333333334,Sean Mannion,2018
58,0,1,33.4,275.2,223.39999999999998,196.8,15.033333333333331,0.0,1.18,0.396864746,21.6,0.1625,0.90625,Joe Flacco,2018
59,0,0,21.4,,,,,,1.32,0.396864746,18.7,,,Lamar Jackson,2018
60,0,0,28.299999999999997,213.2,125.43333333333332,,15.149999999999999,0.0,1.02,0.396864746,18.6,0.2,0.5625,Robert Griffin III,2018
61,0,0,38.9,214.5,135.825,214.5,14.733333333333334,0.0,3.16,0.240152153,,0.16987179487179485,0.578125,Josh McCown,2018
62,0,1,21.0,,,,,,1.03,0.240152153,19.3,,,Sam Darnold,2018
63,0,1,21.3,,,,,,1.1,1.047630362,18.6,,,Josh Rosen,2018
64,0,0,28.5,166.4,76.9,38.8,9.833333333333334,0.0,3.11,1.047630362,21.7,0.0,0.375,Mike Glennon,2018
65,0,0,30.6,226.5,154.03333333333333,27.0,14.5,0.0,1.01,1.047630362,19.8,0.0,0.6458333333333334,Sam Bradford,2018
66,0,1,29.799999999999997,312.0,250.3,291.2,18.833333333333332,0.5,4.07,0.921687077,21.0,0.2708333333333333,0.84375,Kirk Cousins,2018
67,0,0,36.1,72.0,30.175000000000004,4.4,5.2,0.0,7.16,1.03548086,,0.0,0.265625,Matt Cassel,2018
68,0,1,30.299999999999997,302.4,282.8,280.0,18.133333333333333,0.25,1.01,1.03548086,19.6,0.0625,1.0,Matthew Stafford,2018
69,1,1,33.1,350.4,283.6,240.0,17.466666666666665,0.25,1.03,1.43276198,20.3,0.0,1.0,Matt Ryan,2018
70,0,0,37.0,30.6,9.700000000000001,,7.7,0.0,3.27,1.43276198,21.2,0.0,0.14583333333333334,Matt Schaub,2018
71,1,1,29.5,355.2,327.2,355.2,20.3,0.75,3.12,0.435971884,19.8,0.10416666666666667,1.0,Russell Wilson,2018
0,0,0,28.7,57.4,20.066666666666666,0.2,0.7000000000000001,0.0,5.24,1.128670945,21.0,0.0,0.22916666666666666,A.J. McCarron,2019
1,1,1,23.7,340.8,256.85,340.8,23.0,0.5,1.12,1.128670945,20.0,0.29910714285714285,0.71875,Deshaun Watson,2019
2,0,1,35.5,382.4,296.91999999999996,308.8,20.866666666666664,0.8,1.24,1.073120423,19.8,0.125,0.8875,Aaron Rodgers,2019
3,0,0,24.7,,,,,,,1.073120423,,,,Tim Boyle,2019
4,0,0,31.6,8.0,8.0,,,0.0,,1.01139842,,,0.0625,Alex Tanney,2019
5,0,0,22.0,,,,,,1.06,1.01139842,19.3,,,Daniel Jones,2019
6,0,1,38.4,300.8,253.95999999999998,244.8,14.566666666666668,0.2,1.01,1.01139842,20.7,0.04305555555555555,0.9875,Eli Manning,2019
7,0,1,31.6,268.8,233.6,185.9,15.866666666666667,0.0,2.03,1.179104603,20.9,0.08333333333333333,0.9,Andy Dalton,2019
8,0,0,24.4,,,,,,4.02,1.179104603,21.7,,,Ryan Finley,2019
9,0,1,24.1,250.6,250.6,250.6,17.9,0.0,1.01,3.088713376,18.4,0.0,0.875,Baker Mayfield,2019
10,0,0,27.9,1.6,1.6,1.6,1.6,0.0,6.38,3.088713376,22.1,0.0,0.0625,Garrett Gilbert,2019
11,0,1,37.3,348.8,282.28,348.8,19.433333333333334,0.4,1.11,1.365334638,19.5,0.0863095238095238,0.9125,Ben Roethlisberger,2019
12,0,0,23.1,,,,,,,1.365334638,,,,Devlin Hodges,2019
13,0,0,23.9,,,,,,3.12,1.365334638,20.1,,,Mason Rudolph,2019
14,0,0,27.4,332.8,247.68,184.6,15.933333333333332,0.2,1.03,2.865784097,20.7,0.12980769230769232,0.9375,Blake Bortles,2019
15,0,1,24.6,318.4,213.69999999999996,318.4,15.333333333333334,0.3333333333333333,1.01,2.865784097,18.9,0.1115079365079365,0.7916666666666666,Jared Goff,2019
16,0,0,26.7,,,,,,6.26,0.7816331099999999,21.0,,,Brandon Allen,2019
17,0,0,21.6,,,,,,2.1,0.7816331099999999,18.8,,,Drew Lock,2019
18,0,1,34.4,275.2,207.33999999999997,143.1,14.6,0.0,1.18,0.7816331099999999,21.6,0.0625,0.8375,Joe Flacco,2019
19,0,0,26.0,133.1,66.35,,6.0,0.0,5.11,0.7051460439999999,19.2,0.09090909090909091,0.46875,Brett Hundley,2019
20,0,1,21.8,,,,,,1.01,0.7051460439999999,21.1,,,Kyler Murray,2019
21,0,0,33.6,173.8,98.10000000000001,-0.5,6.666666666666667,0.0,,1.339374444,,0.03333333333333333,0.575,Brian Hoyer,2019
22,0,1,26.5,212.8,80.06666666666666,-0.8,7.500000000000001,0.0,3.29,1.339374444,21.7,0.19444444444444442,0.4791666666666667,Jacoby Brissett,2019
23,0,1,30.1,398.4,305.24,291.2,19.333333333333332,0.4,1.01,1.368189545,21.3,0.33134920634920634,0.9375,Cam Newton,2019
24,0,0,23.2,26.6,26.6,26.6,13.3,0.0,,1.368189545,18.5,0.5,0.125,Kyle Allen,2019
25,0,0,24.2,,,,,,3.36,1.368189545,22.4,,,Will Grier,2019
26,0,1,26.4,280.8,233.73333333333335,198.0,17.833333333333332,0.0,1.02,1.335377486,21.7,0.041666666666666664,0.8333333333333334,Carson Wentz,2019
27,0,0,39.9,214.5,113.61999999999998,24.8,11.299999999999999,0.0,3.16,1.335377486,,0.12820512820512822,0.5125,Josh McCown,2019
28,0,1,31.299999999999997,243.0,132.98,230.4,14.266666666666666,0.0,,0.470374147,19.6,0.09722222222222222,0.6,Case Keenum,2019
29,0,0,32.8,66.0,35.03333333333333,30.3,10.1,0.0,3.21,0.470374147,20.0,0.0,0.20833333333333334,Colt McCoy,2019
30,0,0,22.1,,,,,,1.15,0.470374147,21.3,,,Dwayne Haskins,2019
31,0,0,32.7,31.6,8.760000000000002,31.6,2.766666666666667,0.0,,0.98905628,19.9,0.0,0.125,Chase Daniel,2019
32,0,1,24.8,267.4,203.29999999999998,267.4,15.350000000000001,0.0,1.02,0.98905628,22.0,0.19047619047619047,0.8125,Mitchell Trubisky,2019
33,1,1,25.8,291.2,284.8,289.6,17.8,0.0,4.37,1.41006317,20.1,0.375,1.0,Dak Prescott,2019
34,0,0,23.8,,,,,,,0.74616293,20.1,,,David Blough,2019
35,0,0,26.1,84.8,84.8,84.8,10.6,0.0,6.32,0.74616293,18.4,0.25,0.5,Jeff Driskel,2019
36,0,1,31.299999999999997,302.4,270.72,222.4,16.466666666666665,0.2,1.01,0.74616293,19.6,0.041666666666666664,1.0,Matthew Stafford,2019
37,0,1,28.2,284.8,238.11999999999998,224.0,15.266666666666666,0.0,2.04,0.8980739,20.4,0.020833333333333332,0.975,Derek Carr,2019
38,0,0,29.5,166.4,63.720000000000006,11.0,7.3999999999999995,0.0,3.11,0.8980739,21.7,0.0,0.325,Mike Glennon,2019
39,0,1,40.4,347.2,312.32,307.5,19.7,0.8,2.01,1.700092415,19.6,0.1722222222222222,0.975,Drew Brees,2019
40,0,0,26.6,208.0,100.57499999999999,8.4,0.4,0.0,1.32,1.700092415,18.8,0.0,0.53125,Teddy Bridgewater,2019
41,0,0,23.0,,,,,,6.05,0.71803074,21.3,,,Gardner Minshew,2019
42,0,1,30.4,129.6,75.36,79.0,11.633333333333335,0.0,3.25,0.71803074,20.6,0.0,0.4125,Nick Foles,2019
43,1,1,25.4,286.4,243.97500000000002,210.1,17.366666666666667,0.0,1.01,1.534354181,19.7,0.07677738927738928,0.875,Jameis Winston,2019
44,0,0,29.5,,,,,,,1.534354181,22.8,,,Ryan Griffin,2019
45,0,0,22.8,,,,,,4.31,0.891325904,19.1,,,Jarrett Stidham,2019
46,0,1,41.8,352.0,297.36,291.2,19.46666666666667,0.2,6.33,0.891325904,21.1,0.041666666666666664,0.95,Tom Brady,2019
47,0,1,27.6,91.8,37.42,48.9,12.466666666666669,0.0,2.3,1.493186455,19.8,0.05555555555555555,0.3,Jimmy Garoppolo,2019
48,0,0,24.2,131.2,131.2,131.2,16.4,0.0,,1.493186455,20.5,0.0,0.5,Nick Mullens,2019
49,0,1,23.0,218.4,218.4,218.4,18.2,0.0,1.07,1.43014391,20.3,0.6666666666666666,0.75,Josh Allen,2019
50,0,0,28.7,84.7,27.425000000000004,21.1,16.6,0.0,4.01,1.43014391,20.0,0.0,0.1875,Matt Barkley,2019
51,0,0,22.3,124.6,124.6,124.6,8.9,0.0,1.1,0.4599537099999999,18.6,0.0,0.875,Josh Rosen,2019
52,0,1,36.5,300.8,178.95999999999998,176.0,15.266666666666666,0.2,7.36,0.4599537099999999,20.8,0.08333333333333333,0.7,Ryan Fitzpatrick,2019
53,0,1,30.799999999999997,312.0,257.52,286.4,18.533333333333335,0.4,4.07,1.05349462,21.0,0.1875,0.875,Kirk Cousins,2019
54,0,0,27.1,5.0,1.475,0.0,0.2333333333333333,0.0,3.25,1.05349462,20.4,0.0,0.15625,Sean Mannion,2019
55,1,1,22.4,160.0,160.0,160.0,10.0,0.0,1.32,0.5304916749999999,18.7,0.3125,1.0,Lamar Jackson,2019
56,0,0,29.299999999999997,213.2,94.27499999999999,0.8,7.15,0.0,1.02,0.5304916749999999,18.6,0.2,0.453125,Robert Griffin III,2019
57,0,0,23.8,,,,,,6.24,0.5304916749999999,21.0,,,Trace McSorley,2019
58,0,0,24.4,,,,,,6.25,0.4652714289999999,19.7,,,Luke Falk,2019
59,0,1,22.0,183.3,183.3,183.3,14.1,0.0,1.03,0.4652714289999999,19.3,0.07692307692307693,0.8125,Sam Darnold,2019
60,0,0,27.4,196.0,111.86666666666667,,13.35,0.0,,0.4652714289999999,21.7,0.045454545454545456,0.5416666666666666,Trevor Siemian,2019
61,0,1,25.6,268.5,222.625,183.4,15.333333333333334,0.0,1.02,0.986214073,18.9,0.2031746031746032,0.875,Marcus Mariota,2019
62,0,0,30.9,291.2,226.77499999999998,148.5,14.45,0.0,1.08,0.986214073,22.1,0.038461538461538464,0.875,Ryan Tannehill,2019
63,0,0,34.8,57.6,26.25,,13.0,0.0,,1.878619554,22.1,0.0,0.171875,Matt Moore,2019
64,0,1,23.7,427.2,219.29999999999998,427.2,19.05,0.5,1.1,1.878619554,19.0,0.0625,0.53125,Patrick Mahomes,2019
65,0,1,34.1,356.8,298.24,356.8,19.733333333333334,0.4,1.03,1.238661712,20.3,0.0625,1.0,Matt Ryan,2019
66,0,0,38.0,30.6,7.275,0.0,0.05,0.0,3.27,1.238661712,21.2,0.0,0.140625,Matt Schaub,2019
67,0,1,37.5,292.8,284.48,286.4,17.633333333333333,0.0,1.04,1.633533784,18.7,0.0,1.0,Philip Rivers,2019
68,0,0,29.799999999999997,274.4,163.44,43.6,14.733333333333333,0.0,6.15,1.633533784,20.1,0.3055555555555556,0.6125,Tyrod Taylor,2019
69,1,1,30.5,355.2,322.56,304.0,19.466666666666665,0.8,3.12,1.135586141,19.8,0.08333333333333333,1.0,Russell Wilson,2019
0,0,0,29.7,57.4,19.5,17.8,3.4333333333333336,0.0,5.24,1.037354097,21.0,0.16666666666666666,0.203125,A.J. McCarron,2020
1,1,1,24.7,340.8,281.23333333333335,330.0,22.666666666666668,0.6666666666666666,1.12,1.037354097,20.0,0.3549603174603175,0.7916666666666666,Deshaun Watson,2020
2,1,1,36.5,382.4,293.56666666666666,276.8,18.666666666666668,0.6666666666666666,1.24,1.47348569,19.8,0.0625,0.90625,Aaron Rodgers,2020
3,0,0,25.7,0.0,0.0,0.0,0.0,0.0,,1.47348569,,0.0,0.1875,Tim Boyle,2020
4,0,0,36.1,300.0,234.21999999999997,,17.15,0.0,1.01,0.86513313,19.3,0.08333333333333334,0.8875,Alex Smith,2020
5,0,1,23.1,81.9,81.9,81.9,9.1,0.0,1.15,0.86513313,21.3,0.0,0.5625,Dwayne Haskins,2020
6,0,0,24.2,193.7,110.14999999999999,193.7,14.100000000000001,0.0,,0.86513313,18.5,0.3269230769230769,0.46875,Kyle Allen,2020
7,0,0,27.2,17.0,8.8,,2.0,0.0,,0.86513313,19.5,0.0,0.1875,Taylor Heinicke,2020
8,0,0,32.6,268.8,230.20000000000002,213.2,15.733333333333333,0.0,2.03,1.935264905,20.9,0.10256410256410257,0.8854166666666666,Andy Dalton,2020
9,0,0,23.5,,,,,,7.17,1.935264905,,,,Ben DiNucci,2020
10,0,1,26.8,347.2,300.4,347.2,18.96666666666667,0.25,4.37,1.935264905,20.1,0.3125,1.0,Dak Prescott,2020
11,0,1,25.1,250.6,249.3,248.0,16.7,0.0,1.01,2.620136174,18.4,0.09375,0.9375,Baker Mayfield,2020
12,0,0,32.3,243.0,128.81666666666666,108.0,13.800000000000002,0.0,,2.620136174,19.6,0.09722222222222221,0.6041666666666666,Case Keenum,2020
13,0,0,28.9,1.6,0.55,-0.5,0.75,0.0,6.38,2.620136174,22.1,0.0,0.1875,Garrett Gilbert,2020
14,0,1,38.3,348.8,237.5333333333333,13.8,15.566666666666665,0.3333333333333333,1.11,1.110652307,19.5,0.0625,0.78125,Ben Roethlisberger,2020
15,0,0,25.4,2.0,2.0,,0.4,0.0,4.29,1.110652307,19.6,0.0,0.3125,Joshua Dobbs,2020
16,0,0,24.9,118.0,118.0,118.0,11.8,0.0,3.12,1.110652307,20.1,0.0,0.625,Mason Rudolph,2020
17,0,0,30.6,136.8,64.74,,8.85,0.0,1.1,2.793729022,19.9,0.0,0.35,Blaine Gabbert,2020
18,0,0,25.4,26.7,26.7,26.7,8.9,0.0,4.02,2.793729022,21.7,0.0,0.1875,Ryan Finley,2020
19,1,1,42.8,352.0,292.8666666666666,270.4,17.933333333333334,0.16666666666666666,6.33,2.793729022,21.1,0.10416666666666667,0.9583333333333334,Tom Brady,2020
20,0,0,27.7,34.5,34.5,34.5,11.5,0.0,6.26,1.633299019,21.0,0.0,0.1875,Brandon Allen,2020
21,0,1,23.5,,,,,,1.01,1.633299019,21.7,,,Joe Burrow,2020
22,0,0,23.9,,,,,,,1.42297561,19.2,,,Brett Rypien,2020
23,0,1,22.6,71.0,71.0,71.0,14.2,0.0,2.1,1.42297561,18.8,0.0,0.3125,Drew Lock,2020
24,0,0,27.1,84.8,73.0,61.2,15.5,0.0,6.32,1.42297561,18.4,0.29166666666666663,0.34375,Jeff Driskel,2020
25,0,0,23.3,,,,,,,1.42297561,,,,Kendall Hinton,2020
26,0,0,34.6,173.8,85.95,25.2,4.333333333333333,0.0,,0.374483479,,0.03333333333333333,0.5208333333333334,Brian Hoyer,2020
27,0,1,31.1,398.4,257.3,17.6,16.400000000000002,0.3333333333333333,1.01,0.374483479,21.3,0.22023809523809523,0.8020833333333334,Cam Newton,2020
28,0,0,23.8,-0.6,-0.6,-0.6,-0.2,0.0,4.31,0.374483479,19.1,0.0,0.1875,Jarrett Stidham,2020
29,0,0,26.5,94.8,88.4,,16.1,0.0,3.4,1.30226548,21.8,0.35,0.34375,C.J. Beathard,2020
30,0,1,28.6,256.0,73.85000000000001,256.0,15.866666666666667,0.0,2.3,1.30226548,19.8,0.07638888888888888,0.4166666666666667,Jimmy Garoppolo,2020
31,0,0,25.2,131.2,65.44999999999999,-0.3,8.049999999999999,0.0,,1.30226548,20.5,0.0,0.28125,Nick Mullens,2020
32,0,1,27.4,280.8,244.9,278.4,19.0,0.0,1.02,1.113165653,21.7,0.020833333333333332,0.875,Carson Wentz,2020
33,0,0,21.8,,,,,,2.21,1.113165653,18.1,,,Jalen Hurts,2020
34,0,0,26.7,7.6,6.1,,4.949999999999999,0.0,6.12,1.113165653,19.9,0.0,0.09375,Nate Sudfeld,2020
35,0,0,34.9,162.0,38.82,,0.65,0.0,2.26,1.786027793,20.2,0.0,0.275,Chad Henne,2020
36,1,1,24.7,427.2,242.79999999999998,289.8,19.599999999999998,0.3333333333333333,1.1,1.786027793,19.0,0.08928571428571429,0.6458333333333334,Patrick Mahomes,2020
37,0,0,33.7,31.6,11.950000000000001,27.9,5.666666666666667,0.0,,1.217968866,19.9,0.0,0.13541666666666666,Chase Daniel,2020
38,0,0,24.8,60.5,60.5,60.5,12.1,0.0,,1.217968866,20.1,0.0,0.3125,David Blough,2020
39,0,1,32.3,302.4,254.13333333333335,171.2,17.599999999999998,0.16666666666666666,1.01,1.217968866,19.6,0.0,0.9166666666666666,Matthew Stafford,2020
40,0,0,25.4,,,,,,,1.31400275,,,,Chris Streveler,2020
41,1,1,22.8,291.2,291.2,291.2,18.2,0.0,1.01,1.31400275,21.1,0.25,1.0,Kyler Murray,2020
42,0,0,33.8,66.0,27.575,5.2,7.65,0.0,3.21,1.054456075,20.0,0.0,0.171875,Colt McCoy,2020
43,0,1,23.0,223.6,223.6,223.6,17.2,0.0,1.06,1.054456075,19.3,0.15384615384615385,0.8125,Daniel Jones,2020
44,0,0,33.6,5.7,1.78,,1.25,0.0,6.3,1.054456075,21.8,0.0,0.15,Joe Webb,2020
45,0,1,29.2,284.8,240.56666666666663,252.8,14.666666666666666,0.0,2.04,1.338523122,20.4,0.0625,0.9791666666666666,Derek Carr,2020
46,0,0,26.6,268.5,195.45999999999998,86.8,13.5,0.0,1.02,1.338523122,18.9,0.15873015873015872,0.7875,Marcus Mariota,2020
47,0,0,26.1,20.0,17.6,,4.4,0.0,5.28,1.338523122,21.3,0.125,0.25,Nathan Peterman,2020
48,0,1,41.4,347.2,298.4,228.8,19.400000000000002,0.6666666666666666,2.01,1.621723098,19.6,0.16085858585858584,0.9270833333333334,Drew Brees,2020
49,0,0,26.4,328.0,260.78000000000003,328.0,18.599999999999998,0.2,1.01,1.621723098,19.7,0.07677738927738928,0.9,Jameis Winston,2020
50,0,0,24.7,,,,,,5.28,1.29965362,,,,Easton Stick,2020
51,1,0,22.2,,,,,,1.06,1.29965362,18.5,,,Justin Herbert,2020
52,0,1,30.799999999999997,274.4,137.2,6.0,9.166666666666666,0.0,6.15,1.29965362,20.1,0.1722222222222222,0.5520833333333334,Tyrod Taylor,2020
53,0,1,24.0,229.6,229.6,229.6,16.4,0.0,6.05,0.491827009,21.3,0.0,0.875,Gardner Minshew,2020
54,0,0,24.1,,,,,,6.1,0.491827009,23.4,,,Jake Luton,2020
55,0,0,30.5,166.4,53.800000000000004,4.2,5.766666666666667,0.0,3.11,0.491827009,21.7,0.0,0.2916666666666667,Mike Glennon,2020
56,0,0,29.7,163.8,40.36,,2.1999999999999997,0.0,2.07,1.569104334,19.9,0.0,0.2875,Geno Smith,2020
57,1,1,31.5,355.2,324.0,331.2,20.633333333333336,0.8333333333333334,3.12,1.569104334,19.8,0.125,1.0,Russell Wilson,2020
58,0,0,27.5,220.5,115.175,220.5,9.266666666666667,0.0,3.29,0.655557835,21.7,0.1722222222222222,0.59375,Jacoby Brissett,2020
59,0,1,38.5,292.8,279.2,252.8,17.066666666666666,0.0,1.04,0.655557835,18.7,0.0,1.0,Philip Rivers,2020
60,0,1,25.6,318.4,226.27499999999998,264.0,17.966666666666665,0.25,1.01,1.570746669,18.9,0.10555555555555556,0.84375,Jared Goff,2020
61,0,0,24.6,,,,,,,1.570746669,20.9,,,John Wolford,2020
62,0,0,35.4,275.2,187.44999999999996,88.0,13.066666666666668,0.0,1.18,0.73992954,21.6,0.020833333333333332,0.78125,Joe Flacco,2020
63,0,1,23.0,196.3,189.8,196.3,14.6,0.0,1.03,0.73992954,19.3,0.11538461538461539,0.8125,Sam Darnold,2020
64,1,1,24.0,291.2,254.8,291.2,18.2,0.0,1.07,1.162155129,20.3,0.6145833333333333,0.875,Josh Allen,2020
65,0,0,29.7,84.7,23.740000000000002,9.0,12.8,0.0,4.01,1.162155129,20.0,0.0,0.175,Matt Barkley,2020
66,1,1,31.799999999999997,312.0,256.09999999999997,249.0,17.566666666666666,0.3333333333333333,4.07,1.022496454,21.0,0.12638888888888888,0.8854166666666666,Kirk Cousins,2020
67,1,1,23.4,423.0,291.5,423.0,19.1,0.5,1.32,1.049973228,18.7,0.38958333333333334,0.96875,Lamar Jackson,2020
68,0,0,30.299999999999997,213.2,78.78,16.8,1.5999999999999999,0.0,1.02,1.049973228,18.6,0.0,0.4375,Robert Griffin III,2020
69,0,0,24.8,0.1,0.1,0.1,0.1,0.0,6.24,1.049973228,21.0,0.0,0.0625,Trace McSorley,2020
70,0,0,22.3,,,,,,,1.049973228,21.6,,,Tyler Huntley,2020
71,0,0,24.5,,,,,,7.31,1.659804095,20.8,,,Logan Woodside,2020
72,1,1,31.9,291.2,227.01999999999998,228.0,16.25,0.0,1.08,1.659804095,22.1,0.16666666666666666,0.85,Ryan Tannehill,2020
73,0,1,35.1,356.8,295.03333333333336,279.0,18.633333333333333,0.3333333333333333,1.03,1.652579439,20.3,0.08472222222222221,0.9895833333333334,Matt Ryan,2020
74,0,0,39.0,32.0,12.22,32.0,3.2,0.0,3.27,1.652579439,21.2,0.0,0.175,Matt Schaub,2020
75,0,1,25.8,267.4,206.0333333333333,211.5,14.933333333333335,0.0,1.02,1.44719202,22.0,0.1714285714285714,0.8541666666666666,Mitchell Trubisky,2020
76,0,0,31.4,129.6,69.06666666666668,37.6,10.1,0.0,3.25,1.44719202,20.6,0.0,0.3854166666666667,Nick Foles,2020
77,0,0,28.4,-2.0,-2.0,,-2.0,0.0,,1.44719202,18.7,0.0,0.0625,Tyler Bray,2020
78,0,0,25.3,,,,,,,1.61679884,18.5,,,P.J. Walker,2020
79,0,1,27.6,208.0,98.99999999999999,92.7,3.7000000000000006,0.0,1.32,1.61679884,18.8,0.0,0.5375,Teddy Bridgewater,2020
80,0,1,37.5,300.8,191.13333333333333,252.0,17.2,0.16666666666666666,7.36,0.364208251,20.8,0.1722222222222222,0.7395833333333334,Ryan Fitzpatrick,2020
81,0,0,22.3,,,,,,1.05,0.364208251,20.5,,,Tua Tagovailoa,2020
0,1,1,37.5,388.2592,307.0941714285714,388.2592,20.288733333333337,0.7142857142857143,1.24,1.6622981627,19.8,0.125,0.9196428571428571,Aaron Rodgers,2021
1,0,0,22.6,,,,,,1.26,1.6622981627,19.8,,,Jordan Love,2021
2,0,0,25.9,,,,,,,1.6622981627,21.1,,,Kurt Benkert,2021
3,0,1,33.6,268.8,218.01424285714285,144.8997,15.490899999999998,0.0,2.03,1.7541239175,20.9,0.10256410256410257,0.8571428571428571,Andy Dalton,2021
4,0,0,22.2,,,,,,1.11,1.7541239175,20.5,,,Justin Fields,2021
5,0,0,32.4,129.6,75.22565714285714,112.1796,12.5548,0.0,3.25,1.7541239175,20.6,0.037037037037037035,0.4107142857142857,Nick Foles,2021
6,0,1,26.1,256.6208,251.74026666666668,256.6208,16.4796,0.0,1.01,1.7228043352,18.4,0.08333333333333333,0.9583333333333334,Baker Mayfield,2021
7,0,0,33.3,243.0,110.67714285714285,1.84,8.706666666666669,0.0,,1.7228043352,19.6,0.075,0.5357142857142857,Case Keenum,2021
8,0,0,26.2,131.2,86.39333333333332,128.28,9.642666666666665,0.0,,1.7228043352,20.5,0.0,0.3958333333333333,Nick Mullens,2021
9,0,1,39.3,348.8,243.20278571428568,277.2195,15.727100000000002,0.2857142857142857,1.11,2.2592822125,19.5,0.0625,0.8035714285714286,Ben Roethlisberger,2021
10,0,0,25.9,118.0,68.68,19.36,7.836,0.0,3.12,2.2592822125,20.1,0.0,0.46875,Mason Rudolph,2021
11,0,0,31.6,136.8,56.50333333333333,15.32,4.215,0.0,1.1,2.4057073065,19.9,0.0,0.3333333333333333,Blaine Gabbert,2021
12,1,1,43.8,352.0,301.01714285714286,349.92,18.99,0.2857142857142857,6.33,2.4057073065,21.1,0.16666666666666666,0.9642857142857143,Tom Brady,2021
13,0,0,28.7,53.7,44.1,53.7,11.120000000000001,0.0,6.26,2.1947954605,21.0,0.0,0.25,Brandon Allen,2021
14,1,1,24.5,178.72,178.72,178.72,17.872,0.0,1.01,2.1947954605,21.7,0.3,0.625,Joe Burrow,2021
15,0,0,24.9,15.3,15.3,15.3,5.1,0.0,,1.2665030085,19.2,0.0,0.1875,Brett Rypien,2021
16,0,0,23.6,196.3195,133.65975,196.3195,14.650749999999999,0.0,2.1,1.2665030085,18.8,0.11538461538461539,0.5625,Drew Lock,2021
17,0,0,24.3,-0.78,-0.78,-0.78,-0.78,0.0,,1.2665030085,,0.0,0.0625,Kendall Hinton,2021
18,0,1,28.6,252.2205,124.53674999999998,252.2205,9.738233333333334,0.0,1.32,1.2665030085,18.8,0.1111111111111111,0.6041666666666666,Teddy Bridgewater,2021
19,0,0,35.6,173.8,74.10000000000001,3.0,3.0666666666666664,0.0,,0.550384163,,0.0,0.45535714285714285,Brian Hoyer,2021
20,0,1,22.7,,,,,,1.15,0.550384163,22.0,,,Mac Jones,2021
21,0,0,27.5,94.8,76.35993333333333,52.2798,12.55665,0.0,3.4,1.0102718325,21.8,0.1,0.3541666666666667,C.J. Beathard,2021
22,0,1,21.7,,,,,,1.01,1.0102718325,19.9,,,Trevor Lawrence,2021
23,0,0,32.1,398.4,259.2542142857143,270.9795,15.888433333333333,0.2857142857142857,1.01,1.3265843827,21.3,0.36190476190476195,0.8214285714285714,Cam Newton,2021
24,0,0,26.3,13.52,13.52,13.52,3.38,0.0,,1.3265843827,18.5,0.0,0.25,P.J. Walker,2021
25,0,1,24.0,196.3,174.87333333333333,145.02,13.761666666666665,0.0,1.03,1.3265843827,19.3,0.13247863247863248,0.7916666666666666,Sam Darnold,2021
26,0,1,28.4,280.8,238.59992000000003,213.3996,17.727766666666668,0.0,1.02,1.33364433,21.7,0.15972222222222224,0.85,Carson Wentz,2021
27,0,0,23.5,,,,,,4.16,1.33364433,21.8,,,Jacob Eason,2021
28,0,0,22.7,,,,,,6.33,1.33364433,19.9,,,Sam Ehlinger,2021
29,0,0,35.9,162.0,36.30335,23.7201,4.70335,0.0,2.26,2.0464431335,20.2,0.16666666666666666,0.2604166666666667,Chad Henne,2021
30,1,1,25.7,427.2,277.2,380.4,24.25333333333333,0.5,1.1,2.0464431335,19.0,0.13373015873015873,0.71875,Patrick Mahomes,2021
31,0,0,34.7,31.6,12.265714285714285,14.16,6.913333333333334,0.0,,0.991006957,19.9,0.0,0.15178571428571427,Chase Daniel,2021
32,1,1,23.2,342.84,342.84,342.84,22.856,1.0,1.06,0.991006957,18.5,0.3333333333333333,0.9375,Justin Herbert,2021
33,0,0,26.4,8.7,8.7,8.7,2.175,0.0,,1.4801270685,,0.0,0.25,Chris Streveler,2021
34,0,0,34.8,66.0,25.9,19.2,6.7,0.0,3.21,1.4801270685,20.0,0.0,0.1875,Colt McCoy,2021
35,1,1,23.8,390.7408,340.9704,390.7408,21.31065,0.5,1.01,1.4801270685,21.1,0.46875,1.0,Kyler Murray,2021
36,0,0,27.5,1.4,1.4,,,0.0,,2.507766003,20.8,,0.125,Cooper Rush,2021
37,1,1,27.8,347.2,268.24799999999993,139.64,22.575999999999997,0.2,4.37,2.507766003,20.1,0.3875,0.8625,Dak Prescott,2021
38,0,1,24.0,223.6,206.81029999999998,190.0206,15.38645,0.0,1.06,0.9265730775,19.3,0.11263736263736264,0.84375,Daniel Jones,2021
39,0,0,31.5,166.4,55.48285714285714,65.58,6.905333333333334,0.0,3.11,0.9265730775,21.7,0.0,0.29464285714285715,Mike Glennon,2021
40,0,0,25.8,60.5,31.63,2.76,7.43,0.0,,1.0059663875,20.1,0.0,0.1875,David Blough,2021
41,0,1,26.6,318.4,231.61589999999995,252.9795,17.7551,0.2,1.01,1.0059663875,18.9,0.1722222222222222,0.8625,Jared Goff,2021
42,0,0,26.7,0.0,-0.45,-0.9,-0.05625,0.0,,1.0059663875,,0.0,0.34375,Tim Boyle,2021
43,0,0,22.6,,,,,,3.03,1.1328766758,20.9,,,Davis Mills,2021
44,0,0,28.1,84.8,59.35996666666667,32.0799,13.897766666666667,0.0,6.32,1.1328766758,18.4,0.19444444444444442,0.2916666666666667,Jeff Driskel,2021
45,0,1,31.799999999999997,274.4,118.88857142857141,9.02,5.636666666666667,0.0,6.15,1.1328766758,20.1,0.08333333333333333,0.49107142857142855,Tyrod Taylor,2021
46,0,0,26.4,,,,,,3.23,1.445879699,18.6,,,Davis Webb,2021
47,0,0,22.8,,,,,,5.22,1.445879699,19.1,,,Jake Fromm,2021
48,1,1,25.0,406.0608,305.22026666666665,406.0608,20.59293333333333,0.3333333333333333,1.07,1.445879699,20.3,0.5763888888888888,0.9166666666666666,Josh Allen,2021
49,0,0,26.8,267.4,194.95,161.7,16.456666666666667,0.0,1.02,1.445879699,22.0,0.1492063492063492,0.796875,Mitchell Trubisky,2021
50,0,1,30.2,284.8,246.35999999999999,281.12,15.790000000000001,0.0,2.04,1.6504355478,20.4,0.125,0.9821428571428571,Derek Carr,2021
51,0,0,27.6,268.5,167.35666666666665,26.84,17.44666666666667,0.0,1.02,1.6504355478,18.9,0.38095238095238093,0.6666666666666666,Marcus Mariota,2021
52,0,0,27.1,20.0,12.366666666666667,1.9,3.45,0.0,5.28,1.6504355478,21.3,0.125,0.1875,Nathan Peterman,2021
53,0,0,23.4,,,,,,,1.5111887315,20.7,,,Feleipe Franks,2021
54,0,0,24.3,124.6,73.8,,6.75,0.0,1.1,1.5111887315,18.6,0.0,0.59375,Josh Rosen,2021
55,0,1,36.1,356.8,294.80571428571426,293.44,19.74666666666667,0.2857142857142857,1.03,1.5111887315,20.3,0.12638888888888888,0.9910714285714286,Matt Ryan,2021
56,0,0,25.0,229.6,197.63015000000001,165.6603,17.40335,0.0,6.05,0.651670957,21.3,0.05555555555555555,0.71875,Gardner Minshew,2021
57,1,1,22.8,113.4405,113.4405,113.4405,7.5627,0.0,2.21,0.651670957,18.1,0.2,0.9375,Jalen Hurts,2021
58,0,0,36.4,275.2,168.9228571428571,57.76,12.817333333333332,0.0,1.18,0.651670957,21.6,0.0,0.7142857142857143,Joe Flacco,2021
59,0,0,29.9,15.52,5.54,15.52,5.673333333333333,0.0,6.38,1.9714755535,22.1,0.0,0.14583333333333334,Garrett Gilbert,2021
60,0,0,25.2,193.7,88.76666666666665,46.0,13.233333333333334,0.0,,1.9714755535,18.5,0.30128205128205127,0.3958333333333333,Kyle Allen,2021
61,0,1,38.5,300.8,186.93427142857144,161.7399,18.9237,0.14285714285714285,7.36,1.9714755535,20.8,0.24629629629629626,0.7142857142857143,Ryan Fitzpatrick,2021
62,0,0,28.2,17.0,9.76,11.68,7.54,0.0,,1.9714755535,19.5,0.0,0.14583333333333334,Taylor Heinicke,2021
63,0,0,30.7,163.8,33.82,1.12,0.36000000000000004,0.0,2.07,2.078225889,19.9,0.0,0.25,Geno Smith,2021
64,0,1,32.5,372.7808,330.9686857142857,372.7808,20.9996,0.8571428571428571,3.12,2.078225889,19.8,0.10416666666666667,1.0,Russell Wilson,2021
65,0,0,23.2,,,,,,4.28,1.0598813549,20.4,,,Ian Book,2021
66,0,1,27.4,328.0,217.7166666666667,2.4,13.4,0.16666666666666666,1.01,1.0598813549,19.7,0.05113636363636364,0.7916666666666666,Jameis Winston,2021
67,0,0,29.4,196.0,83.92500000000001,,0.1,0.0,,1.0598813549,21.7,0.0,0.421875,Trevor Siemian,2021
68,0,0,28.5,220.5,96.25598,20.5799,5.456966666666666,0.0,3.29,0.9092896725,21.7,0.17979797979797976,0.6125,Jacoby Brissett,2021
69,0,1,23.3,140.46,140.46,140.46,14.046,0.0,1.05,0.9092896725,20.5,0.3,0.625,Tua Tagovailoa,2021
70,0,1,29.6,256.0,73.20574285714285,69.3402,14.618899999999998,0.0,2.3,0.7294022965,19.8,0.020833333333333332,0.4107142857142857,Jimmy Garoppolo,2021
71,0,0,35.1,49.6,25.8,,12.4,0.0,5.25,0.7294022965,19.3,0.25,0.1875,Josh Johnson,2021
72,0,0,21.1,,,,,,1.03,0.7294022965,,,,Trey Lance,2021
73,0,0,25.6,13.84,13.84,13.84,13.84,0.0,,1.7690925175,20.9,0.0,0.0625,John Wolford,2021
74,1,1,33.3,302.4,256.48,270.56,17.403333333333332,0.14285714285714285,1.01,1.7690925175,19.6,0.0,0.9285714285714286,Matthew Stafford,2021
75,0,0,21.9,,,,,,3.02,1.9178094606,19.2,,,Kellen Mond,2021
76,1,1,32.8,319.2,265.1142857142857,319.2,18.150000000000002,0.42857142857142855,4.07,1.9178094606,21.0,0.06388888888888888,0.9017857142857143,Kirk Cousins,2021
77,0,0,29.1,5.0,1.3,,0.1,0.0,3.25,1.9178094606,20.4,0.0,0.1625,Sean Mannion,2021
78,0,0,28.6,38.8,28.7,,,0.0,5.25,1.524541851,20.9,,0.21875,Kevin Hogan,2021
79,0,0,25.5,1.2798,1.2798,1.2798,0.2133,0.0,7.31,1.524541851,20.8,0.0,0.375,Logan Woodside,2021
80,0,1,32.9,351.36,247.74333333333334,351.36,18.153333333333332,0.16666666666666666,1.08,1.524541851,22.1,0.2569444444444444,0.875,Ryan Tannehill,2021
81,0,1,24.4,423.0,308.25983333333335,341.7795,20.328433333333333,0.6666666666666666,1.32,1.224197696,18.7,0.4152777777777778,0.9583333333333334,Lamar Jackson,2021
82,0,0,23.3,2.9,2.9,2.9,1.45,0.0,,1.224197696,21.6,0.0,0.125,Tyler Huntley,2021
83,0,0,26.2,,,,,,5.34,0.9897441269,21.5,,,Mike White,2021
84,0,1,21.8,,,,,,1.02,0.9897441269,19.1,,,Zach Wilson,2021
